as_of_date,index_code,symbol,name,market,area_code
2021-01-29,000300,000001,平安银行,a,cn
2021-01-29,000300,000002,万科A,a,cn
2021-01-29,000300,000063,中兴通讯,a,cn
2021-01-29,000300,000066,中国长城,a,cn
2021-01-29,000300,000069,华侨城A,a,cn
2021-01-29,000300,000100,TCL科技,a,cn
2021-01-29,000300,000157,中联重科,a,cn
2021-01-29,000300,000166,申万宏源,a,cn
2021-01-29,000300,000333,美的集团,a,cn
2021-01-29,000300,000338,潍柴动力,a,cn
2021-01-29,000300,000425,徐工机械,a,cn
2021-01-29,000300,000538,云南白药,a,cn
2021-01-29,000300,000568,泸州老窖,a,cn
2021-01-29,000300,000596,古井贡酒,a,cn
2021-01-29,000300,000625,长安汽车,a,cn
2021-01-29,000300,000627,*ST天茂,a,cn
2021-01-29,000300,000651,格力电器,a,cn
2021-01-29,000300,000656,金科股份,a,cn
2021-01-29,000300,000661,长春高新,a,cn
2021-01-29,000300,000671,ST阳光城,a,cn
2021-01-29,000300,000703,恒逸石化,a,cn
2021-01-29,000300,000708,中信特钢,a,cn
2021-01-29,000300,000723,美锦能源,a,cn
2021-01-29,000300,000725,京东方A,a,cn
2021-01-29,000300,000728,国元证券,a,cn
2021-01-29,000300,000768,中航西飞,a,cn
2021-01-29,000300,000776,广发证券,a,cn
2021-01-29,000300,000783,长江证券,a,cn
2021-01-29,000300,000786,北新建材,a,cn
2021-01-29,000300,000858,五粮液,a,cn
2021-01-29,000300,000860,顺鑫农业,a,cn
2021-01-29,000300,000876,新希望,a,cn
2021-01-29,000300,000895,双汇发展,a,cn
2021-01-29,000300,000938,紫光股份,a,cn
2021-01-29,000300,000961,ST中南,a,cn
2021-01-29,000300,000963,华东医药,a,cn
2021-01-29,000300,000977,浪潮信息,a,cn
2021-01-29,000300,001979,招商蛇口,a,cn
2021-01-29,000300,002001,新和成,a,cn
2021-01-29,000300,002007,华兰生物,a,cn
2021-01-29,000300,002008,大族激光,a,cn
2021-01-29,000300,002024,ST易购,a,cn
2021-01-29,000300,002027,分众传媒,a,cn
2021-01-29,000300,002032,苏泊尔,a,cn
2021-01-29,000300,002044,美年健康,a,cn
2021-01-29,000300,002049,紫光国微,a,cn
2021-01-29,000300,002050,三花智控,a,cn
2021-01-29,000300,002120,韵达股份,a,cn
2021-01-29,000300,002129,TCL中环,a,cn
2021-01-29,000300,002142,宁波银行,a,cn
2021-01-29,000300,002146,荣盛发展,a,cn
2021-01-29,000300,002153,石基信息,a,cn
2021-01-29,000300,002157,正邦科技,a,cn
2021-01-29,000300,002179,中航光电,a,cn
2021-01-29,000300,002202,金风科技,a,cn
2021-01-29,000300,002230,科大讯飞,a,cn
2021-01-29,000300,002236,大华股份,a,cn
2021-01-29,000300,002241,歌尔股份,a,cn
2021-01-29,000300,002252,上海莱士,a,cn
2021-01-29,000300,002271,东方雨虹,a,cn
2021-01-29,000300,002304,洋河股份,a,cn
2021-01-29,000300,002311,海大集团,a,cn
2021-01-29,000300,002352,顺丰控股,a,cn
2021-01-29,000300,002371,北方华创,a,cn
2021-01-29,000300,002384,东山精密,a,cn
2021-01-29,000300,002410,广联达,a,cn
2021-01-29,000300,002414,高德红外,a,cn
2021-01-29,000300,002415,海康威视,a,cn
2021-01-29,000300,002422,科伦药业,a,cn
2021-01-29,000300,002456,欧菲光,a,cn
2021-01-29,000300,002460,赣锋锂业,a,cn
2021-01-29,000300,002463,沪电股份,a,cn
2021-01-29,000300,002475,立讯精密,a,cn
2021-01-29,000300,002493,荣盛石化,a,cn
2021-01-29,000300,002508,老板电器,a,cn
2021-01-29,000300,002555,三七互娱,a,cn
2021-01-29,000300,002558,巨人网络,a,cn
2021-01-29,000300,002594,比亚迪,a,cn
2021-01-29,000300,002600,领益智造,a,cn
2021-01-29,000300,002601,龙佰集团,a,cn
2021-01-29,000300,002602,世纪华通,a,cn
2021-01-29,000300,002607,中公教育,a,cn
2021-01-29,000300,002624,完美世界,a,cn
2021-01-29,000300,002673,西部证券,a,cn
2021-01-29,000300,002714,牧原股份,a,cn
2021-01-29,000300,002736,国信证券,a,cn
2021-01-29,000300,002739,儒意电影,a,cn
2021-01-29,000300,002773,康弘药业,a,cn
2021-01-29,000300,002812,恩捷股份,a,cn
2021-01-29,000300,002821,凯莱英,a,cn
2021-01-29,000300,002841,视源股份,a,cn
2021-01-29,000300,002916,深南电路,a,cn
2021-01-29,000300,002938,鹏鼎控股,a,cn
2021-01-29,000300,002939,长城证券,a,cn
2021-01-29,000300,002945,华林证券,a,cn
2021-01-29,000300,002958,青农商行,a,cn
2021-01-29,000300,003816,中国广核,a,cn
2021-01-29,000300,300003,乐普医疗,a,cn
2021-01-29,000300,300014,亿纬锂能,a,cn
2021-01-29,000300,300015,爱尔眼科,a,cn
2021-01-29,000300,300033,同花顺,a,cn
2021-01-29,000300,300059,东方财富,a,cn
2021-01-29,000300,300122,智飞生物,a,cn
2021-01-29,000300,300124,汇川技术,a,cn
2021-01-29,000300,300136,信维通信,a,cn
2021-01-29,000300,300142,沃森生物,a,cn
2021-01-29,000300,300144,宋城演艺,a,cn
2021-01-29,000300,300347,泰格医药,a,cn
2021-01-29,000300,300408,三环集团,a,cn
2021-01-29,000300,300413,芒果超媒,a,cn
2021-01-29,000300,300433,蓝思科技,a,cn
2021-01-29,000300,300498,温氏股份,a,cn
2021-01-29,000300,300529,健帆生物,a,cn
2021-01-29,000300,300601,康泰生物,a,cn
2021-01-29,000300,300628,亿联网络,a,cn
2021-01-29,000300,300676,华大基因,a,cn
2021-01-29,000300,600000,浦发银行,a,cn
2021-01-29,000300,600004,白云机场,a,cn
2021-01-29,000300,600009,上海机场,a,cn
2021-01-29,000300,600010,包钢股份,a,cn
2021-01-29,000300,600011,华能国际,a,cn
2021-01-29,000300,600015,华夏银行,a,cn
2021-01-29,000300,600016,民生银行,a,cn
2021-01-29,000300,600018,上港集团,a,cn
2021-01-29,000300,600019,宝钢股份,a,cn
2021-01-29,000300,600025,华能水电,a,cn
2021-01-29,000300,600027,华电国际,a,cn
2021-01-29,000300,600028,中国石化,a,cn
2021-01-29,000300,600029,南方航空,a,cn
2021-01-29,000300,600030,中信证券,a,cn
2021-01-29,000300,600031,三一重工,a,cn
2021-01-29,000300,600036,招商银行,a,cn
2021-01-29,000300,600048,保利发展,a,cn
2021-01-29,000300,600050,中国联通,a,cn
2021-01-29,000300,600061,国投资本,a,cn
2021-01-29,000300,600066,宇通客车,a,cn
2021-01-29,000300,600068,葛洲坝,a,cn
2021-01-29,000300,600085,同仁堂,a,cn
2021-01-29,000300,600104,上汽集团,a,cn
2021-01-29,000300,600109,国金证券,a,cn
2021-01-29,000300,600111,北方稀土,a,cn
2021-01-29,000300,600115,中国东航,a,cn
2021-01-29,000300,600118,中国卫星,a,cn
2021-01-29,000300,600150,中国船舶,a,cn
2021-01-29,000300,600161,天坛生物,a,cn
2021-01-29,000300,600176,中国巨石,a,cn
2021-01-29,000300,600177,雅戈尔,a,cn
2021-01-29,000300,600183,生益科技,a,cn
2021-01-29,000300,600196,复星医药,a,cn
2021-01-29,000300,600208,衢州发展,a,cn
2021-01-29,000300,600233,圆通速递,a,cn
2021-01-29,000300,600271,航天信息,a,cn
2021-01-29,000300,600276,恒瑞医药,a,cn
2021-01-29,000300,600297,广汇汽车,a,cn
2021-01-29,000300,600299,安迪苏,a,cn
2021-01-29,000300,600309,万华化学,a,cn
2021-01-29,000300,600332,白云山,a,cn
2021-01-29,000300,600340,*ST华幸,a,cn
2021-01-29,000300,600346,恒力石化,a,cn
2021-01-29,000300,600352,浙江龙盛,a,cn
2021-01-29,000300,600362,江西铜业,a,cn
2021-01-29,000300,600369,西南证券,a,cn
2021-01-29,000300,600383,金地集团,a,cn
2021-01-29,000300,600390,五矿资本,a,cn
2021-01-29,000300,600406,国电南瑞,a,cn
2021-01-29,000300,600436,片仔癀,a,cn
2021-01-29,000300,600438,通威股份,a,cn
2021-01-29,000300,600482,中国动力,a,cn
2021-01-29,000300,600487,亨通光电,a,cn
2021-01-29,000300,600489,中金黄金,a,cn
2021-01-29,000300,600498,烽火通信,a,cn
2021-01-29,000300,600519,贵州茅台,a,cn
2021-01-29,000300,600522,中天科技,a,cn
2021-01-29,000300,600547,山东黄金,a,cn
2021-01-29,000300,600570,恒生电子,a,cn
2021-01-29,000300,600584,长电科技,a,cn
2021-01-29,000300,600585,海螺水泥,a,cn
2021-01-29,000300,600588,用友网络,a,cn
2021-01-29,000300,600600,青岛啤酒,a,cn
2021-01-29,000300,600606,绿地控股,a,cn
2021-01-29,000300,600637,东方明珠,a,cn
2021-01-29,000300,600655,豫园股份,a,cn
2021-01-29,000300,600660,福耀玻璃,a,cn
2021-01-29,000300,600690,海尔智家,a,cn
2021-01-29,000300,600703,三安光电,a,cn
2021-01-29,000300,600705,中航产融,a,cn
2021-01-29,000300,600741,华域汽车,a,cn
2021-01-29,000300,600745,*ST闻泰,a,cn
2021-01-29,000300,600760,中航沈飞,a,cn
2021-01-29,000300,600763,通策医疗,a,cn
2021-01-29,000300,600795,国电电力,a,cn
2021-01-29,000300,600809,山西汾酒,a,cn
2021-01-29,000300,600837,海通证券,a,cn
2021-01-29,000300,600845,宝信软件,a,cn
2021-01-29,000300,600848,上海临港,a,cn
2021-01-29,000300,600872,中炬高新,a,cn
2021-01-29,000300,600886,国投电力,a,cn
2021-01-29,000300,600887,伊利股份,a,cn
2021-01-29,000300,600893,航发动力,a,cn
2021-01-29,000300,600900,长江电力,a,cn
2021-01-29,000300,600918,中泰证券,a,cn
2021-01-29,000300,600919,江苏银行,a,cn
2021-01-29,000300,600926,杭州银行,a,cn
2021-01-29,000300,600958,东方证券,a,cn
2021-01-29,000300,600989,宝丰能源,a,cn
2021-01-29,000300,600998,九州通,a,cn
2021-01-29,000300,600999,招商证券,a,cn
2021-01-29,000300,601006,大秦铁路,a,cn
2021-01-29,000300,601009,南京银行,a,cn
2021-01-29,000300,601012,隆基绿能,a,cn
2021-01-29,000300,601021,春秋航空,a,cn
2021-01-29,000300,601066,中信建投,a,cn
2021-01-29,000300,601077,渝农商行,a,cn
2021-01-29,000300,601088,中国神华,a,cn
2021-01-29,000300,601100,恒立液压,a,cn
2021-01-29,000300,601108,财通证券,a,cn
2021-01-29,000300,601111,中国国航,a,cn
2021-01-29,000300,601117,中国化学,a,cn
2021-01-29,000300,601138,工业富联,a,cn
2021-01-29,000300,601155,新城控股,a,cn
2021-01-29,000300,601162,天风证券,a,cn
2021-01-29,000300,601166,兴业银行,a,cn
2021-01-29,000300,601169,北京银行,a,cn
2021-01-29,000300,601186,中国铁建,a,cn
2021-01-29,000300,601198,东兴证券,a,cn
2021-01-29,000300,601211,国泰海通,a,cn
2021-01-29,000300,601216,君正集团,a,cn
2021-01-29,000300,601225,陕西煤业,a,cn
2021-01-29,000300,601229,上海银行,a,cn
2021-01-29,000300,601231,环旭电子,a,cn
2021-01-29,000300,601236,红塔证券,a,cn
2021-01-29,000300,601238,广汽集团,a,cn
2021-01-29,000300,601288,农业银行,a,cn
2021-01-29,000300,601318,中国平安,a,cn
2021-01-29,000300,601319,中国人保,a,cn
2021-01-29,000300,601328,交通银行,a,cn
2021-01-29,000300,601336,新华保险,a,cn
2021-01-29,000300,601360,三六零,a,cn
2021-01-29,000300,601377,兴业证券,a,cn
2021-01-29,000300,601390,中国中铁,a,cn
2021-01-29,000300,601398,工商银行,a,cn
2021-01-29,000300,601555,东吴证券,a,cn
2021-01-29,000300,601577,长沙银行,a,cn
2021-01-29,000300,601600,中国铝业,a,cn
2021-01-29,000300,601601,中国太保,a,cn
2021-01-29,000300,601607,上海医药,a,cn
2021-01-29,000300,601618,中国中冶,a,cn
2021-01-29,000300,601628,中国人寿,a,cn
2021-01-29,000300,601633,长城汽车,a,cn
2021-01-29,000300,601658,邮储银行,a,cn
2021-01-29,000300,601668,中国建筑,a,cn
2021-01-29,000300,601669,中国电建,a,cn
2021-01-29,000300,601688,华泰证券,a,cn
2021-01-29,000300,601696,中银证券,a,cn
2021-01-29,000300,601698,中国卫通,a,cn
2021-01-29,000300,601727,上海电气,a,cn
2021-01-29,000300,601766,中国中车,a,cn
2021-01-29,000300,601788,光大证券,a,cn
2021-01-29,000300,601800,中国交建,a,cn
2021-01-29,000300,601808,中海油服,a,cn
2021-01-29,000300,601816,京沪高铁,a,cn
2021-01-29,000300,601818,光大银行,a,cn
2021-01-29,000300,601838,成都银行,a,cn
2021-01-29,000300,601857,中国石油,a,cn
2021-01-29,000300,601872,招商轮船,a,cn
2021-01-29,000300,601877,正泰电器,a,cn
2021-01-29,000300,601878,浙商证券,a,cn
2021-01-29,000300,601881,中国银河,a,cn
2021-01-29,000300,601888,中国中免,a,cn
2021-01-29,000300,601899,紫金矿业,a,cn
2021-01-29,000300,601901,方正证券,a,cn
2021-01-29,000300,601916,浙商银行,a,cn
2021-01-29,000300,601919,中远海控,a,cn
2021-01-29,000300,601933,永辉超市,a,cn
2021-01-29,000300,601939,建设银行,a,cn
2021-01-29,000300,601985,中国核电,a,cn
2021-01-29,000300,601988,中国银行,a,cn
2021-01-29,000300,601989,中国重工,a,cn
2021-01-29,000300,601990,南京证券,a,cn
2021-01-29,000300,601998,中信银行,a,cn
2021-01-29,000300,603019,中科曙光,a,cn
2021-01-29,000300,603087,甘李药业,a,cn
2021-01-29,000300,603156,养元饮品,a,cn
2021-01-29,000300,603160,汇顶科技,a,cn
2021-01-29,000300,603195,公牛集团,a,cn
2021-01-29,000300,603259,药明康德,a,cn
2021-01-29,000300,603288,海天味业,a,cn
2021-01-29,000300,603369,今世缘,a,cn
2021-01-29,000300,603392,万泰生物,a,cn
2021-01-29,000300,603501,豪威集团,a,cn
2021-01-29,000300,603658,安图生物,a,cn
2021-01-29,000300,603799,华友钴业,a,cn
2021-01-29,000300,603833,欧派家居,a,cn
2021-01-29,000300,603899,晨光股份,a,cn
2021-01-29,000300,603986,兆易创新,a,cn
2021-01-29,000300,603993,洛阳钼业,a,cn
2021-01-29,000300,688008,澜起科技,a,cn
2021-01-29,000300,688009,中国通号,a,cn
2021-01-29,000300,688012,中微公司,a,cn
2021-01-29,000300,688036,传音控股,a,cn
2021-02-26,000300,000001,平安银行,a,cn
2021-02-26,000300,000002,万科A,a,cn
2021-02-26,000300,000063,中兴通讯,a,cn
2021-02-26,000300,000066,中国长城,a,cn
2021-02-26,000300,000069,华侨城A,a,cn
2021-02-26,000300,000100,TCL科技,a,cn
2021-02-26,000300,000157,中联重科,a,cn
2021-02-26,000300,000166,申万宏源,a,cn
2021-02-26,000300,000333,美的集团,a,cn
2021-02-26,000300,000338,潍柴动力,a,cn
2021-02-26,000300,000425,徐工机械,a,cn
2021-02-26,000300,000538,云南白药,a,cn
2021-02-26,000300,000568,泸州老窖,a,cn
2021-02-26,000300,000596,古井贡酒,a,cn
2021-02-26,000300,000625,长安汽车,a,cn
2021-02-26,000300,000627,*ST天茂,a,cn
2021-02-26,000300,000651,格力电器,a,cn
2021-02-26,000300,000656,金科股份,a,cn
2021-02-26,000300,000661,长春高新,a,cn
2021-02-26,000300,000671,ST阳光城,a,cn
2021-02-26,000300,000703,恒逸石化,a,cn
2021-02-26,000300,000708,中信特钢,a,cn
2021-02-26,000300,000723,美锦能源,a,cn
2021-02-26,000300,000725,京东方A,a,cn
2021-02-26,000300,000728,国元证券,a,cn
2021-02-26,000300,000768,中航西飞,a,cn
2021-02-26,000300,000776,广发证券,a,cn
2021-02-26,000300,000783,长江证券,a,cn
2021-02-26,000300,000786,北新建材,a,cn
2021-02-26,000300,000858,五粮液,a,cn
2021-02-26,000300,000860,顺鑫农业,a,cn
2021-02-26,000300,000876,新希望,a,cn
2021-02-26,000300,000895,双汇发展,a,cn
2021-02-26,000300,000938,紫光股份,a,cn
2021-02-26,000300,000961,ST中南,a,cn
2021-02-26,000300,000963,华东医药,a,cn
2021-02-26,000300,000977,浪潮信息,a,cn
2021-02-26,000300,001979,招商蛇口,a,cn
2021-02-26,000300,002001,新和成,a,cn
2021-02-26,000300,002007,华兰生物,a,cn
2021-02-26,000300,002008,大族激光,a,cn
2021-02-26,000300,002024,ST易购,a,cn
2021-02-26,000300,002027,分众传媒,a,cn
2021-02-26,000300,002032,苏泊尔,a,cn
2021-02-26,000300,002044,美年健康,a,cn
2021-02-26,000300,002049,紫光国微,a,cn
2021-02-26,000300,002050,三花智控,a,cn
2021-02-26,000300,002120,韵达股份,a,cn
2021-02-26,000300,002129,TCL中环,a,cn
2021-02-26,000300,002142,宁波银行,a,cn
2021-02-26,000300,002146,荣盛发展,a,cn
2021-02-26,000300,002153,石基信息,a,cn
2021-02-26,000300,002157,正邦科技,a,cn
2021-02-26,000300,002179,中航光电,a,cn
2021-02-26,000300,002202,金风科技,a,cn
2021-02-26,000300,002230,科大讯飞,a,cn
2021-02-26,000300,002236,大华股份,a,cn
2021-02-26,000300,002241,歌尔股份,a,cn
2021-02-26,000300,002252,上海莱士,a,cn
2021-02-26,000300,002271,东方雨虹,a,cn
2021-02-26,000300,002304,洋河股份,a,cn
2021-02-26,000300,002311,海大集团,a,cn
2021-02-26,000300,002352,顺丰控股,a,cn
2021-02-26,000300,002371,北方华创,a,cn
2021-02-26,000300,002384,东山精密,a,cn
2021-02-26,000300,002410,广联达,a,cn
2021-02-26,000300,002414,高德红外,a,cn
2021-02-26,000300,002415,海康威视,a,cn
2021-02-26,000300,002422,科伦药业,a,cn
2021-02-26,000300,002456,欧菲光,a,cn
2021-02-26,000300,002460,赣锋锂业,a,cn
2021-02-26,000300,002463,沪电股份,a,cn
2021-02-26,000300,002475,立讯精密,a,cn
2021-02-26,000300,002493,荣盛石化,a,cn
2021-02-26,000300,002508,老板电器,a,cn
2021-02-26,000300,002555,三七互娱,a,cn
2021-02-26,000300,002558,巨人网络,a,cn
2021-02-26,000300,002594,比亚迪,a,cn
2021-02-26,000300,002600,领益智造,a,cn
2021-02-26,000300,002601,龙佰集团,a,cn
2021-02-26,000300,002602,世纪华通,a,cn
2021-02-26,000300,002607,中公教育,a,cn
2021-02-26,000300,002624,完美世界,a,cn
2021-02-26,000300,002673,西部证券,a,cn
2021-02-26,000300,002714,牧原股份,a,cn
2021-02-26,000300,002736,国信证券,a,cn
2021-02-26,000300,002739,儒意电影,a,cn
2021-02-26,000300,002773,康弘药业,a,cn
2021-02-26,000300,002812,恩捷股份,a,cn
2021-02-26,000300,002821,凯莱英,a,cn
2021-02-26,000300,002841,视源股份,a,cn
2021-02-26,000300,002916,深南电路,a,cn
2021-02-26,000300,002938,鹏鼎控股,a,cn
2021-02-26,000300,002939,长城证券,a,cn
2021-02-26,000300,002945,华林证券,a,cn
2021-02-26,000300,002958,青农商行,a,cn
2021-02-26,000300,003816,中国广核,a,cn
2021-02-26,000300,300003,乐普医疗,a,cn
2021-02-26,000300,300014,亿纬锂能,a,cn
2021-02-26,000300,300015,爱尔眼科,a,cn
2021-02-26,000300,300033,同花顺,a,cn
2021-02-26,000300,300059,东方财富,a,cn
2021-02-26,000300,300122,智飞生物,a,cn
2021-02-26,000300,300124,汇川技术,a,cn
2021-02-26,000300,300136,信维通信,a,cn
2021-02-26,000300,300142,沃森生物,a,cn
2021-02-26,000300,300144,宋城演艺,a,cn
2021-02-26,000300,300347,泰格医药,a,cn
2021-02-26,000300,300408,三环集团,a,cn
2021-02-26,000300,300413,芒果超媒,a,cn
2021-02-26,000300,300433,蓝思科技,a,cn
2021-02-26,000300,300498,温氏股份,a,cn
2021-02-26,000300,300529,健帆生物,a,cn
2021-02-26,000300,300601,康泰生物,a,cn
2021-02-26,000300,300628,亿联网络,a,cn
2021-02-26,000300,300676,华大基因,a,cn
2021-02-26,000300,600000,浦发银行,a,cn
2021-02-26,000300,600004,白云机场,a,cn
2021-02-26,000300,600009,上海机场,a,cn
2021-02-26,000300,600010,包钢股份,a,cn
2021-02-26,000300,600011,华能国际,a,cn
2021-02-26,000300,600015,华夏银行,a,cn
2021-02-26,000300,600016,民生银行,a,cn
2021-02-26,000300,600018,上港集团,a,cn
2021-02-26,000300,600019,宝钢股份,a,cn
2021-02-26,000300,600025,华能水电,a,cn
2021-02-26,000300,600027,华电国际,a,cn
2021-02-26,000300,600028,中国石化,a,cn
2021-02-26,000300,600029,南方航空,a,cn
2021-02-26,000300,600030,中信证券,a,cn
2021-02-26,000300,600031,三一重工,a,cn
2021-02-26,000300,600036,招商银行,a,cn
2021-02-26,000300,600048,保利发展,a,cn
2021-02-26,000300,600050,中国联通,a,cn
2021-02-26,000300,600061,国投资本,a,cn
2021-02-26,000300,600066,宇通客车,a,cn
2021-02-26,000300,600068,葛洲坝,a,cn
2021-02-26,000300,600085,同仁堂,a,cn
2021-02-26,000300,600104,上汽集团,a,cn
2021-02-26,000300,600109,国金证券,a,cn
2021-02-26,000300,600111,北方稀土,a,cn
2021-02-26,000300,600115,中国东航,a,cn
2021-02-26,000300,600118,中国卫星,a,cn
2021-02-26,000300,600150,中国船舶,a,cn
2021-02-26,000300,600161,天坛生物,a,cn
2021-02-26,000300,600176,中国巨石,a,cn
2021-02-26,000300,600177,雅戈尔,a,cn
2021-02-26,000300,600183,生益科技,a,cn
2021-02-26,000300,600196,复星医药,a,cn
2021-02-26,000300,600208,衢州发展,a,cn
2021-02-26,000300,600233,圆通速递,a,cn
2021-02-26,000300,600271,航天信息,a,cn
2021-02-26,000300,600276,恒瑞医药,a,cn
2021-02-26,000300,600297,广汇汽车,a,cn
2021-02-26,000300,600299,安迪苏,a,cn
2021-02-26,000300,600309,万华化学,a,cn
2021-02-26,000300,600332,白云山,a,cn
2021-02-26,000300,600340,*ST华幸,a,cn
2021-02-26,000300,600346,恒力石化,a,cn
2021-02-26,000300,600352,浙江龙盛,a,cn
2021-02-26,000300,600362,江西铜业,a,cn
2021-02-26,000300,600369,西南证券,a,cn
2021-02-26,000300,600383,金地集团,a,cn
2021-02-26,000300,600390,五矿资本,a,cn
2021-02-26,000300,600406,国电南瑞,a,cn
2021-02-26,000300,600436,片仔癀,a,cn
2021-02-26,000300,600438,通威股份,a,cn
2021-02-26,000300,600482,中国动力,a,cn
2021-02-26,000300,600487,亨通光电,a,cn
2021-02-26,000300,600489,中金黄金,a,cn
2021-02-26,000300,600498,烽火通信,a,cn
2021-02-26,000300,600519,贵州茅台,a,cn
2021-02-26,000300,600522,中天科技,a,cn
2021-02-26,000300,600547,山东黄金,a,cn
2021-02-26,000300,600570,恒生电子,a,cn
2021-02-26,000300,600584,长电科技,a,cn
2021-02-26,000300,600585,海螺水泥,a,cn
2021-02-26,000300,600588,用友网络,a,cn
2021-02-26,000300,600600,青岛啤酒,a,cn
2021-02-26,000300,600606,绿地控股,a,cn
2021-02-26,000300,600637,东方明珠,a,cn
2021-02-26,000300,600655,豫园股份,a,cn
2021-02-26,000300,600660,福耀玻璃,a,cn
2021-02-26,000300,600690,海尔智家,a,cn
2021-02-26,000300,600703,三安光电,a,cn
2021-02-26,000300,600705,中航产融,a,cn
2021-02-26,000300,600741,华域汽车,a,cn
2021-02-26,000300,600745,*ST闻泰,a,cn
2021-02-26,000300,600760,中航沈飞,a,cn
2021-02-26,000300,600763,通策医疗,a,cn
2021-02-26,000300,600795,国电电力,a,cn
2021-02-26,000300,600809,山西汾酒,a,cn
2021-02-26,000300,600837,海通证券,a,cn
2021-02-26,000300,600845,宝信软件,a,cn
2021-02-26,000300,600848,上海临港,a,cn
2021-02-26,000300,600872,中炬高新,a,cn
2021-02-26,000300,600886,国投电力,a,cn
2021-02-26,000300,600887,伊利股份,a,cn
2021-02-26,000300,600893,航发动力,a,cn
2021-02-26,000300,600900,长江电力,a,cn
2021-02-26,000300,600918,中泰证券,a,cn
2021-02-26,000300,600919,江苏银行,a,cn
2021-02-26,000300,600926,杭州银行,a,cn
2021-02-26,000300,600958,东方证券,a,cn
2021-02-26,000300,600989,宝丰能源,a,cn
2021-02-26,000300,600998,九州通,a,cn
2021-02-26,000300,600999,招商证券,a,cn
2021-02-26,000300,601006,大秦铁路,a,cn
2021-02-26,000300,601009,南京银行,a,cn
2021-02-26,000300,601012,隆基绿能,a,cn
2021-02-26,000300,601021,春秋航空,a,cn
2021-02-26,000300,601066,中信建投,a,cn
2021-02-26,000300,601077,渝农商行,a,cn
2021-02-26,000300,601088,中国神华,a,cn
2021-02-26,000300,601100,恒立液压,a,cn
2021-02-26,000300,601108,财通证券,a,cn
2021-02-26,000300,601111,中国国航,a,cn
2021-02-26,000300,601117,中国化学,a,cn
2021-02-26,000300,601138,工业富联,a,cn
2021-02-26,000300,601155,新城控股,a,cn
2021-02-26,000300,601162,天风证券,a,cn
2021-02-26,000300,601166,兴业银行,a,cn
2021-02-26,000300,601169,北京银行,a,cn
2021-02-26,000300,601186,中国铁建,a,cn
2021-02-26,000300,601198,东兴证券,a,cn
2021-02-26,000300,601211,国泰海通,a,cn
2021-02-26,000300,601216,君正集团,a,cn
2021-02-26,000300,601225,陕西煤业,a,cn
2021-02-26,000300,601229,上海银行,a,cn
2021-02-26,000300,601231,环旭电子,a,cn
2021-02-26,000300,601236,红塔证券,a,cn
2021-02-26,000300,601238,广汽集团,a,cn
2021-02-26,000300,601288,农业银行,a,cn
2021-02-26,000300,601318,中国平安,a,cn
2021-02-26,000300,601319,中国人保,a,cn
2021-02-26,000300,601328,交通银行,a,cn
2021-02-26,000300,601336,新华保险,a,cn
2021-02-26,000300,601360,三六零,a,cn
2021-02-26,000300,601377,兴业证券,a,cn
2021-02-26,000300,601390,中国中铁,a,cn
2021-02-26,000300,601398,工商银行,a,cn
2021-02-26,000300,601555,东吴证券,a,cn
2021-02-26,000300,601577,长沙银行,a,cn
2021-02-26,000300,601600,中国铝业,a,cn
2021-02-26,000300,601601,中国太保,a,cn
2021-02-26,000300,601607,上海医药,a,cn
2021-02-26,000300,601618,中国中冶,a,cn
2021-02-26,000300,601628,中国人寿,a,cn
2021-02-26,000300,601633,长城汽车,a,cn
2021-02-26,000300,601658,邮储银行,a,cn
2021-02-26,000300,601668,中国建筑,a,cn
2021-02-26,000300,601669,中国电建,a,cn
2021-02-26,000300,601688,华泰证券,a,cn
2021-02-26,000300,601696,中银证券,a,cn
2021-02-26,000300,601698,中国卫通,a,cn
2021-02-26,000300,601727,上海电气,a,cn
2021-02-26,000300,601766,中国中车,a,cn
2021-02-26,000300,601788,光大证券,a,cn
2021-02-26,000300,601800,中国交建,a,cn
2021-02-26,000300,601808,中海油服,a,cn
2021-02-26,000300,601816,京沪高铁,a,cn
2021-02-26,000300,601818,光大银行,a,cn
2021-02-26,000300,601838,成都银行,a,cn
2021-02-26,000300,601857,中国石油,a,cn
2021-02-26,000300,601872,招商轮船,a,cn
2021-02-26,000300,601877,正泰电器,a,cn
2021-02-26,000300,601878,浙商证券,a,cn
2021-02-26,000300,601881,中国银河,a,cn
2021-02-26,000300,601888,中国中免,a,cn
2021-02-26,000300,601899,紫金矿业,a,cn
2021-02-26,000300,601901,方正证券,a,cn
2021-02-26,000300,601916,浙商银行,a,cn
2021-02-26,000300,601919,中远海控,a,cn
2021-02-26,000300,601933,永辉超市,a,cn
2021-02-26,000300,601939,建设银行,a,cn
2021-02-26,000300,601985,中国核电,a,cn
2021-02-26,000300,601988,中国银行,a,cn
2021-02-26,000300,601989,中国重工,a,cn
2021-02-26,000300,601990,南京证券,a,cn
2021-02-26,000300,601998,中信银行,a,cn
2021-02-26,000300,603019,中科曙光,a,cn
2021-02-26,000300,603087,甘李药业,a,cn
2021-02-26,000300,603156,养元饮品,a,cn
2021-02-26,000300,603160,汇顶科技,a,cn
2021-02-26,000300,603195,公牛集团,a,cn
2021-02-26,000300,603259,药明康德,a,cn
2021-02-26,000300,603288,海天味业,a,cn
2021-02-26,000300,603369,今世缘,a,cn
2021-02-26,000300,603392,万泰生物,a,cn
2021-02-26,000300,603501,豪威集团,a,cn
2021-02-26,000300,603658,安图生物,a,cn
2021-02-26,000300,603799,华友钴业,a,cn
2021-02-26,000300,603833,欧派家居,a,cn
2021-02-26,000300,603899,晨光股份,a,cn
2021-02-26,000300,603986,兆易创新,a,cn
2021-02-26,000300,603993,洛阳钼业,a,cn
2021-02-26,000300,688008,澜起科技,a,cn
2021-02-26,000300,688009,中国通号,a,cn
2021-02-26,000300,688012,中微公司,a,cn
2021-02-26,000300,688036,传音控股,a,cn
2021-03-31,000300,000001,平安银行,a,cn
2021-03-31,000300,000002,万科A,a,cn
2021-03-31,000300,000063,中兴通讯,a,cn
2021-03-31,000300,000066,中国长城,a,cn
2021-03-31,000300,000069,华侨城A,a,cn
2021-03-31,000300,000100,TCL科技,a,cn
2021-03-31,000300,000157,中联重科,a,cn
2021-03-31,000300,000166,申万宏源,a,cn
2021-03-31,000300,000333,美的集团,a,cn
2021-03-31,000300,000338,潍柴动力,a,cn
2021-03-31,000300,000425,徐工机械,a,cn
2021-03-31,000300,000538,云南白药,a,cn
2021-03-31,000300,000568,泸州老窖,a,cn
2021-03-31,000300,000596,古井贡酒,a,cn
2021-03-31,000300,000625,长安汽车,a,cn
2021-03-31,000300,000627,*ST天茂,a,cn
2021-03-31,000300,000651,格力电器,a,cn
2021-03-31,000300,000656,金科股份,a,cn
2021-03-31,000300,000661,长春高新,a,cn
2021-03-31,000300,000671,ST阳光城,a,cn
2021-03-31,000300,000703,恒逸石化,a,cn
2021-03-31,000300,000708,中信特钢,a,cn
2021-03-31,000300,000723,美锦能源,a,cn
2021-03-31,000300,000725,京东方A,a,cn
2021-03-31,000300,000728,国元证券,a,cn
2021-03-31,000300,000768,中航西飞,a,cn
2021-03-31,000300,000776,广发证券,a,cn
2021-03-31,000300,000783,长江证券,a,cn
2021-03-31,000300,000786,北新建材,a,cn
2021-03-31,000300,000858,五粮液,a,cn
2021-03-31,000300,000860,顺鑫农业,a,cn
2021-03-31,000300,000876,新希望,a,cn
2021-03-31,000300,000895,双汇发展,a,cn
2021-03-31,000300,000938,紫光股份,a,cn
2021-03-31,000300,000961,ST中南,a,cn
2021-03-31,000300,000963,华东医药,a,cn
2021-03-31,000300,000977,浪潮信息,a,cn
2021-03-31,000300,001979,招商蛇口,a,cn
2021-03-31,000300,002001,新和成,a,cn
2021-03-31,000300,002007,华兰生物,a,cn
2021-03-31,000300,002008,大族激光,a,cn
2021-03-31,000300,002024,ST易购,a,cn
2021-03-31,000300,002027,分众传媒,a,cn
2021-03-31,000300,002032,苏泊尔,a,cn
2021-03-31,000300,002044,美年健康,a,cn
2021-03-31,000300,002049,紫光国微,a,cn
2021-03-31,000300,002050,三花智控,a,cn
2021-03-31,000300,002120,韵达股份,a,cn
2021-03-31,000300,002129,TCL中环,a,cn
2021-03-31,000300,002142,宁波银行,a,cn
2021-03-31,000300,002146,荣盛发展,a,cn
2021-03-31,000300,002153,石基信息,a,cn
2021-03-31,000300,002157,正邦科技,a,cn
2021-03-31,000300,002179,中航光电,a,cn
2021-03-31,000300,002202,金风科技,a,cn
2021-03-31,000300,002230,科大讯飞,a,cn
2021-03-31,000300,002236,大华股份,a,cn
2021-03-31,000300,002241,歌尔股份,a,cn
2021-03-31,000300,002252,上海莱士,a,cn
2021-03-31,000300,002271,东方雨虹,a,cn
2021-03-31,000300,002304,洋河股份,a,cn
2021-03-31,000300,002311,海大集团,a,cn
2021-03-31,000300,002352,顺丰控股,a,cn
2021-03-31,000300,002371,北方华创,a,cn
2021-03-31,000300,002384,东山精密,a,cn
2021-03-31,000300,002410,广联达,a,cn
2021-03-31,000300,002414,高德红外,a,cn
2021-03-31,000300,002415,海康威视,a,cn
2021-03-31,000300,002422,科伦药业,a,cn
2021-03-31,000300,002456,欧菲光,a,cn
2021-03-31,000300,002460,赣锋锂业,a,cn
2021-03-31,000300,002463,沪电股份,a,cn
2021-03-31,000300,002475,立讯精密,a,cn
2021-03-31,000300,002493,荣盛石化,a,cn
2021-03-31,000300,002508,老板电器,a,cn
2021-03-31,000300,002555,三七互娱,a,cn
2021-03-31,000300,002558,巨人网络,a,cn
2021-03-31,000300,002594,比亚迪,a,cn
2021-03-31,000300,002600,领益智造,a,cn
2021-03-31,000300,002601,龙佰集团,a,cn
2021-03-31,000300,002602,世纪华通,a,cn
2021-03-31,000300,002607,中公教育,a,cn
2021-03-31,000300,002624,完美世界,a,cn
2021-03-31,000300,002673,西部证券,a,cn
2021-03-31,000300,002714,牧原股份,a,cn
2021-03-31,000300,002736,国信证券,a,cn
2021-03-31,000300,002739,儒意电影,a,cn
2021-03-31,000300,002773,康弘药业,a,cn
2021-03-31,000300,002812,恩捷股份,a,cn
2021-03-31,000300,002821,凯莱英,a,cn
2021-03-31,000300,002841,视源股份,a,cn
2021-03-31,000300,002916,深南电路,a,cn
2021-03-31,000300,002938,鹏鼎控股,a,cn
2021-03-31,000300,002939,长城证券,a,cn
2021-03-31,000300,002945,华林证券,a,cn
2021-03-31,000300,002958,青农商行,a,cn
2021-03-31,000300,003816,中国广核,a,cn
2021-03-31,000300,300003,乐普医疗,a,cn
2021-03-31,000300,300014,亿纬锂能,a,cn
2021-03-31,000300,300015,爱尔眼科,a,cn
2021-03-31,000300,300033,同花顺,a,cn
2021-03-31,000300,300059,东方财富,a,cn
2021-03-31,000300,300122,智飞生物,a,cn
2021-03-31,000300,300124,汇川技术,a,cn
2021-03-31,000300,300136,信维通信,a,cn
2021-03-31,000300,300142,沃森生物,a,cn
2021-03-31,000300,300144,宋城演艺,a,cn
2021-03-31,000300,300347,泰格医药,a,cn
2021-03-31,000300,300408,三环集团,a,cn
2021-03-31,000300,300413,芒果超媒,a,cn
2021-03-31,000300,300433,蓝思科技,a,cn
2021-03-31,000300,300498,温氏股份,a,cn
2021-03-31,000300,300529,健帆生物,a,cn
2021-03-31,000300,300601,康泰生物,a,cn
2021-03-31,000300,300628,亿联网络,a,cn
2021-03-31,000300,300676,华大基因,a,cn
2021-03-31,000300,600000,浦发银行,a,cn
2021-03-31,000300,600004,白云机场,a,cn
2021-03-31,000300,600009,上海机场,a,cn
2021-03-31,000300,600010,包钢股份,a,cn
2021-03-31,000300,600011,华能国际,a,cn
2021-03-31,000300,600015,华夏银行,a,cn
2021-03-31,000300,600016,民生银行,a,cn
2021-03-31,000300,600018,上港集团,a,cn
2021-03-31,000300,600019,宝钢股份,a,cn
2021-03-31,000300,600025,华能水电,a,cn
2021-03-31,000300,600027,华电国际,a,cn
2021-03-31,000300,600028,中国石化,a,cn
2021-03-31,000300,600029,南方航空,a,cn
2021-03-31,000300,600030,中信证券,a,cn
2021-03-31,000300,600031,三一重工,a,cn
2021-03-31,000300,600036,招商银行,a,cn
2021-03-31,000300,600048,保利发展,a,cn
2021-03-31,000300,600050,中国联通,a,cn
2021-03-31,000300,600061,国投资本,a,cn
2021-03-31,000300,600066,宇通客车,a,cn
2021-03-31,000300,600068,葛洲坝,a,cn
2021-03-31,000300,600085,同仁堂,a,cn
2021-03-31,000300,600104,上汽集团,a,cn
2021-03-31,000300,600109,国金证券,a,cn
2021-03-31,000300,600111,北方稀土,a,cn
2021-03-31,000300,600115,中国东航,a,cn
2021-03-31,000300,600118,中国卫星,a,cn
2021-03-31,000300,600150,中国船舶,a,cn
2021-03-31,000300,600161,天坛生物,a,cn
2021-03-31,000300,600176,中国巨石,a,cn
2021-03-31,000300,600177,雅戈尔,a,cn
2021-03-31,000300,600183,生益科技,a,cn
2021-03-31,000300,600196,复星医药,a,cn
2021-03-31,000300,600208,衢州发展,a,cn
2021-03-31,000300,600233,圆通速递,a,cn
2021-03-31,000300,600271,航天信息,a,cn
2021-03-31,000300,600276,恒瑞医药,a,cn
2021-03-31,000300,600297,广汇汽车,a,cn
2021-03-31,000300,600299,安迪苏,a,cn
2021-03-31,000300,600309,万华化学,a,cn
2021-03-31,000300,600332,白云山,a,cn
2021-03-31,000300,600340,*ST华幸,a,cn
2021-03-31,000300,600346,恒力石化,a,cn
2021-03-31,000300,600352,浙江龙盛,a,cn
2021-03-31,000300,600362,江西铜业,a,cn
2021-03-31,000300,600369,西南证券,a,cn
2021-03-31,000300,600383,金地集团,a,cn
2021-03-31,000300,600390,五矿资本,a,cn
2021-03-31,000300,600406,国电南瑞,a,cn
2021-03-31,000300,600436,片仔癀,a,cn
2021-03-31,000300,600438,通威股份,a,cn
2021-03-31,000300,600482,中国动力,a,cn
2021-03-31,000300,600487,亨通光电,a,cn
2021-03-31,000300,600489,中金黄金,a,cn
2021-03-31,000300,600498,烽火通信,a,cn
2021-03-31,000300,600519,贵州茅台,a,cn
2021-03-31,000300,600522,中天科技,a,cn
2021-03-31,000300,600547,山东黄金,a,cn
2021-03-31,000300,600570,恒生电子,a,cn
2021-03-31,000300,600584,长电科技,a,cn
2021-03-31,000300,600585,海螺水泥,a,cn
2021-03-31,000300,600588,用友网络,a,cn
2021-03-31,000300,600600,青岛啤酒,a,cn
2021-03-31,000300,600606,绿地控股,a,cn
2021-03-31,000300,600637,东方明珠,a,cn
2021-03-31,000300,600655,豫园股份,a,cn
2021-03-31,000300,600660,福耀玻璃,a,cn
2021-03-31,000300,600690,海尔智家,a,cn
2021-03-31,000300,600703,三安光电,a,cn
2021-03-31,000300,600705,中航产融,a,cn
2021-03-31,000300,600741,华域汽车,a,cn
2021-03-31,000300,600745,*ST闻泰,a,cn
2021-03-31,000300,600760,中航沈飞,a,cn
2021-03-31,000300,600763,通策医疗,a,cn
2021-03-31,000300,600795,国电电力,a,cn
2021-03-31,000300,600809,山西汾酒,a,cn
2021-03-31,000300,600837,海通证券,a,cn
2021-03-31,000300,600845,宝信软件,a,cn
2021-03-31,000300,600848,上海临港,a,cn
2021-03-31,000300,600872,中炬高新,a,cn
2021-03-31,000300,600886,国投电力,a,cn
2021-03-31,000300,600887,伊利股份,a,cn
2021-03-31,000300,600893,航发动力,a,cn
2021-03-31,000300,600900,长江电力,a,cn
2021-03-31,000300,600918,中泰证券,a,cn
2021-03-31,000300,600919,江苏银行,a,cn
2021-03-31,000300,600926,杭州银行,a,cn
2021-03-31,000300,600958,东方证券,a,cn
2021-03-31,000300,600989,宝丰能源,a,cn
2021-03-31,000300,600998,九州通,a,cn
2021-03-31,000300,600999,招商证券,a,cn
2021-03-31,000300,601006,大秦铁路,a,cn
2021-03-31,000300,601009,南京银行,a,cn
2021-03-31,000300,601012,隆基绿能,a,cn
2021-03-31,000300,601021,春秋航空,a,cn
2021-03-31,000300,601066,中信建投,a,cn
2021-03-31,000300,601077,渝农商行,a,cn
2021-03-31,000300,601088,中国神华,a,cn
2021-03-31,000300,601100,恒立液压,a,cn
2021-03-31,000300,601108,财通证券,a,cn
2021-03-31,000300,601111,中国国航,a,cn
2021-03-31,000300,601117,中国化学,a,cn
2021-03-31,000300,601138,工业富联,a,cn
2021-03-31,000300,601155,新城控股,a,cn
2021-03-31,000300,601162,天风证券,a,cn
2021-03-31,000300,601166,兴业银行,a,cn
2021-03-31,000300,601169,北京银行,a,cn
2021-03-31,000300,601186,中国铁建,a,cn
2021-03-31,000300,601198,东兴证券,a,cn
2021-03-31,000300,601211,国泰海通,a,cn
2021-03-31,000300,601216,君正集团,a,cn
2021-03-31,000300,601225,陕西煤业,a,cn
2021-03-31,000300,601229,上海银行,a,cn
2021-03-31,000300,601231,环旭电子,a,cn
2021-03-31,000300,601236,红塔证券,a,cn
2021-03-31,000300,601238,广汽集团,a,cn
2021-03-31,000300,601288,农业银行,a,cn
2021-03-31,000300,601318,中国平安,a,cn
2021-03-31,000300,601319,中国人保,a,cn
2021-03-31,000300,601328,交通银行,a,cn
2021-03-31,000300,601336,新华保险,a,cn
2021-03-31,000300,601360,三六零,a,cn
2021-03-31,000300,601377,兴业证券,a,cn
2021-03-31,000300,601390,中国中铁,a,cn
2021-03-31,000300,601398,工商银行,a,cn
2021-03-31,000300,601555,东吴证券,a,cn
2021-03-31,000300,601577,长沙银行,a,cn
2021-03-31,000300,601600,中国铝业,a,cn
2021-03-31,000300,601601,中国太保,a,cn
2021-03-31,000300,601607,上海医药,a,cn
2021-03-31,000300,601618,中国中冶,a,cn
2021-03-31,000300,601628,中国人寿,a,cn
2021-03-31,000300,601633,长城汽车,a,cn
2021-03-31,000300,601658,邮储银行,a,cn
2021-03-31,000300,601668,中国建筑,a,cn
2021-03-31,000300,601669,中国电建,a,cn
2021-03-31,000300,601688,华泰证券,a,cn
2021-03-31,000300,601696,中银证券,a,cn
2021-03-31,000300,601698,中国卫通,a,cn
2021-03-31,000300,601727,上海电气,a,cn
2021-03-31,000300,601766,中国中车,a,cn
2021-03-31,000300,601788,光大证券,a,cn
2021-03-31,000300,601800,中国交建,a,cn
2021-03-31,000300,601808,中海油服,a,cn
2021-03-31,000300,601816,京沪高铁,a,cn
2021-03-31,000300,601818,光大银行,a,cn
2021-03-31,000300,601838,成都银行,a,cn
2021-03-31,000300,601857,中国石油,a,cn
2021-03-31,000300,601872,招商轮船,a,cn
2021-03-31,000300,601877,正泰电器,a,cn
2021-03-31,000300,601878,浙商证券,a,cn
2021-03-31,000300,601881,中国银河,a,cn
2021-03-31,000300,601888,中国中免,a,cn
2021-03-31,000300,601899,紫金矿业,a,cn
2021-03-31,000300,601901,方正证券,a,cn
2021-03-31,000300,601916,浙商银行,a,cn
2021-03-31,000300,601919,中远海控,a,cn
2021-03-31,000300,601933,永辉超市,a,cn
2021-03-31,000300,601939,建设银行,a,cn
2021-03-31,000300,601985,中国核电,a,cn
2021-03-31,000300,601988,中国银行,a,cn
2021-03-31,000300,601989,中国重工,a,cn
2021-03-31,000300,601990,南京证券,a,cn
2021-03-31,000300,601998,中信银行,a,cn
2021-03-31,000300,603019,中科曙光,a,cn
2021-03-31,000300,603087,甘李药业,a,cn
2021-03-31,000300,603156,养元饮品,a,cn
2021-03-31,000300,603160,汇顶科技,a,cn
2021-03-31,000300,603195,公牛集团,a,cn
2021-03-31,000300,603259,药明康德,a,cn
2021-03-31,000300,603288,海天味业,a,cn
2021-03-31,000300,603369,今世缘,a,cn
2021-03-31,000300,603392,万泰生物,a,cn
2021-03-31,000300,603501,豪威集团,a,cn
2021-03-31,000300,603658,安图生物,a,cn
2021-03-31,000300,603799,华友钴业,a,cn
2021-03-31,000300,603833,欧派家居,a,cn
2021-03-31,000300,603899,晨光股份,a,cn
2021-03-31,000300,603986,兆易创新,a,cn
2021-03-31,000300,603993,洛阳钼业,a,cn
2021-03-31,000300,688008,澜起科技,a,cn
2021-03-31,000300,688009,中国通号,a,cn
2021-03-31,000300,688012,中微公司,a,cn
2021-03-31,000300,688036,传音控股,a,cn
2021-04-30,000300,000001,平安银行,a,cn
2021-04-30,000300,000002,万科A,a,cn
2021-04-30,000300,000063,中兴通讯,a,cn
2021-04-30,000300,000066,中国长城,a,cn
2021-04-30,000300,000069,华侨城A,a,cn
2021-04-30,000300,000100,TCL科技,a,cn
2021-04-30,000300,000157,中联重科,a,cn
2021-04-30,000300,000166,申万宏源,a,cn
2021-04-30,000300,000333,美的集团,a,cn
2021-04-30,000300,000338,潍柴动力,a,cn
2021-04-30,000300,000425,徐工机械,a,cn
2021-04-30,000300,000538,云南白药,a,cn
2021-04-30,000300,000568,泸州老窖,a,cn
2021-04-30,000300,000596,古井贡酒,a,cn
2021-04-30,000300,000625,长安汽车,a,cn
2021-04-30,000300,000627,*ST天茂,a,cn
2021-04-30,000300,000651,格力电器,a,cn
2021-04-30,000300,000656,金科股份,a,cn
2021-04-30,000300,000661,长春高新,a,cn
2021-04-30,000300,000671,ST阳光城,a,cn
2021-04-30,000300,000703,恒逸石化,a,cn
2021-04-30,000300,000708,中信特钢,a,cn
2021-04-30,000300,000723,美锦能源,a,cn
2021-04-30,000300,000725,京东方A,a,cn
2021-04-30,000300,000728,国元证券,a,cn
2021-04-30,000300,000768,中航西飞,a,cn
2021-04-30,000300,000776,广发证券,a,cn
2021-04-30,000300,000783,长江证券,a,cn
2021-04-30,000300,000786,北新建材,a,cn
2021-04-30,000300,000858,五粮液,a,cn
2021-04-30,000300,000860,顺鑫农业,a,cn
2021-04-30,000300,000876,新希望,a,cn
2021-04-30,000300,000895,双汇发展,a,cn
2021-04-30,000300,000938,紫光股份,a,cn
2021-04-30,000300,000961,ST中南,a,cn
2021-04-30,000300,000963,华东医药,a,cn
2021-04-30,000300,000977,浪潮信息,a,cn
2021-04-30,000300,001979,招商蛇口,a,cn
2021-04-30,000300,002001,新和成,a,cn
2021-04-30,000300,002007,华兰生物,a,cn
2021-04-30,000300,002008,大族激光,a,cn
2021-04-30,000300,002024,ST易购,a,cn
2021-04-30,000300,002027,分众传媒,a,cn
2021-04-30,000300,002032,苏泊尔,a,cn
2021-04-30,000300,002044,美年健康,a,cn
2021-04-30,000300,002049,紫光国微,a,cn
2021-04-30,000300,002050,三花智控,a,cn
2021-04-30,000300,002120,韵达股份,a,cn
2021-04-30,000300,002129,TCL中环,a,cn
2021-04-30,000300,002142,宁波银行,a,cn
2021-04-30,000300,002146,荣盛发展,a,cn
2021-04-30,000300,002153,石基信息,a,cn
2021-04-30,000300,002157,正邦科技,a,cn
2021-04-30,000300,002179,中航光电,a,cn
2021-04-30,000300,002202,金风科技,a,cn
2021-04-30,000300,002230,科大讯飞,a,cn
2021-04-30,000300,002236,大华股份,a,cn
2021-04-30,000300,002241,歌尔股份,a,cn
2021-04-30,000300,002252,上海莱士,a,cn
2021-04-30,000300,002271,东方雨虹,a,cn
2021-04-30,000300,002304,洋河股份,a,cn
2021-04-30,000300,002311,海大集团,a,cn
2021-04-30,000300,002352,顺丰控股,a,cn
2021-04-30,000300,002371,北方华创,a,cn
2021-04-30,000300,002384,东山精密,a,cn
2021-04-30,000300,002410,广联达,a,cn
2021-04-30,000300,002414,高德红外,a,cn
2021-04-30,000300,002415,海康威视,a,cn
2021-04-30,000300,002422,科伦药业,a,cn
2021-04-30,000300,002456,欧菲光,a,cn
2021-04-30,000300,002460,赣锋锂业,a,cn
2021-04-30,000300,002463,沪电股份,a,cn
2021-04-30,000300,002475,立讯精密,a,cn
2021-04-30,000300,002493,荣盛石化,a,cn
2021-04-30,000300,002508,老板电器,a,cn
2021-04-30,000300,002555,三七互娱,a,cn
2021-04-30,000300,002558,巨人网络,a,cn
2021-04-30,000300,002594,比亚迪,a,cn
2021-04-30,000300,002600,领益智造,a,cn
2021-04-30,000300,002601,龙佰集团,a,cn
2021-04-30,000300,002602,世纪华通,a,cn
2021-04-30,000300,002607,中公教育,a,cn
2021-04-30,000300,002624,完美世界,a,cn
2021-04-30,000300,002673,西部证券,a,cn
2021-04-30,000300,002714,牧原股份,a,cn
2021-04-30,000300,002736,国信证券,a,cn
2021-04-30,000300,002739,儒意电影,a,cn
2021-04-30,000300,002773,康弘药业,a,cn
2021-04-30,000300,002812,恩捷股份,a,cn
2021-04-30,000300,002821,凯莱英,a,cn
2021-04-30,000300,002841,视源股份,a,cn
2021-04-30,000300,002916,深南电路,a,cn
2021-04-30,000300,002938,鹏鼎控股,a,cn
2021-04-30,000300,002939,长城证券,a,cn
2021-04-30,000300,002945,华林证券,a,cn
2021-04-30,000300,002958,青农商行,a,cn
2021-04-30,000300,003816,中国广核,a,cn
2021-04-30,000300,300003,乐普医疗,a,cn
2021-04-30,000300,300014,亿纬锂能,a,cn
2021-04-30,000300,300015,爱尔眼科,a,cn
2021-04-30,000300,300033,同花顺,a,cn
2021-04-30,000300,300059,东方财富,a,cn
2021-04-30,000300,300122,智飞生物,a,cn
2021-04-30,000300,300124,汇川技术,a,cn
2021-04-30,000300,300136,信维通信,a,cn
2021-04-30,000300,300142,沃森生物,a,cn
2021-04-30,000300,300144,宋城演艺,a,cn
2021-04-30,000300,300347,泰格医药,a,cn
2021-04-30,000300,300408,三环集团,a,cn
2021-04-30,000300,300413,芒果超媒,a,cn
2021-04-30,000300,300433,蓝思科技,a,cn
2021-04-30,000300,300498,温氏股份,a,cn
2021-04-30,000300,300529,健帆生物,a,cn
2021-04-30,000300,300601,康泰生物,a,cn
2021-04-30,000300,300628,亿联网络,a,cn
2021-04-30,000300,300676,华大基因,a,cn
2021-04-30,000300,600000,浦发银行,a,cn
2021-04-30,000300,600004,白云机场,a,cn
2021-04-30,000300,600009,上海机场,a,cn
2021-04-30,000300,600010,包钢股份,a,cn
2021-04-30,000300,600011,华能国际,a,cn
2021-04-30,000300,600015,华夏银行,a,cn
2021-04-30,000300,600016,民生银行,a,cn
2021-04-30,000300,600018,上港集团,a,cn
2021-04-30,000300,600019,宝钢股份,a,cn
2021-04-30,000300,600025,华能水电,a,cn
2021-04-30,000300,600027,华电国际,a,cn
2021-04-30,000300,600028,中国石化,a,cn
2021-04-30,000300,600029,南方航空,a,cn
2021-04-30,000300,600030,中信证券,a,cn
2021-04-30,000300,600031,三一重工,a,cn
2021-04-30,000300,600036,招商银行,a,cn
2021-04-30,000300,600048,保利发展,a,cn
2021-04-30,000300,600050,中国联通,a,cn
2021-04-30,000300,600061,国投资本,a,cn
2021-04-30,000300,600066,宇通客车,a,cn
2021-04-30,000300,600068,葛洲坝,a,cn
2021-04-30,000300,600085,同仁堂,a,cn
2021-04-30,000300,600104,上汽集团,a,cn
2021-04-30,000300,600109,国金证券,a,cn
2021-04-30,000300,600111,北方稀土,a,cn
2021-04-30,000300,600115,中国东航,a,cn
2021-04-30,000300,600118,中国卫星,a,cn
2021-04-30,000300,600150,中国船舶,a,cn
2021-04-30,000300,600161,天坛生物,a,cn
2021-04-30,000300,600176,中国巨石,a,cn
2021-04-30,000300,600177,雅戈尔,a,cn
2021-04-30,000300,600183,生益科技,a,cn
2021-04-30,000300,600196,复星医药,a,cn
2021-04-30,000300,600208,衢州发展,a,cn
2021-04-30,000300,600233,圆通速递,a,cn
2021-04-30,000300,600271,航天信息,a,cn
2021-04-30,000300,600276,恒瑞医药,a,cn
2021-04-30,000300,600297,广汇汽车,a,cn
2021-04-30,000300,600299,安迪苏,a,cn
2021-04-30,000300,600309,万华化学,a,cn
2021-04-30,000300,600332,白云山,a,cn
2021-04-30,000300,600340,*ST华幸,a,cn
2021-04-30,000300,600346,恒力石化,a,cn
2021-04-30,000300,600352,浙江龙盛,a,cn
2021-04-30,000300,600362,江西铜业,a,cn
2021-04-30,000300,600369,西南证券,a,cn
2021-04-30,000300,600383,金地集团,a,cn
2021-04-30,000300,600390,五矿资本,a,cn
2021-04-30,000300,600406,国电南瑞,a,cn
2021-04-30,000300,600436,片仔癀,a,cn
2021-04-30,000300,600438,通威股份,a,cn
2021-04-30,000300,600482,中国动力,a,cn
2021-04-30,000300,600487,亨通光电,a,cn
2021-04-30,000300,600489,中金黄金,a,cn
2021-04-30,000300,600498,烽火通信,a,cn
2021-04-30,000300,600519,贵州茅台,a,cn
2021-04-30,000300,600522,中天科技,a,cn
2021-04-30,000300,600547,山东黄金,a,cn
2021-04-30,000300,600570,恒生电子,a,cn
2021-04-30,000300,600584,长电科技,a,cn
2021-04-30,000300,600585,海螺水泥,a,cn
2021-04-30,000300,600588,用友网络,a,cn
2021-04-30,000300,600600,青岛啤酒,a,cn
2021-04-30,000300,600606,绿地控股,a,cn
2021-04-30,000300,600637,东方明珠,a,cn
2021-04-30,000300,600655,豫园股份,a,cn
2021-04-30,000300,600660,福耀玻璃,a,cn
2021-04-30,000300,600690,海尔智家,a,cn
2021-04-30,000300,600703,三安光电,a,cn
2021-04-30,000300,600705,中航产融,a,cn
2021-04-30,000300,600741,华域汽车,a,cn
2021-04-30,000300,600745,*ST闻泰,a,cn
2021-04-30,000300,600760,中航沈飞,a,cn
2021-04-30,000300,600763,通策医疗,a,cn
2021-04-30,000300,600795,国电电力,a,cn
2021-04-30,000300,600809,山西汾酒,a,cn
2021-04-30,000300,600837,海通证券,a,cn
2021-04-30,000300,600845,宝信软件,a,cn
2021-04-30,000300,600848,上海临港,a,cn
2021-04-30,000300,600872,中炬高新,a,cn
2021-04-30,000300,600886,国投电力,a,cn
2021-04-30,000300,600887,伊利股份,a,cn
2021-04-30,000300,600893,航发动力,a,cn
2021-04-30,000300,600900,长江电力,a,cn
2021-04-30,000300,600918,中泰证券,a,cn
2021-04-30,000300,600919,江苏银行,a,cn
2021-04-30,000300,600926,杭州银行,a,cn
2021-04-30,000300,600958,东方证券,a,cn
2021-04-30,000300,600989,宝丰能源,a,cn
2021-04-30,000300,600998,九州通,a,cn
2021-04-30,000300,600999,招商证券,a,cn
2021-04-30,000300,601006,大秦铁路,a,cn
2021-04-30,000300,601009,南京银行,a,cn
2021-04-30,000300,601012,隆基绿能,a,cn
2021-04-30,000300,601021,春秋航空,a,cn
2021-04-30,000300,601066,中信建投,a,cn
2021-04-30,000300,601077,渝农商行,a,cn
2021-04-30,000300,601088,中国神华,a,cn
2021-04-30,000300,601100,恒立液压,a,cn
2021-04-30,000300,601108,财通证券,a,cn
2021-04-30,000300,601111,中国国航,a,cn
2021-04-30,000300,601117,中国化学,a,cn
2021-04-30,000300,601138,工业富联,a,cn
2021-04-30,000300,601155,新城控股,a,cn
2021-04-30,000300,601162,天风证券,a,cn
2021-04-30,000300,601166,兴业银行,a,cn
2021-04-30,000300,601169,北京银行,a,cn
2021-04-30,000300,601186,中国铁建,a,cn
2021-04-30,000300,601198,东兴证券,a,cn
2021-04-30,000300,601211,国泰海通,a,cn
2021-04-30,000300,601216,君正集团,a,cn
2021-04-30,000300,601225,陕西煤业,a,cn
2021-04-30,000300,601229,上海银行,a,cn
2021-04-30,000300,601231,环旭电子,a,cn
2021-04-30,000300,601236,红塔证券,a,cn
2021-04-30,000300,601238,广汽集团,a,cn
2021-04-30,000300,601288,农业银行,a,cn
2021-04-30,000300,601318,中国平安,a,cn
2021-04-30,000300,601319,中国人保,a,cn
2021-04-30,000300,601328,交通银行,a,cn
2021-04-30,000300,601336,新华保险,a,cn
2021-04-30,000300,601360,三六零,a,cn
2021-04-30,000300,601377,兴业证券,a,cn
2021-04-30,000300,601390,中国中铁,a,cn
2021-04-30,000300,601398,工商银行,a,cn
2021-04-30,000300,601555,东吴证券,a,cn
2021-04-30,000300,601577,长沙银行,a,cn
2021-04-30,000300,601600,中国铝业,a,cn
2021-04-30,000300,601601,中国太保,a,cn
2021-04-30,000300,601607,上海医药,a,cn
2021-04-30,000300,601618,中国中冶,a,cn
2021-04-30,000300,601628,中国人寿,a,cn
2021-04-30,000300,601633,长城汽车,a,cn
2021-04-30,000300,601658,邮储银行,a,cn
2021-04-30,000300,601668,中国建筑,a,cn
2021-04-30,000300,601669,中国电建,a,cn
2021-04-30,000300,601688,华泰证券,a,cn
2021-04-30,000300,601696,中银证券,a,cn
2021-04-30,000300,601698,中国卫通,a,cn
2021-04-30,000300,601727,上海电气,a,cn
2021-04-30,000300,601766,中国中车,a,cn
2021-04-30,000300,601788,光大证券,a,cn
2021-04-30,000300,601800,中国交建,a,cn
2021-04-30,000300,601808,中海油服,a,cn
2021-04-30,000300,601816,京沪高铁,a,cn
2021-04-30,000300,601818,光大银行,a,cn
2021-04-30,000300,601838,成都银行,a,cn
2021-04-30,000300,601857,中国石油,a,cn
2021-04-30,000300,601872,招商轮船,a,cn
2021-04-30,000300,601877,正泰电器,a,cn
2021-04-30,000300,601878,浙商证券,a,cn
2021-04-30,000300,601881,中国银河,a,cn
2021-04-30,000300,601888,中国中免,a,cn
2021-04-30,000300,601899,紫金矿业,a,cn
2021-04-30,000300,601901,方正证券,a,cn
2021-04-30,000300,601916,浙商银行,a,cn
2021-04-30,000300,601919,中远海控,a,cn
2021-04-30,000300,601933,永辉超市,a,cn
2021-04-30,000300,601939,建设银行,a,cn
2021-04-30,000300,601985,中国核电,a,cn
2021-04-30,000300,601988,中国银行,a,cn
2021-04-30,000300,601989,中国重工,a,cn
2021-04-30,000300,601990,南京证券,a,cn
2021-04-30,000300,601998,中信银行,a,cn
2021-04-30,000300,603019,中科曙光,a,cn
2021-04-30,000300,603087,甘李药业,a,cn
2021-04-30,000300,603156,养元饮品,a,cn
2021-04-30,000300,603160,汇顶科技,a,cn
2021-04-30,000300,603195,公牛集团,a,cn
2021-04-30,000300,603259,药明康德,a,cn
2021-04-30,000300,603288,海天味业,a,cn
2021-04-30,000300,603369,今世缘,a,cn
2021-04-30,000300,603392,万泰生物,a,cn
2021-04-30,000300,603501,豪威集团,a,cn
2021-04-30,000300,603658,安图生物,a,cn
2021-04-30,000300,603799,华友钴业,a,cn
2021-04-30,000300,603833,欧派家居,a,cn
2021-04-30,000300,603899,晨光股份,a,cn
2021-04-30,000300,603986,兆易创新,a,cn
2021-04-30,000300,603993,洛阳钼业,a,cn
2021-04-30,000300,688008,澜起科技,a,cn
2021-04-30,000300,688009,中国通号,a,cn
2021-04-30,000300,688012,中微公司,a,cn
2021-04-30,000300,688036,传音控股,a,cn
2021-05-31,000300,000001,平安银行,a,cn
2021-05-31,000300,000002,万科A,a,cn
2021-05-31,000300,000063,中兴通讯,a,cn
2021-05-31,000300,000066,中国长城,a,cn
2021-05-31,000300,000069,华侨城A,a,cn
2021-05-31,000300,000100,TCL科技,a,cn
2021-05-31,000300,000157,中联重科,a,cn
2021-05-31,000300,000166,申万宏源,a,cn
2021-05-31,000300,000333,美的集团,a,cn
2021-05-31,000300,000338,潍柴动力,a,cn
2021-05-31,000300,000425,徐工机械,a,cn
2021-05-31,000300,000538,云南白药,a,cn
2021-05-31,000300,000568,泸州老窖,a,cn
2021-05-31,000300,000596,古井贡酒,a,cn
2021-05-31,000300,000625,长安汽车,a,cn
2021-05-31,000300,000627,*ST天茂,a,cn
2021-05-31,000300,000651,格力电器,a,cn
2021-05-31,000300,000656,金科股份,a,cn
2021-05-31,000300,000661,长春高新,a,cn
2021-05-31,000300,000671,ST阳光城,a,cn
2021-05-31,000300,000703,恒逸石化,a,cn
2021-05-31,000300,000708,中信特钢,a,cn
2021-05-31,000300,000723,美锦能源,a,cn
2021-05-31,000300,000725,京东方A,a,cn
2021-05-31,000300,000728,国元证券,a,cn
2021-05-31,000300,000768,中航西飞,a,cn
2021-05-31,000300,000776,广发证券,a,cn
2021-05-31,000300,000783,长江证券,a,cn
2021-05-31,000300,000786,北新建材,a,cn
2021-05-31,000300,000858,五粮液,a,cn
2021-05-31,000300,000860,顺鑫农业,a,cn
2021-05-31,000300,000876,新希望,a,cn
2021-05-31,000300,000895,双汇发展,a,cn
2021-05-31,000300,000938,紫光股份,a,cn
2021-05-31,000300,000961,ST中南,a,cn
2021-05-31,000300,000963,华东医药,a,cn
2021-05-31,000300,000977,浪潮信息,a,cn
2021-05-31,000300,001979,招商蛇口,a,cn
2021-05-31,000300,002001,新和成,a,cn
2021-05-31,000300,002007,华兰生物,a,cn
2021-05-31,000300,002008,大族激光,a,cn
2021-05-31,000300,002024,ST易购,a,cn
2021-05-31,000300,002027,分众传媒,a,cn
2021-05-31,000300,002032,苏泊尔,a,cn
2021-05-31,000300,002044,美年健康,a,cn
2021-05-31,000300,002049,紫光国微,a,cn
2021-05-31,000300,002050,三花智控,a,cn
2021-05-31,000300,002120,韵达股份,a,cn
2021-05-31,000300,002129,TCL中环,a,cn
2021-05-31,000300,002142,宁波银行,a,cn
2021-05-31,000300,002146,荣盛发展,a,cn
2021-05-31,000300,002153,石基信息,a,cn
2021-05-31,000300,002157,正邦科技,a,cn
2021-05-31,000300,002179,中航光电,a,cn
2021-05-31,000300,002202,金风科技,a,cn
2021-05-31,000300,002230,科大讯飞,a,cn
2021-05-31,000300,002236,大华股份,a,cn
2021-05-31,000300,002241,歌尔股份,a,cn
2021-05-31,000300,002252,上海莱士,a,cn
2021-05-31,000300,002271,东方雨虹,a,cn
2021-05-31,000300,002304,洋河股份,a,cn
2021-05-31,000300,002311,海大集团,a,cn
2021-05-31,000300,002352,顺丰控股,a,cn
2021-05-31,000300,002371,北方华创,a,cn
2021-05-31,000300,002384,东山精密,a,cn
2021-05-31,000300,002410,广联达,a,cn
2021-05-31,000300,002414,高德红外,a,cn
2021-05-31,000300,002415,海康威视,a,cn
2021-05-31,000300,002422,科伦药业,a,cn
2021-05-31,000300,002456,欧菲光,a,cn
2021-05-31,000300,002460,赣锋锂业,a,cn
2021-05-31,000300,002463,沪电股份,a,cn
2021-05-31,000300,002475,立讯精密,a,cn
2021-05-31,000300,002493,荣盛石化,a,cn
2021-05-31,000300,002508,老板电器,a,cn
2021-05-31,000300,002555,三七互娱,a,cn
2021-05-31,000300,002558,巨人网络,a,cn
2021-05-31,000300,002594,比亚迪,a,cn
2021-05-31,000300,002600,领益智造,a,cn
2021-05-31,000300,002601,龙佰集团,a,cn
2021-05-31,000300,002602,世纪华通,a,cn
2021-05-31,000300,002607,中公教育,a,cn
2021-05-31,000300,002624,完美世界,a,cn
2021-05-31,000300,002673,西部证券,a,cn
2021-05-31,000300,002714,牧原股份,a,cn
2021-05-31,000300,002736,国信证券,a,cn
2021-05-31,000300,002739,儒意电影,a,cn
2021-05-31,000300,002773,康弘药业,a,cn
2021-05-31,000300,002812,恩捷股份,a,cn
2021-05-31,000300,002821,凯莱英,a,cn
2021-05-31,000300,002841,视源股份,a,cn
2021-05-31,000300,002916,深南电路,a,cn
2021-05-31,000300,002938,鹏鼎控股,a,cn
2021-05-31,000300,002939,长城证券,a,cn
2021-05-31,000300,002945,华林证券,a,cn
2021-05-31,000300,002958,青农商行,a,cn
2021-05-31,000300,003816,中国广核,a,cn
2021-05-31,000300,300003,乐普医疗,a,cn
2021-05-31,000300,300014,亿纬锂能,a,cn
2021-05-31,000300,300015,爱尔眼科,a,cn
2021-05-31,000300,300033,同花顺,a,cn
2021-05-31,000300,300059,东方财富,a,cn
2021-05-31,000300,300122,智飞生物,a,cn
2021-05-31,000300,300124,汇川技术,a,cn
2021-05-31,000300,300136,信维通信,a,cn
2021-05-31,000300,300142,沃森生物,a,cn
2021-05-31,000300,300144,宋城演艺,a,cn
2021-05-31,000300,300347,泰格医药,a,cn
2021-05-31,000300,300408,三环集团,a,cn
2021-05-31,000300,300413,芒果超媒,a,cn
2021-05-31,000300,300433,蓝思科技,a,cn
2021-05-31,000300,300498,温氏股份,a,cn
2021-05-31,000300,300529,健帆生物,a,cn
2021-05-31,000300,300601,康泰生物,a,cn
2021-05-31,000300,300628,亿联网络,a,cn
2021-05-31,000300,300676,华大基因,a,cn
2021-05-31,000300,600000,浦发银行,a,cn
2021-05-31,000300,600004,白云机场,a,cn
2021-05-31,000300,600009,上海机场,a,cn
2021-05-31,000300,600010,包钢股份,a,cn
2021-05-31,000300,600011,华能国际,a,cn
2021-05-31,000300,600015,华夏银行,a,cn
2021-05-31,000300,600016,民生银行,a,cn
2021-05-31,000300,600018,上港集团,a,cn
2021-05-31,000300,600019,宝钢股份,a,cn
2021-05-31,000300,600025,华能水电,a,cn
2021-05-31,000300,600027,华电国际,a,cn
2021-05-31,000300,600028,中国石化,a,cn
2021-05-31,000300,600029,南方航空,a,cn
2021-05-31,000300,600030,中信证券,a,cn
2021-05-31,000300,600031,三一重工,a,cn
2021-05-31,000300,600036,招商银行,a,cn
2021-05-31,000300,600048,保利发展,a,cn
2021-05-31,000300,600050,中国联通,a,cn
2021-05-31,000300,600061,国投资本,a,cn
2021-05-31,000300,600066,宇通客车,a,cn
2021-05-31,000300,600068,葛洲坝,a,cn
2021-05-31,000300,600085,同仁堂,a,cn
2021-05-31,000300,600104,上汽集团,a,cn
2021-05-31,000300,600109,国金证券,a,cn
2021-05-31,000300,600111,北方稀土,a,cn
2021-05-31,000300,600115,中国东航,a,cn
2021-05-31,000300,600118,中国卫星,a,cn
2021-05-31,000300,600150,中国船舶,a,cn
2021-05-31,000300,600161,天坛生物,a,cn
2021-05-31,000300,600176,中国巨石,a,cn
2021-05-31,000300,600177,雅戈尔,a,cn
2021-05-31,000300,600183,生益科技,a,cn
2021-05-31,000300,600196,复星医药,a,cn
2021-05-31,000300,600208,衢州发展,a,cn
2021-05-31,000300,600233,圆通速递,a,cn
2021-05-31,000300,600271,航天信息,a,cn
2021-05-31,000300,600276,恒瑞医药,a,cn
2021-05-31,000300,600297,广汇汽车,a,cn
2021-05-31,000300,600299,安迪苏,a,cn
2021-05-31,000300,600309,万华化学,a,cn
2021-05-31,000300,600332,白云山,a,cn
2021-05-31,000300,600340,*ST华幸,a,cn
2021-05-31,000300,600346,恒力石化,a,cn
2021-05-31,000300,600352,浙江龙盛,a,cn
2021-05-31,000300,600362,江西铜业,a,cn
2021-05-31,000300,600369,西南证券,a,cn
2021-05-31,000300,600383,金地集团,a,cn
2021-05-31,000300,600390,五矿资本,a,cn
2021-05-31,000300,600406,国电南瑞,a,cn
2021-05-31,000300,600436,片仔癀,a,cn
2021-05-31,000300,600438,通威股份,a,cn
2021-05-31,000300,600482,中国动力,a,cn
2021-05-31,000300,600487,亨通光电,a,cn
2021-05-31,000300,600489,中金黄金,a,cn
2021-05-31,000300,600498,烽火通信,a,cn
2021-05-31,000300,600519,贵州茅台,a,cn
2021-05-31,000300,600522,中天科技,a,cn
2021-05-31,000300,600547,山东黄金,a,cn
2021-05-31,000300,600570,恒生电子,a,cn
2021-05-31,000300,600584,长电科技,a,cn
2021-05-31,000300,600585,海螺水泥,a,cn
2021-05-31,000300,600588,用友网络,a,cn
2021-05-31,000300,600600,青岛啤酒,a,cn
2021-05-31,000300,600606,绿地控股,a,cn
2021-05-31,000300,600637,东方明珠,a,cn
2021-05-31,000300,600655,豫园股份,a,cn
2021-05-31,000300,600660,福耀玻璃,a,cn
2021-05-31,000300,600690,海尔智家,a,cn
2021-05-31,000300,600703,三安光电,a,cn
2021-05-31,000300,600705,中航产融,a,cn
2021-05-31,000300,600741,华域汽车,a,cn
2021-05-31,000300,600745,*ST闻泰,a,cn
2021-05-31,000300,600760,中航沈飞,a,cn
2021-05-31,000300,600763,通策医疗,a,cn
2021-05-31,000300,600795,国电电力,a,cn
2021-05-31,000300,600809,山西汾酒,a,cn
2021-05-31,000300,600837,海通证券,a,cn
2021-05-31,000300,600845,宝信软件,a,cn
2021-05-31,000300,600848,上海临港,a,cn
2021-05-31,000300,600872,中炬高新,a,cn
2021-05-31,000300,600886,国投电力,a,cn
2021-05-31,000300,600887,伊利股份,a,cn
2021-05-31,000300,600893,航发动力,a,cn
2021-05-31,000300,600900,长江电力,a,cn
2021-05-31,000300,600918,中泰证券,a,cn
2021-05-31,000300,600919,江苏银行,a,cn
2021-05-31,000300,600926,杭州银行,a,cn
2021-05-31,000300,600958,东方证券,a,cn
2021-05-31,000300,600989,宝丰能源,a,cn
2021-05-31,000300,600998,九州通,a,cn
2021-05-31,000300,600999,招商证券,a,cn
2021-05-31,000300,601006,大秦铁路,a,cn
2021-05-31,000300,601009,南京银行,a,cn
2021-05-31,000300,601012,隆基绿能,a,cn
2021-05-31,000300,601021,春秋航空,a,cn
2021-05-31,000300,601066,中信建投,a,cn
2021-05-31,000300,601077,渝农商行,a,cn
2021-05-31,000300,601088,中国神华,a,cn
2021-05-31,000300,601100,恒立液压,a,cn
2021-05-31,000300,601108,财通证券,a,cn
2021-05-31,000300,601111,中国国航,a,cn
2021-05-31,000300,601117,中国化学,a,cn
2021-05-31,000300,601138,工业富联,a,cn
2021-05-31,000300,601155,新城控股,a,cn
2021-05-31,000300,601162,天风证券,a,cn
2021-05-31,000300,601166,兴业银行,a,cn
2021-05-31,000300,601169,北京银行,a,cn
2021-05-31,000300,601186,中国铁建,a,cn
2021-05-31,000300,601198,东兴证券,a,cn
2021-05-31,000300,601211,国泰海通,a,cn
2021-05-31,000300,601216,君正集团,a,cn
2021-05-31,000300,601225,陕西煤业,a,cn
2021-05-31,000300,601229,上海银行,a,cn
2021-05-31,000300,601231,环旭电子,a,cn
2021-05-31,000300,601236,红塔证券,a,cn
2021-05-31,000300,601238,广汽集团,a,cn
2021-05-31,000300,601288,农业银行,a,cn
2021-05-31,000300,601318,中国平安,a,cn
2021-05-31,000300,601319,中国人保,a,cn
2021-05-31,000300,601328,交通银行,a,cn
2021-05-31,000300,601336,新华保险,a,cn
2021-05-31,000300,601360,三六零,a,cn
2021-05-31,000300,601377,兴业证券,a,cn
2021-05-31,000300,601390,中国中铁,a,cn
2021-05-31,000300,601398,工商银行,a,cn
2021-05-31,000300,601555,东吴证券,a,cn
2021-05-31,000300,601577,长沙银行,a,cn
2021-05-31,000300,601600,中国铝业,a,cn
2021-05-31,000300,601601,中国太保,a,cn
2021-05-31,000300,601607,上海医药,a,cn
2021-05-31,000300,601618,中国中冶,a,cn
2021-05-31,000300,601628,中国人寿,a,cn
2021-05-31,000300,601633,长城汽车,a,cn
2021-05-31,000300,601658,邮储银行,a,cn
2021-05-31,000300,601668,中国建筑,a,cn
2021-05-31,000300,601669,中国电建,a,cn
2021-05-31,000300,601688,华泰证券,a,cn
2021-05-31,000300,601696,中银证券,a,cn
2021-05-31,000300,601698,中国卫通,a,cn
2021-05-31,000300,601727,上海电气,a,cn
2021-05-31,000300,601766,中国中车,a,cn
2021-05-31,000300,601788,光大证券,a,cn
2021-05-31,000300,601800,中国交建,a,cn
2021-05-31,000300,601808,中海油服,a,cn
2021-05-31,000300,601816,京沪高铁,a,cn
2021-05-31,000300,601818,光大银行,a,cn
2021-05-31,000300,601838,成都银行,a,cn
2021-05-31,000300,601857,中国石油,a,cn
2021-05-31,000300,601872,招商轮船,a,cn
2021-05-31,000300,601877,正泰电器,a,cn
2021-05-31,000300,601878,浙商证券,a,cn
2021-05-31,000300,601881,中国银河,a,cn
2021-05-31,000300,601888,中国中免,a,cn
2021-05-31,000300,601899,紫金矿业,a,cn
2021-05-31,000300,601901,方正证券,a,cn
2021-05-31,000300,601916,浙商银行,a,cn
2021-05-31,000300,601919,中远海控,a,cn
2021-05-31,000300,601933,永辉超市,a,cn
2021-05-31,000300,601939,建设银行,a,cn
2021-05-31,000300,601985,中国核电,a,cn
2021-05-31,000300,601988,中国银行,a,cn
2021-05-31,000300,601989,中国重工,a,cn
2021-05-31,000300,601990,南京证券,a,cn
2021-05-31,000300,601998,中信银行,a,cn
2021-05-31,000300,603019,中科曙光,a,cn
2021-05-31,000300,603087,甘李药业,a,cn
2021-05-31,000300,603156,养元饮品,a,cn
2021-05-31,000300,603160,汇顶科技,a,cn
2021-05-31,000300,603195,公牛集团,a,cn
2021-05-31,000300,603259,药明康德,a,cn
2021-05-31,000300,603288,海天味业,a,cn
2021-05-31,000300,603369,今世缘,a,cn
2021-05-31,000300,603392,万泰生物,a,cn
2021-05-31,000300,603501,豪威集团,a,cn
2021-05-31,000300,603658,安图生物,a,cn
2021-05-31,000300,603799,华友钴业,a,cn
2021-05-31,000300,603833,欧派家居,a,cn
2021-05-31,000300,603899,晨光股份,a,cn
2021-05-31,000300,603986,兆易创新,a,cn
2021-05-31,000300,603993,洛阳钼业,a,cn
2021-05-31,000300,688008,澜起科技,a,cn
2021-05-31,000300,688009,中国通号,a,cn
2021-05-31,000300,688012,中微公司,a,cn
2021-05-31,000300,688036,传音控股,a,cn
2021-06-30,000300,000001,平安银行,a,cn
2021-06-30,000300,000002,万科A,a,cn
2021-06-30,000300,000063,中兴通讯,a,cn
2021-06-30,000300,000066,中国长城,a,cn
2021-06-30,000300,000069,华侨城A,a,cn
2021-06-30,000300,000100,TCL科技,a,cn
2021-06-30,000300,000157,中联重科,a,cn
2021-06-30,000300,000166,申万宏源,a,cn
2021-06-30,000300,000333,美的集团,a,cn
2021-06-30,000300,000338,潍柴动力,a,cn
2021-06-30,000300,000425,徐工机械,a,cn
2021-06-30,000300,000538,云南白药,a,cn
2021-06-30,000300,000568,泸州老窖,a,cn
2021-06-30,000300,000596,古井贡酒,a,cn
2021-06-30,000300,000625,长安汽车,a,cn
2021-06-30,000300,000651,格力电器,a,cn
2021-06-30,000300,000656,金科股份,a,cn
2021-06-30,000300,000661,长春高新,a,cn
2021-06-30,000300,000703,恒逸石化,a,cn
2021-06-30,000300,000708,中信特钢,a,cn
2021-06-30,000300,000725,京东方A,a,cn
2021-06-30,000300,000728,国元证券,a,cn
2021-06-30,000300,000768,中航西飞,a,cn
2021-06-30,000300,000776,广发证券,a,cn
2021-06-30,000300,000783,长江证券,a,cn
2021-06-30,000300,000786,北新建材,a,cn
2021-06-30,000300,000800,一汽解放,a,cn
2021-06-30,000300,000858,五粮液,a,cn
2021-06-30,000300,000860,顺鑫农业,a,cn
2021-06-30,000300,000876,新希望,a,cn
2021-06-30,000300,000895,双汇发展,a,cn
2021-06-30,000300,000938,紫光股份,a,cn
2021-06-30,000300,000963,华东医药,a,cn
2021-06-30,000300,000977,浪潮信息,a,cn
2021-06-30,000300,001979,招商蛇口,a,cn
2021-06-30,000300,002001,新和成,a,cn
2021-06-30,000300,002007,华兰生物,a,cn
2021-06-30,000300,002008,大族激光,a,cn
2021-06-30,000300,002024,ST易购,a,cn
2021-06-30,000300,002027,分众传媒,a,cn
2021-06-30,000300,002032,苏泊尔,a,cn
2021-06-30,000300,002044,美年健康,a,cn
2021-06-30,000300,002049,紫光国微,a,cn
2021-06-30,000300,002050,三花智控,a,cn
2021-06-30,000300,002120,韵达股份,a,cn
2021-06-30,000300,002129,TCL中环,a,cn
2021-06-30,000300,002142,宁波银行,a,cn
2021-06-30,000300,002153,石基信息,a,cn
2021-06-30,000300,002157,正邦科技,a,cn
2021-06-30,000300,002179,中航光电,a,cn
2021-06-30,000300,002202,金风科技,a,cn
2021-06-30,000300,002230,科大讯飞,a,cn
2021-06-30,000300,002236,大华股份,a,cn
2021-06-30,000300,002241,歌尔股份,a,cn
2021-06-30,000300,002252,上海莱士,a,cn
2021-06-30,000300,002271,东方雨虹,a,cn
2021-06-30,000300,002304,洋河股份,a,cn
2021-06-30,000300,002311,海大集团,a,cn
2021-06-30,000300,002352,顺丰控股,a,cn
2021-06-30,000300,002371,北方华创,a,cn
2021-06-30,000300,002384,东山精密,a,cn
2021-06-30,000300,002410,广联达,a,cn
2021-06-30,000300,002414,高德红外,a,cn
2021-06-30,000300,002415,海康威视,a,cn
2021-06-30,000300,002456,欧菲光,a,cn
2021-06-30,000300,002460,赣锋锂业,a,cn
2021-06-30,000300,002463,沪电股份,a,cn
2021-06-30,000300,002475,立讯精密,a,cn
2021-06-30,000300,002493,荣盛石化,a,cn
2021-06-30,000300,002508,老板电器,a,cn
2021-06-30,000300,002555,三七互娱,a,cn
2021-06-30,000300,002558,巨人网络,a,cn
2021-06-30,000300,002594,比亚迪,a,cn
2021-06-30,000300,002600,领益智造,a,cn
2021-06-30,000300,002601,龙佰集团,a,cn
2021-06-30,000300,002602,世纪华通,a,cn
2021-06-30,000300,002607,中公教育,a,cn
2021-06-30,000300,002624,完美世界,a,cn
2021-06-30,000300,002673,西部证券,a,cn
2021-06-30,000300,002714,牧原股份,a,cn
2021-06-30,000300,002736,国信证券,a,cn
2021-06-30,000300,002739,儒意电影,a,cn
2021-06-30,000300,002773,康弘药业,a,cn
2021-06-30,000300,002812,恩捷股份,a,cn
2021-06-30,000300,002821,凯莱英,a,cn
2021-06-30,000300,002841,视源股份,a,cn
2021-06-30,000300,002916,深南电路,a,cn
2021-06-30,000300,002938,鹏鼎控股,a,cn
2021-06-30,000300,002939,长城证券,a,cn
2021-06-30,000300,002945,华林证券,a,cn
2021-06-30,000300,003816,中国广核,a,cn
2021-06-30,000300,300003,乐普医疗,a,cn
2021-06-30,000300,300014,亿纬锂能,a,cn
2021-06-30,000300,300015,爱尔眼科,a,cn
2021-06-30,000300,300033,同花顺,a,cn
2021-06-30,000300,300059,东方财富,a,cn
2021-06-30,000300,300122,智飞生物,a,cn
2021-06-30,000300,300124,汇川技术,a,cn
2021-06-30,000300,300136,信维通信,a,cn
2021-06-30,000300,300142,沃森生物,a,cn
2021-06-30,000300,300144,宋城演艺,a,cn
2021-06-30,000300,300274,阳光电源,a,cn
2021-06-30,000300,300347,泰格医药,a,cn
2021-06-30,000300,300408,三环集团,a,cn
2021-06-30,000300,300413,芒果超媒,a,cn
2021-06-30,000300,300433,蓝思科技,a,cn
2021-06-30,000300,300450,先导智能,a,cn
2021-06-30,000300,300498,温氏股份,a,cn
2021-06-30,000300,300529,健帆生物,a,cn
2021-06-30,000300,300558,贝达药业,a,cn
2021-06-30,000300,300595,欧普康视,a,cn
2021-06-30,000300,300601,康泰生物,a,cn
2021-06-30,000300,300628,亿联网络,a,cn
2021-06-30,000300,300676,华大基因,a,cn
2021-06-30,000300,300677,英科医疗,a,cn
2021-06-30,000300,600000,浦发银行,a,cn
2021-06-30,000300,600009,上海机场,a,cn
2021-06-30,000300,600010,包钢股份,a,cn
2021-06-30,000300,600011,华能国际,a,cn
2021-06-30,000300,600015,华夏银行,a,cn
2021-06-30,000300,600016,民生银行,a,cn
2021-06-30,000300,600018,上港集团,a,cn
2021-06-30,000300,600019,宝钢股份,a,cn
2021-06-30,000300,600025,华能水电,a,cn
2021-06-30,000300,600028,中国石化,a,cn
2021-06-30,000300,600029,南方航空,a,cn
2021-06-30,000300,600030,中信证券,a,cn
2021-06-30,000300,600031,三一重工,a,cn
2021-06-30,000300,600036,招商银行,a,cn
2021-06-30,000300,600048,保利发展,a,cn
2021-06-30,000300,600050,中国联通,a,cn
2021-06-30,000300,600061,国投资本,a,cn
2021-06-30,000300,600079,ST人福,a,cn
2021-06-30,000300,600085,同仁堂,a,cn
2021-06-30,000300,600104,上汽集团,a,cn
2021-06-30,000300,600109,国金证券,a,cn
2021-06-30,000300,600111,北方稀土,a,cn
2021-06-30,000300,600115,中国东航,a,cn
2021-06-30,000300,600118,中国卫星,a,cn
2021-06-30,000300,600132,重庆啤酒,a,cn
2021-06-30,000300,600143,金发科技,a,cn
2021-06-30,000300,600150,中国船舶,a,cn
2021-06-30,000300,600161,天坛生物,a,cn
2021-06-30,000300,600176,中国巨石,a,cn
2021-06-30,000300,600183,生益科技,a,cn
2021-06-30,000300,600196,复星医药,a,cn
2021-06-30,000300,600233,圆通速递,a,cn
2021-06-30,000300,600276,恒瑞医药,a,cn
2021-06-30,000300,600299,安迪苏,a,cn
2021-06-30,000300,600309,万华化学,a,cn
2021-06-30,000300,600332,白云山,a,cn
2021-06-30,000300,600340,*ST华幸,a,cn
2021-06-30,000300,600346,恒力石化,a,cn
2021-06-30,000300,600352,浙江龙盛,a,cn
2021-06-30,000300,600362,江西铜业,a,cn
2021-06-30,000300,600383,金地集团,a,cn
2021-06-30,000300,600406,国电南瑞,a,cn
2021-06-30,000300,600426,华鲁恒升,a,cn
2021-06-30,000300,600436,片仔癀,a,cn
2021-06-30,000300,600438,通威股份,a,cn
2021-06-30,000300,600482,中国动力,a,cn
2021-06-30,000300,600489,中金黄金,a,cn
2021-06-30,000300,600519,贵州茅台,a,cn
2021-06-30,000300,600521,华海药业,a,cn
2021-06-30,000300,600522,中天科技,a,cn
2021-06-30,000300,600547,山东黄金,a,cn
2021-06-30,000300,600570,恒生电子,a,cn
2021-06-30,000300,600584,长电科技,a,cn
2021-06-30,000300,600585,海螺水泥,a,cn
2021-06-30,000300,600588,用友网络,a,cn
2021-06-30,000300,600600,青岛啤酒,a,cn
2021-06-30,000300,600606,绿地控股,a,cn
2021-06-30,000300,600655,豫园股份,a,cn
2021-06-30,000300,600660,福耀玻璃,a,cn
2021-06-30,000300,600690,海尔智家,a,cn
2021-06-30,000300,600703,三安光电,a,cn
2021-06-30,000300,600705,中航产融,a,cn
2021-06-30,000300,600741,华域汽车,a,cn
2021-06-30,000300,600745,*ST闻泰,a,cn
2021-06-30,000300,600760,中航沈飞,a,cn
2021-06-30,000300,600763,通策医疗,a,cn
2021-06-30,000300,600795,国电电力,a,cn
2021-06-30,000300,600809,山西汾酒,a,cn
2021-06-30,000300,600837,海通证券,a,cn
2021-06-30,000300,600845,宝信软件,a,cn
2021-06-30,000300,600848,上海临港,a,cn
2021-06-30,000300,600872,中炬高新,a,cn
2021-06-30,000300,600886,国投电力,a,cn
2021-06-30,000300,600887,伊利股份,a,cn
2021-06-30,000300,600893,航发动力,a,cn
2021-06-30,000300,600900,长江电力,a,cn
2021-06-30,000300,600918,中泰证券,a,cn
2021-06-30,000300,600919,江苏银行,a,cn
2021-06-30,000300,600926,杭州银行,a,cn
2021-06-30,000300,600958,东方证券,a,cn
2021-06-30,000300,600989,宝丰能源,a,cn
2021-06-30,000300,600999,招商证券,a,cn
2021-06-30,000300,601006,大秦铁路,a,cn
2021-06-30,000300,601009,南京银行,a,cn
2021-06-30,000300,601012,隆基绿能,a,cn
2021-06-30,000300,601021,春秋航空,a,cn
2021-06-30,000300,601066,中信建投,a,cn
2021-06-30,000300,601077,渝农商行,a,cn
2021-06-30,000300,601088,中国神华,a,cn
2021-06-30,000300,601100,恒立液压,a,cn
2021-06-30,000300,601108,财通证券,a,cn
2021-06-30,000300,601111,中国国航,a,cn
2021-06-30,000300,601138,工业富联,a,cn
2021-06-30,000300,601155,新城控股,a,cn
2021-06-30,000300,601162,天风证券,a,cn
2021-06-30,000300,601166,兴业银行,a,cn
2021-06-30,000300,601169,北京银行,a,cn
2021-06-30,000300,601186,中国铁建,a,cn
2021-06-30,000300,601211,国泰海通,a,cn
2021-06-30,000300,601216,君正集团,a,cn
2021-06-30,000300,601225,陕西煤业,a,cn
2021-06-30,000300,601229,上海银行,a,cn
2021-06-30,000300,601231,环旭电子,a,cn
2021-06-30,000300,601236,红塔证券,a,cn
2021-06-30,000300,601238,广汽集团,a,cn
2021-06-30,000300,601288,农业银行,a,cn
2021-06-30,000300,601318,中国平安,a,cn
2021-06-30,000300,601319,中国人保,a,cn
2021-06-30,000300,601328,交通银行,a,cn
2021-06-30,000300,601336,新华保险,a,cn
2021-06-30,000300,601360,三六零,a,cn
2021-06-30,000300,601377,兴业证券,a,cn
2021-06-30,000300,601390,中国中铁,a,cn
2021-06-30,000300,601398,工商银行,a,cn
2021-06-30,000300,601555,东吴证券,a,cn
2021-06-30,000300,601600,中国铝业,a,cn
2021-06-30,000300,601601,中国太保,a,cn
2021-06-30,000300,601607,上海医药,a,cn
2021-06-30,000300,601618,中国中冶,a,cn
2021-06-30,000300,601628,中国人寿,a,cn
2021-06-30,000300,601633,长城汽车,a,cn
2021-06-30,000300,601658,邮储银行,a,cn
2021-06-30,000300,601668,中国建筑,a,cn
2021-06-30,000300,601669,中国电建,a,cn
2021-06-30,000300,601688,华泰证券,a,cn
2021-06-30,000300,601696,中银证券,a,cn
2021-06-30,000300,601698,中国卫通,a,cn
2021-06-30,000300,601727,上海电气,a,cn
2021-06-30,000300,601766,中国中车,a,cn
2021-06-30,000300,601788,光大证券,a,cn
2021-06-30,000300,601799,星宇股份,a,cn
2021-06-30,000300,601800,中国交建,a,cn
2021-06-30,000300,601808,中海油服,a,cn
2021-06-30,000300,601816,京沪高铁,a,cn
2021-06-30,000300,601818,光大银行,a,cn
2021-06-30,000300,601838,成都银行,a,cn
2021-06-30,000300,601857,中国石油,a,cn
2021-06-30,000300,601872,招商轮船,a,cn
2021-06-30,000300,601877,正泰电器,a,cn
2021-06-30,000300,601878,浙商证券,a,cn
2021-06-30,000300,601881,中国银河,a,cn
2021-06-30,000300,601888,中国中免,a,cn
2021-06-30,000300,601899,紫金矿业,a,cn
2021-06-30,000300,601901,方正证券,a,cn
2021-06-30,000300,601916,浙商银行,a,cn
2021-06-30,000300,601919,中远海控,a,cn
2021-06-30,000300,601933,永辉超市,a,cn
2021-06-30,000300,601939,建设银行,a,cn
2021-06-30,000300,601985,中国核电,a,cn
2021-06-30,000300,601988,中国银行,a,cn
2021-06-30,000300,601989,中国重工,a,cn
2021-06-30,000300,601990,南京证券,a,cn
2021-06-30,000300,601995,中金公司,a,cn
2021-06-30,000300,601998,中信银行,a,cn
2021-06-30,000300,603019,中科曙光,a,cn
2021-06-30,000300,603087,甘李药业,a,cn
2021-06-30,000300,603160,汇顶科技,a,cn
2021-06-30,000300,603195,公牛集团,a,cn
2021-06-30,000300,603233,大参林,a,cn
2021-06-30,000300,603259,药明康德,a,cn
2021-06-30,000300,603288,海天味业,a,cn
2021-06-30,000300,603338,浙江鼎力,a,cn
2021-06-30,000300,603369,今世缘,a,cn
2021-06-30,000300,603392,万泰生物,a,cn
2021-06-30,000300,603501,豪威集团,a,cn
2021-06-30,000300,603517,ST绝味,a,cn
2021-06-30,000300,603658,安图生物,a,cn
2021-06-30,000300,603659,璞泰来,a,cn
2021-06-30,000300,603799,华友钴业,a,cn
2021-06-30,000300,603806,福斯特,a,cn
2021-06-30,000300,603833,欧派家居,a,cn
2021-06-30,000300,603882,金域医学,a,cn
2021-06-30,000300,603899,晨光股份,a,cn
2021-06-30,000300,603939,益丰药房,a,cn
2021-06-30,000300,603986,兆易创新,a,cn
2021-06-30,000300,603993,洛阳钼业,a,cn
2021-06-30,000300,688008,澜起科技,a,cn
2021-06-30,000300,688009,中国通号,a,cn
2021-06-30,000300,688012,中微公司,a,cn
2021-06-30,000300,688036,传音控股,a,cn
2021-06-30,000300,688111,金山办公,a,cn
2021-06-30,000300,688126,沪硅产业,a,cn
2021-06-30,000300,688169,石头科技,a,cn
2021-06-30,000300,688363,华熙生物,a,cn
2021-06-30,000300,688396,华润微,a,cn
2021-07-30,000300,000001,平安银行,a,cn
2021-07-30,000300,000002,万科A,a,cn
2021-07-30,000300,000063,中兴通讯,a,cn
2021-07-30,000300,000066,中国长城,a,cn
2021-07-30,000300,000069,华侨城A,a,cn
2021-07-30,000300,000100,TCL科技,a,cn
2021-07-30,000300,000157,中联重科,a,cn
2021-07-30,000300,000166,申万宏源,a,cn
2021-07-30,000300,000333,美的集团,a,cn
2021-07-30,000300,000338,潍柴动力,a,cn
2021-07-30,000300,000425,徐工机械,a,cn
2021-07-30,000300,000538,云南白药,a,cn
2021-07-30,000300,000568,泸州老窖,a,cn
2021-07-30,000300,000596,古井贡酒,a,cn
2021-07-30,000300,000625,长安汽车,a,cn
2021-07-30,000300,000651,格力电器,a,cn
2021-07-30,000300,000656,金科股份,a,cn
2021-07-30,000300,000661,长春高新,a,cn
2021-07-30,000300,000703,恒逸石化,a,cn
2021-07-30,000300,000708,中信特钢,a,cn
2021-07-30,000300,000725,京东方A,a,cn
2021-07-30,000300,000728,国元证券,a,cn
2021-07-30,000300,000768,中航西飞,a,cn
2021-07-30,000300,000776,广发证券,a,cn
2021-07-30,000300,000783,长江证券,a,cn
2021-07-30,000300,000786,北新建材,a,cn
2021-07-30,000300,000800,一汽解放,a,cn
2021-07-30,000300,000858,五粮液,a,cn
2021-07-30,000300,000860,顺鑫农业,a,cn
2021-07-30,000300,000876,新希望,a,cn
2021-07-30,000300,000895,双汇发展,a,cn
2021-07-30,000300,000938,紫光股份,a,cn
2021-07-30,000300,000963,华东医药,a,cn
2021-07-30,000300,000977,浪潮信息,a,cn
2021-07-30,000300,001979,招商蛇口,a,cn
2021-07-30,000300,002001,新和成,a,cn
2021-07-30,000300,002007,华兰生物,a,cn
2021-07-30,000300,002008,大族激光,a,cn
2021-07-30,000300,002024,ST易购,a,cn
2021-07-30,000300,002027,分众传媒,a,cn
2021-07-30,000300,002032,苏泊尔,a,cn
2021-07-30,000300,002044,美年健康,a,cn
2021-07-30,000300,002049,紫光国微,a,cn
2021-07-30,000300,002050,三花智控,a,cn
2021-07-30,000300,002120,韵达股份,a,cn
2021-07-30,000300,002129,TCL中环,a,cn
2021-07-30,000300,002142,宁波银行,a,cn
2021-07-30,000300,002153,石基信息,a,cn
2021-07-30,000300,002157,正邦科技,a,cn
2021-07-30,000300,002179,中航光电,a,cn
2021-07-30,000300,002202,金风科技,a,cn
2021-07-30,000300,002230,科大讯飞,a,cn
2021-07-30,000300,002236,大华股份,a,cn
2021-07-30,000300,002241,歌尔股份,a,cn
2021-07-30,000300,002252,上海莱士,a,cn
2021-07-30,000300,002271,东方雨虹,a,cn
2021-07-30,000300,002304,洋河股份,a,cn
2021-07-30,000300,002311,海大集团,a,cn
2021-07-30,000300,002352,顺丰控股,a,cn
2021-07-30,000300,002371,北方华创,a,cn
2021-07-30,000300,002384,东山精密,a,cn
2021-07-30,000300,002410,广联达,a,cn
2021-07-30,000300,002414,高德红外,a,cn
2021-07-30,000300,002415,海康威视,a,cn
2021-07-30,000300,002456,欧菲光,a,cn
2021-07-30,000300,002460,赣锋锂业,a,cn
2021-07-30,000300,002463,沪电股份,a,cn
2021-07-30,000300,002475,立讯精密,a,cn
2021-07-30,000300,002493,荣盛石化,a,cn
2021-07-30,000300,002508,老板电器,a,cn
2021-07-30,000300,002555,三七互娱,a,cn
2021-07-30,000300,002558,巨人网络,a,cn
2021-07-30,000300,002594,比亚迪,a,cn
2021-07-30,000300,002600,领益智造,a,cn
2021-07-30,000300,002601,龙佰集团,a,cn
2021-07-30,000300,002602,世纪华通,a,cn
2021-07-30,000300,002607,中公教育,a,cn
2021-07-30,000300,002624,完美世界,a,cn
2021-07-30,000300,002673,西部证券,a,cn
2021-07-30,000300,002714,牧原股份,a,cn
2021-07-30,000300,002736,国信证券,a,cn
2021-07-30,000300,002739,儒意电影,a,cn
2021-07-30,000300,002773,康弘药业,a,cn
2021-07-30,000300,002812,恩捷股份,a,cn
2021-07-30,000300,002821,凯莱英,a,cn
2021-07-30,000300,002841,视源股份,a,cn
2021-07-30,000300,002916,深南电路,a,cn
2021-07-30,000300,002938,鹏鼎控股,a,cn
2021-07-30,000300,002939,长城证券,a,cn
2021-07-30,000300,002945,华林证券,a,cn
2021-07-30,000300,003816,中国广核,a,cn
2021-07-30,000300,300003,乐普医疗,a,cn
2021-07-30,000300,300014,亿纬锂能,a,cn
2021-07-30,000300,300015,爱尔眼科,a,cn
2021-07-30,000300,300033,同花顺,a,cn
2021-07-30,000300,300059,东方财富,a,cn
2021-07-30,000300,300122,智飞生物,a,cn
2021-07-30,000300,300124,汇川技术,a,cn
2021-07-30,000300,300136,信维通信,a,cn
2021-07-30,000300,300142,沃森生物,a,cn
2021-07-30,000300,300144,宋城演艺,a,cn
2021-07-30,000300,300274,阳光电源,a,cn
2021-07-30,000300,300347,泰格医药,a,cn
2021-07-30,000300,300408,三环集团,a,cn
2021-07-30,000300,300413,芒果超媒,a,cn
2021-07-30,000300,300433,蓝思科技,a,cn
2021-07-30,000300,300450,先导智能,a,cn
2021-07-30,000300,300498,温氏股份,a,cn
2021-07-30,000300,300529,健帆生物,a,cn
2021-07-30,000300,300558,贝达药业,a,cn
2021-07-30,000300,300595,欧普康视,a,cn
2021-07-30,000300,300601,康泰生物,a,cn
2021-07-30,000300,300628,亿联网络,a,cn
2021-07-30,000300,300676,华大基因,a,cn
2021-07-30,000300,300677,英科医疗,a,cn
2021-07-30,000300,600000,浦发银行,a,cn
2021-07-30,000300,600009,上海机场,a,cn
2021-07-30,000300,600010,包钢股份,a,cn
2021-07-30,000300,600011,华能国际,a,cn
2021-07-30,000300,600015,华夏银行,a,cn
2021-07-30,000300,600016,民生银行,a,cn
2021-07-30,000300,600018,上港集团,a,cn
2021-07-30,000300,600019,宝钢股份,a,cn
2021-07-30,000300,600025,华能水电,a,cn
2021-07-30,000300,600028,中国石化,a,cn
2021-07-30,000300,600029,南方航空,a,cn
2021-07-30,000300,600030,中信证券,a,cn
2021-07-30,000300,600031,三一重工,a,cn
2021-07-30,000300,600036,招商银行,a,cn
2021-07-30,000300,600048,保利发展,a,cn
2021-07-30,000300,600050,中国联通,a,cn
2021-07-30,000300,600061,国投资本,a,cn
2021-07-30,000300,600079,ST人福,a,cn
2021-07-30,000300,600085,同仁堂,a,cn
2021-07-30,000300,600104,上汽集团,a,cn
2021-07-30,000300,600109,国金证券,a,cn
2021-07-30,000300,600111,北方稀土,a,cn
2021-07-30,000300,600115,中国东航,a,cn
2021-07-30,000300,600118,中国卫星,a,cn
2021-07-30,000300,600132,重庆啤酒,a,cn
2021-07-30,000300,600143,金发科技,a,cn
2021-07-30,000300,600150,中国船舶,a,cn
2021-07-30,000300,600161,天坛生物,a,cn
2021-07-30,000300,600176,中国巨石,a,cn
2021-07-30,000300,600183,生益科技,a,cn
2021-07-30,000300,600196,复星医药,a,cn
2021-07-30,000300,600233,圆通速递,a,cn
2021-07-30,000300,600276,恒瑞医药,a,cn
2021-07-30,000300,600299,安迪苏,a,cn
2021-07-30,000300,600309,万华化学,a,cn
2021-07-30,000300,600332,白云山,a,cn
2021-07-30,000300,600340,*ST华幸,a,cn
2021-07-30,000300,600346,恒力石化,a,cn
2021-07-30,000300,600352,浙江龙盛,a,cn
2021-07-30,000300,600362,江西铜业,a,cn
2021-07-30,000300,600383,金地集团,a,cn
2021-07-30,000300,600406,国电南瑞,a,cn
2021-07-30,000300,600426,华鲁恒升,a,cn
2021-07-30,000300,600436,片仔癀,a,cn
2021-07-30,000300,600438,通威股份,a,cn
2021-07-30,000300,600482,中国动力,a,cn
2021-07-30,000300,600489,中金黄金,a,cn
2021-07-30,000300,600519,贵州茅台,a,cn
2021-07-30,000300,600521,华海药业,a,cn
2021-07-30,000300,600522,中天科技,a,cn
2021-07-30,000300,600547,山东黄金,a,cn
2021-07-30,000300,600570,恒生电子,a,cn
2021-07-30,000300,600584,长电科技,a,cn
2021-07-30,000300,600585,海螺水泥,a,cn
2021-07-30,000300,600588,用友网络,a,cn
2021-07-30,000300,600600,青岛啤酒,a,cn
2021-07-30,000300,600606,绿地控股,a,cn
2021-07-30,000300,600655,豫园股份,a,cn
2021-07-30,000300,600660,福耀玻璃,a,cn
2021-07-30,000300,600690,海尔智家,a,cn
2021-07-30,000300,600703,三安光电,a,cn
2021-07-30,000300,600705,中航产融,a,cn
2021-07-30,000300,600741,华域汽车,a,cn
2021-07-30,000300,600745,*ST闻泰,a,cn
2021-07-30,000300,600760,中航沈飞,a,cn
2021-07-30,000300,600763,通策医疗,a,cn
2021-07-30,000300,600795,国电电力,a,cn
2021-07-30,000300,600809,山西汾酒,a,cn
2021-07-30,000300,600837,海通证券,a,cn
2021-07-30,000300,600845,宝信软件,a,cn
2021-07-30,000300,600848,上海临港,a,cn
2021-07-30,000300,600872,中炬高新,a,cn
2021-07-30,000300,600886,国投电力,a,cn
2021-07-30,000300,600887,伊利股份,a,cn
2021-07-30,000300,600893,航发动力,a,cn
2021-07-30,000300,600900,长江电力,a,cn
2021-07-30,000300,600918,中泰证券,a,cn
2021-07-30,000300,600919,江苏银行,a,cn
2021-07-30,000300,600926,杭州银行,a,cn
2021-07-30,000300,600958,东方证券,a,cn
2021-07-30,000300,600989,宝丰能源,a,cn
2021-07-30,000300,600999,招商证券,a,cn
2021-07-30,000300,601006,大秦铁路,a,cn
2021-07-30,000300,601009,南京银行,a,cn
2021-07-30,000300,601012,隆基绿能,a,cn
2021-07-30,000300,601021,春秋航空,a,cn
2021-07-30,000300,601066,中信建投,a,cn
2021-07-30,000300,601077,渝农商行,a,cn
2021-07-30,000300,601088,中国神华,a,cn
2021-07-30,000300,601100,恒立液压,a,cn
2021-07-30,000300,601108,财通证券,a,cn
2021-07-30,000300,601111,中国国航,a,cn
2021-07-30,000300,601138,工业富联,a,cn
2021-07-30,000300,601155,新城控股,a,cn
2021-07-30,000300,601162,天风证券,a,cn
2021-07-30,000300,601166,兴业银行,a,cn
2021-07-30,000300,601169,北京银行,a,cn
2021-07-30,000300,601186,中国铁建,a,cn
2021-07-30,000300,601211,国泰海通,a,cn
2021-07-30,000300,601216,君正集团,a,cn
2021-07-30,000300,601225,陕西煤业,a,cn
2021-07-30,000300,601229,上海银行,a,cn
2021-07-30,000300,601231,环旭电子,a,cn
2021-07-30,000300,601236,红塔证券,a,cn
2021-07-30,000300,601238,广汽集团,a,cn
2021-07-30,000300,601288,农业银行,a,cn
2021-07-30,000300,601318,中国平安,a,cn
2021-07-30,000300,601319,中国人保,a,cn
2021-07-30,000300,601328,交通银行,a,cn
2021-07-30,000300,601336,新华保险,a,cn
2021-07-30,000300,601360,三六零,a,cn
2021-07-30,000300,601377,兴业证券,a,cn
2021-07-30,000300,601390,中国中铁,a,cn
2021-07-30,000300,601398,工商银行,a,cn
2021-07-30,000300,601555,东吴证券,a,cn
2021-07-30,000300,601600,中国铝业,a,cn
2021-07-30,000300,601601,中国太保,a,cn
2021-07-30,000300,601607,上海医药,a,cn
2021-07-30,000300,601618,中国中冶,a,cn
2021-07-30,000300,601628,中国人寿,a,cn
2021-07-30,000300,601633,长城汽车,a,cn
2021-07-30,000300,601658,邮储银行,a,cn
2021-07-30,000300,601668,中国建筑,a,cn
2021-07-30,000300,601669,中国电建,a,cn
2021-07-30,000300,601688,华泰证券,a,cn
2021-07-30,000300,601696,中银证券,a,cn
2021-07-30,000300,601698,中国卫通,a,cn
2021-07-30,000300,601727,上海电气,a,cn
2021-07-30,000300,601766,中国中车,a,cn
2021-07-30,000300,601788,光大证券,a,cn
2021-07-30,000300,601799,星宇股份,a,cn
2021-07-30,000300,601800,中国交建,a,cn
2021-07-30,000300,601808,中海油服,a,cn
2021-07-30,000300,601816,京沪高铁,a,cn
2021-07-30,000300,601818,光大银行,a,cn
2021-07-30,000300,601838,成都银行,a,cn
2021-07-30,000300,601857,中国石油,a,cn
2021-07-30,000300,601872,招商轮船,a,cn
2021-07-30,000300,601877,正泰电器,a,cn
2021-07-30,000300,601878,浙商证券,a,cn
2021-07-30,000300,601881,中国银河,a,cn
2021-07-30,000300,601888,中国中免,a,cn
2021-07-30,000300,601899,紫金矿业,a,cn
2021-07-30,000300,601901,方正证券,a,cn
2021-07-30,000300,601916,浙商银行,a,cn
2021-07-30,000300,601919,中远海控,a,cn
2021-07-30,000300,601933,永辉超市,a,cn
2021-07-30,000300,601939,建设银行,a,cn
2021-07-30,000300,601985,中国核电,a,cn
2021-07-30,000300,601988,中国银行,a,cn
2021-07-30,000300,601989,中国重工,a,cn
2021-07-30,000300,601990,南京证券,a,cn
2021-07-30,000300,601995,中金公司,a,cn
2021-07-30,000300,601998,中信银行,a,cn
2021-07-30,000300,603019,中科曙光,a,cn
2021-07-30,000300,603087,甘李药业,a,cn
2021-07-30,000300,603160,汇顶科技,a,cn
2021-07-30,000300,603195,公牛集团,a,cn
2021-07-30,000300,603233,大参林,a,cn
2021-07-30,000300,603259,药明康德,a,cn
2021-07-30,000300,603288,海天味业,a,cn
2021-07-30,000300,603338,浙江鼎力,a,cn
2021-07-30,000300,603369,今世缘,a,cn
2021-07-30,000300,603392,万泰生物,a,cn
2021-07-30,000300,603501,豪威集团,a,cn
2021-07-30,000300,603517,ST绝味,a,cn
2021-07-30,000300,603658,安图生物,a,cn
2021-07-30,000300,603659,璞泰来,a,cn
2021-07-30,000300,603799,华友钴业,a,cn
2021-07-30,000300,603806,福斯特,a,cn
2021-07-30,000300,603833,欧派家居,a,cn
2021-07-30,000300,603882,金域医学,a,cn
2021-07-30,000300,603899,晨光股份,a,cn
2021-07-30,000300,603939,益丰药房,a,cn
2021-07-30,000300,603986,兆易创新,a,cn
2021-07-30,000300,603993,洛阳钼业,a,cn
2021-07-30,000300,688008,澜起科技,a,cn
2021-07-30,000300,688009,中国通号,a,cn
2021-07-30,000300,688012,中微公司,a,cn
2021-07-30,000300,688036,传音控股,a,cn
2021-07-30,000300,688111,金山办公,a,cn
2021-07-30,000300,688126,沪硅产业,a,cn
2021-07-30,000300,688169,石头科技,a,cn
2021-07-30,000300,688363,华熙生物,a,cn
2021-07-30,000300,688396,华润微,a,cn
2021-08-31,000300,000001,平安银行,a,cn
2021-08-31,000300,000002,万科A,a,cn
2021-08-31,000300,000063,中兴通讯,a,cn
2021-08-31,000300,000066,中国长城,a,cn
2021-08-31,000300,000069,华侨城A,a,cn
2021-08-31,000300,000100,TCL科技,a,cn
2021-08-31,000300,000157,中联重科,a,cn
2021-08-31,000300,000166,申万宏源,a,cn
2021-08-31,000300,000333,美的集团,a,cn
2021-08-31,000300,000338,潍柴动力,a,cn
2021-08-31,000300,000425,徐工机械,a,cn
2021-08-31,000300,000538,云南白药,a,cn
2021-08-31,000300,000568,泸州老窖,a,cn
2021-08-31,000300,000596,古井贡酒,a,cn
2021-08-31,000300,000625,长安汽车,a,cn
2021-08-31,000300,000651,格力电器,a,cn
2021-08-31,000300,000656,金科股份,a,cn
2021-08-31,000300,000661,长春高新,a,cn
2021-08-31,000300,000703,恒逸石化,a,cn
2021-08-31,000300,000708,中信特钢,a,cn
2021-08-31,000300,000725,京东方A,a,cn
2021-08-31,000300,000728,国元证券,a,cn
2021-08-31,000300,000768,中航西飞,a,cn
2021-08-31,000300,000776,广发证券,a,cn
2021-08-31,000300,000783,长江证券,a,cn
2021-08-31,000300,000786,北新建材,a,cn
2021-08-31,000300,000800,一汽解放,a,cn
2021-08-31,000300,000858,五粮液,a,cn
2021-08-31,000300,000860,顺鑫农业,a,cn
2021-08-31,000300,000876,新希望,a,cn
2021-08-31,000300,000895,双汇发展,a,cn
2021-08-31,000300,000938,紫光股份,a,cn
2021-08-31,000300,000963,华东医药,a,cn
2021-08-31,000300,000977,浪潮信息,a,cn
2021-08-31,000300,001979,招商蛇口,a,cn
2021-08-31,000300,002001,新和成,a,cn
2021-08-31,000300,002007,华兰生物,a,cn
2021-08-31,000300,002008,大族激光,a,cn
2021-08-31,000300,002024,ST易购,a,cn
2021-08-31,000300,002027,分众传媒,a,cn
2021-08-31,000300,002032,苏泊尔,a,cn
2021-08-31,000300,002044,美年健康,a,cn
2021-08-31,000300,002049,紫光国微,a,cn
2021-08-31,000300,002050,三花智控,a,cn
2021-08-31,000300,002120,韵达股份,a,cn
2021-08-31,000300,002129,TCL中环,a,cn
2021-08-31,000300,002142,宁波银行,a,cn
2021-08-31,000300,002153,石基信息,a,cn
2021-08-31,000300,002157,正邦科技,a,cn
2021-08-31,000300,002179,中航光电,a,cn
2021-08-31,000300,002202,金风科技,a,cn
2021-08-31,000300,002230,科大讯飞,a,cn
2021-08-31,000300,002236,大华股份,a,cn
2021-08-31,000300,002241,歌尔股份,a,cn
2021-08-31,000300,002252,上海莱士,a,cn
2021-08-31,000300,002271,东方雨虹,a,cn
2021-08-31,000300,002304,洋河股份,a,cn
2021-08-31,000300,002311,海大集团,a,cn
2021-08-31,000300,002352,顺丰控股,a,cn
2021-08-31,000300,002371,北方华创,a,cn
2021-08-31,000300,002384,东山精密,a,cn
2021-08-31,000300,002410,广联达,a,cn
2021-08-31,000300,002414,高德红外,a,cn
2021-08-31,000300,002415,海康威视,a,cn
2021-08-31,000300,002456,欧菲光,a,cn
2021-08-31,000300,002460,赣锋锂业,a,cn
2021-08-31,000300,002463,沪电股份,a,cn
2021-08-31,000300,002475,立讯精密,a,cn
2021-08-31,000300,002493,荣盛石化,a,cn
2021-08-31,000300,002508,老板电器,a,cn
2021-08-31,000300,002555,三七互娱,a,cn
2021-08-31,000300,002558,巨人网络,a,cn
2021-08-31,000300,002594,比亚迪,a,cn
2021-08-31,000300,002600,领益智造,a,cn
2021-08-31,000300,002601,龙佰集团,a,cn
2021-08-31,000300,002602,世纪华通,a,cn
2021-08-31,000300,002607,中公教育,a,cn
2021-08-31,000300,002624,完美世界,a,cn
2021-08-31,000300,002673,西部证券,a,cn
2021-08-31,000300,002714,牧原股份,a,cn
2021-08-31,000300,002736,国信证券,a,cn
2021-08-31,000300,002739,儒意电影,a,cn
2021-08-31,000300,002773,康弘药业,a,cn
2021-08-31,000300,002812,恩捷股份,a,cn
2021-08-31,000300,002821,凯莱英,a,cn
2021-08-31,000300,002841,视源股份,a,cn
2021-08-31,000300,002916,深南电路,a,cn
2021-08-31,000300,002938,鹏鼎控股,a,cn
2021-08-31,000300,002939,长城证券,a,cn
2021-08-31,000300,002945,华林证券,a,cn
2021-08-31,000300,003816,中国广核,a,cn
2021-08-31,000300,300003,乐普医疗,a,cn
2021-08-31,000300,300014,亿纬锂能,a,cn
2021-08-31,000300,300015,爱尔眼科,a,cn
2021-08-31,000300,300033,同花顺,a,cn
2021-08-31,000300,300059,东方财富,a,cn
2021-08-31,000300,300122,智飞生物,a,cn
2021-08-31,000300,300124,汇川技术,a,cn
2021-08-31,000300,300136,信维通信,a,cn
2021-08-31,000300,300142,沃森生物,a,cn
2021-08-31,000300,300144,宋城演艺,a,cn
2021-08-31,000300,300274,阳光电源,a,cn
2021-08-31,000300,300347,泰格医药,a,cn
2021-08-31,000300,300408,三环集团,a,cn
2021-08-31,000300,300413,芒果超媒,a,cn
2021-08-31,000300,300433,蓝思科技,a,cn
2021-08-31,000300,300450,先导智能,a,cn
2021-08-31,000300,300498,温氏股份,a,cn
2021-08-31,000300,300529,健帆生物,a,cn
2021-08-31,000300,300558,贝达药业,a,cn
2021-08-31,000300,300595,欧普康视,a,cn
2021-08-31,000300,300601,康泰生物,a,cn
2021-08-31,000300,300628,亿联网络,a,cn
2021-08-31,000300,300676,华大基因,a,cn
2021-08-31,000300,300677,英科医疗,a,cn
2021-08-31,000300,600000,浦发银行,a,cn
2021-08-31,000300,600009,上海机场,a,cn
2021-08-31,000300,600010,包钢股份,a,cn
2021-08-31,000300,600011,华能国际,a,cn
2021-08-31,000300,600015,华夏银行,a,cn
2021-08-31,000300,600016,民生银行,a,cn
2021-08-31,000300,600018,上港集团,a,cn
2021-08-31,000300,600019,宝钢股份,a,cn
2021-08-31,000300,600025,华能水电,a,cn
2021-08-31,000300,600028,中国石化,a,cn
2021-08-31,000300,600029,南方航空,a,cn
2021-08-31,000300,600030,中信证券,a,cn
2021-08-31,000300,600031,三一重工,a,cn
2021-08-31,000300,600036,招商银行,a,cn
2021-08-31,000300,600048,保利发展,a,cn
2021-08-31,000300,600050,中国联通,a,cn
2021-08-31,000300,600061,国投资本,a,cn
2021-08-31,000300,600079,ST人福,a,cn
2021-08-31,000300,600085,同仁堂,a,cn
2021-08-31,000300,600104,上汽集团,a,cn
2021-08-31,000300,600109,国金证券,a,cn
2021-08-31,000300,600111,北方稀土,a,cn
2021-08-31,000300,600115,中国东航,a,cn
2021-08-31,000300,600118,中国卫星,a,cn
2021-08-31,000300,600132,重庆啤酒,a,cn
2021-08-31,000300,600143,金发科技,a,cn
2021-08-31,000300,600150,中国船舶,a,cn
2021-08-31,000300,600161,天坛生物,a,cn
2021-08-31,000300,600176,中国巨石,a,cn
2021-08-31,000300,600183,生益科技,a,cn
2021-08-31,000300,600196,复星医药,a,cn
2021-08-31,000300,600233,圆通速递,a,cn
2021-08-31,000300,600276,恒瑞医药,a,cn
2021-08-31,000300,600299,安迪苏,a,cn
2021-08-31,000300,600309,万华化学,a,cn
2021-08-31,000300,600332,白云山,a,cn
2021-08-31,000300,600340,*ST华幸,a,cn
2021-08-31,000300,600346,恒力石化,a,cn
2021-08-31,000300,600352,浙江龙盛,a,cn
2021-08-31,000300,600362,江西铜业,a,cn
2021-08-31,000300,600383,金地集团,a,cn
2021-08-31,000300,600406,国电南瑞,a,cn
2021-08-31,000300,600426,华鲁恒升,a,cn
2021-08-31,000300,600436,片仔癀,a,cn
2021-08-31,000300,600438,通威股份,a,cn
2021-08-31,000300,600482,中国动力,a,cn
2021-08-31,000300,600489,中金黄金,a,cn
2021-08-31,000300,600519,贵州茅台,a,cn
2021-08-31,000300,600521,华海药业,a,cn
2021-08-31,000300,600522,中天科技,a,cn
2021-08-31,000300,600547,山东黄金,a,cn
2021-08-31,000300,600570,恒生电子,a,cn
2021-08-31,000300,600584,长电科技,a,cn
2021-08-31,000300,600585,海螺水泥,a,cn
2021-08-31,000300,600588,用友网络,a,cn
2021-08-31,000300,600600,青岛啤酒,a,cn
2021-08-31,000300,600606,绿地控股,a,cn
2021-08-31,000300,600655,豫园股份,a,cn
2021-08-31,000300,600660,福耀玻璃,a,cn
2021-08-31,000300,600690,海尔智家,a,cn
2021-08-31,000300,600703,三安光电,a,cn
2021-08-31,000300,600705,中航产融,a,cn
2021-08-31,000300,600741,华域汽车,a,cn
2021-08-31,000300,600745,*ST闻泰,a,cn
2021-08-31,000300,600760,中航沈飞,a,cn
2021-08-31,000300,600763,通策医疗,a,cn
2021-08-31,000300,600795,国电电力,a,cn
2021-08-31,000300,600809,山西汾酒,a,cn
2021-08-31,000300,600837,海通证券,a,cn
2021-08-31,000300,600845,宝信软件,a,cn
2021-08-31,000300,600848,上海临港,a,cn
2021-08-31,000300,600872,中炬高新,a,cn
2021-08-31,000300,600886,国投电力,a,cn
2021-08-31,000300,600887,伊利股份,a,cn
2021-08-31,000300,600893,航发动力,a,cn
2021-08-31,000300,600900,长江电力,a,cn
2021-08-31,000300,600918,中泰证券,a,cn
2021-08-31,000300,600919,江苏银行,a,cn
2021-08-31,000300,600926,杭州银行,a,cn
2021-08-31,000300,600958,东方证券,a,cn
2021-08-31,000300,600989,宝丰能源,a,cn
2021-08-31,000300,600999,招商证券,a,cn
2021-08-31,000300,601006,大秦铁路,a,cn
2021-08-31,000300,601009,南京银行,a,cn
2021-08-31,000300,601012,隆基绿能,a,cn
2021-08-31,000300,601021,春秋航空,a,cn
2021-08-31,000300,601066,中信建投,a,cn
2021-08-31,000300,601077,渝农商行,a,cn
2021-08-31,000300,601088,中国神华,a,cn
2021-08-31,000300,601100,恒立液压,a,cn
2021-08-31,000300,601108,财通证券,a,cn
2021-08-31,000300,601111,中国国航,a,cn
2021-08-31,000300,601138,工业富联,a,cn
2021-08-31,000300,601155,新城控股,a,cn
2021-08-31,000300,601162,天风证券,a,cn
2021-08-31,000300,601166,兴业银行,a,cn
2021-08-31,000300,601169,北京银行,a,cn
2021-08-31,000300,601186,中国铁建,a,cn
2021-08-31,000300,601211,国泰海通,a,cn
2021-08-31,000300,601216,君正集团,a,cn
2021-08-31,000300,601225,陕西煤业,a,cn
2021-08-31,000300,601229,上海银行,a,cn
2021-08-31,000300,601231,环旭电子,a,cn
2021-08-31,000300,601236,红塔证券,a,cn
2021-08-31,000300,601238,广汽集团,a,cn
2021-08-31,000300,601288,农业银行,a,cn
2021-08-31,000300,601318,中国平安,a,cn
2021-08-31,000300,601319,中国人保,a,cn
2021-08-31,000300,601328,交通银行,a,cn
2021-08-31,000300,601336,新华保险,a,cn
2021-08-31,000300,601360,三六零,a,cn
2021-08-31,000300,601377,兴业证券,a,cn
2021-08-31,000300,601390,中国中铁,a,cn
2021-08-31,000300,601398,工商银行,a,cn
2021-08-31,000300,601555,东吴证券,a,cn
2021-08-31,000300,601600,中国铝业,a,cn
2021-08-31,000300,601601,中国太保,a,cn
2021-08-31,000300,601607,上海医药,a,cn
2021-08-31,000300,601618,中国中冶,a,cn
2021-08-31,000300,601628,中国人寿,a,cn
2021-08-31,000300,601633,长城汽车,a,cn
2021-08-31,000300,601658,邮储银行,a,cn
2021-08-31,000300,601668,中国建筑,a,cn
2021-08-31,000300,601669,中国电建,a,cn
2021-08-31,000300,601688,华泰证券,a,cn
2021-08-31,000300,601696,中银证券,a,cn
2021-08-31,000300,601698,中国卫通,a,cn
2021-08-31,000300,601727,上海电气,a,cn
2021-08-31,000300,601766,中国中车,a,cn
2021-08-31,000300,601788,光大证券,a,cn
2021-08-31,000300,601799,星宇股份,a,cn
2021-08-31,000300,601800,中国交建,a,cn
2021-08-31,000300,601808,中海油服,a,cn
2021-08-31,000300,601816,京沪高铁,a,cn
2021-08-31,000300,601818,光大银行,a,cn
2021-08-31,000300,601838,成都银行,a,cn
2021-08-31,000300,601857,中国石油,a,cn
2021-08-31,000300,601872,招商轮船,a,cn
2021-08-31,000300,601877,正泰电器,a,cn
2021-08-31,000300,601878,浙商证券,a,cn
2021-08-31,000300,601881,中国银河,a,cn
2021-08-31,000300,601888,中国中免,a,cn
2021-08-31,000300,601899,紫金矿业,a,cn
2021-08-31,000300,601901,方正证券,a,cn
2021-08-31,000300,601916,浙商银行,a,cn
2021-08-31,000300,601919,中远海控,a,cn
2021-08-31,000300,601933,永辉超市,a,cn
2021-08-31,000300,601939,建设银行,a,cn
2021-08-31,000300,601985,中国核电,a,cn
2021-08-31,000300,601988,中国银行,a,cn
2021-08-31,000300,601989,中国重工,a,cn
2021-08-31,000300,601990,南京证券,a,cn
2021-08-31,000300,601995,中金公司,a,cn
2021-08-31,000300,601998,中信银行,a,cn
2021-08-31,000300,603019,中科曙光,a,cn
2021-08-31,000300,603087,甘李药业,a,cn
2021-08-31,000300,603160,汇顶科技,a,cn
2021-08-31,000300,603195,公牛集团,a,cn
2021-08-31,000300,603233,大参林,a,cn
2021-08-31,000300,603259,药明康德,a,cn
2021-08-31,000300,603288,海天味业,a,cn
2021-08-31,000300,603338,浙江鼎力,a,cn
2021-08-31,000300,603369,今世缘,a,cn
2021-08-31,000300,603392,万泰生物,a,cn
2021-08-31,000300,603501,豪威集团,a,cn
2021-08-31,000300,603517,ST绝味,a,cn
2021-08-31,000300,603658,安图生物,a,cn
2021-08-31,000300,603659,璞泰来,a,cn
2021-08-31,000300,603799,华友钴业,a,cn
2021-08-31,000300,603806,福斯特,a,cn
2021-08-31,000300,603833,欧派家居,a,cn
2021-08-31,000300,603882,金域医学,a,cn
2021-08-31,000300,603899,晨光股份,a,cn
2021-08-31,000300,603939,益丰药房,a,cn
2021-08-31,000300,603986,兆易创新,a,cn
2021-08-31,000300,603993,洛阳钼业,a,cn
2021-08-31,000300,688008,澜起科技,a,cn
2021-08-31,000300,688009,中国通号,a,cn
2021-08-31,000300,688012,中微公司,a,cn
2021-08-31,000300,688036,传音控股,a,cn
2021-08-31,000300,688111,金山办公,a,cn
2021-08-31,000300,688126,沪硅产业,a,cn
2021-08-31,000300,688169,石头科技,a,cn
2021-08-31,000300,688363,华熙生物,a,cn
2021-08-31,000300,688396,华润微,a,cn
2021-09-30,000300,000001,平安银行,a,cn
2021-09-30,000300,000002,万科A,a,cn
2021-09-30,000300,000063,中兴通讯,a,cn
2021-09-30,000300,000066,中国长城,a,cn
2021-09-30,000300,000069,华侨城A,a,cn
2021-09-30,000300,000100,TCL科技,a,cn
2021-09-30,000300,000157,中联重科,a,cn
2021-09-30,000300,000166,申万宏源,a,cn
2021-09-30,000300,000333,美的集团,a,cn
2021-09-30,000300,000338,潍柴动力,a,cn
2021-09-30,000300,000425,徐工机械,a,cn
2021-09-30,000300,000538,云南白药,a,cn
2021-09-30,000300,000568,泸州老窖,a,cn
2021-09-30,000300,000596,古井贡酒,a,cn
2021-09-30,000300,000625,长安汽车,a,cn
2021-09-30,000300,000651,格力电器,a,cn
2021-09-30,000300,000656,金科股份,a,cn
2021-09-30,000300,000661,长春高新,a,cn
2021-09-30,000300,000703,恒逸石化,a,cn
2021-09-30,000300,000708,中信特钢,a,cn
2021-09-30,000300,000725,京东方A,a,cn
2021-09-30,000300,000728,国元证券,a,cn
2021-09-30,000300,000768,中航西飞,a,cn
2021-09-30,000300,000776,广发证券,a,cn
2021-09-30,000300,000783,长江证券,a,cn
2021-09-30,000300,000786,北新建材,a,cn
2021-09-30,000300,000800,一汽解放,a,cn
2021-09-30,000300,000858,五粮液,a,cn
2021-09-30,000300,000860,顺鑫农业,a,cn
2021-09-30,000300,000876,新希望,a,cn
2021-09-30,000300,000895,双汇发展,a,cn
2021-09-30,000300,000938,紫光股份,a,cn
2021-09-30,000300,000963,华东医药,a,cn
2021-09-30,000300,000977,浪潮信息,a,cn
2021-09-30,000300,001979,招商蛇口,a,cn
2021-09-30,000300,002001,新和成,a,cn
2021-09-30,000300,002007,华兰生物,a,cn
2021-09-30,000300,002008,大族激光,a,cn
2021-09-30,000300,002024,ST易购,a,cn
2021-09-30,000300,002027,分众传媒,a,cn
2021-09-30,000300,002032,苏泊尔,a,cn
2021-09-30,000300,002044,美年健康,a,cn
2021-09-30,000300,002049,紫光国微,a,cn
2021-09-30,000300,002050,三花智控,a,cn
2021-09-30,000300,002120,韵达股份,a,cn
2021-09-30,000300,002129,TCL中环,a,cn
2021-09-30,000300,002142,宁波银行,a,cn
2021-09-30,000300,002153,石基信息,a,cn
2021-09-30,000300,002157,正邦科技,a,cn
2021-09-30,000300,002179,中航光电,a,cn
2021-09-30,000300,002202,金风科技,a,cn
2021-09-30,000300,002230,科大讯飞,a,cn
2021-09-30,000300,002236,大华股份,a,cn
2021-09-30,000300,002241,歌尔股份,a,cn
2021-09-30,000300,002252,上海莱士,a,cn
2021-09-30,000300,002271,东方雨虹,a,cn
2021-09-30,000300,002304,洋河股份,a,cn
2021-09-30,000300,002311,海大集团,a,cn
2021-09-30,000300,002352,顺丰控股,a,cn
2021-09-30,000300,002371,北方华创,a,cn
2021-09-30,000300,002384,东山精密,a,cn
2021-09-30,000300,002410,广联达,a,cn
2021-09-30,000300,002414,高德红外,a,cn
2021-09-30,000300,002415,海康威视,a,cn
2021-09-30,000300,002456,欧菲光,a,cn
2021-09-30,000300,002460,赣锋锂业,a,cn
2021-09-30,000300,002463,沪电股份,a,cn
2021-09-30,000300,002475,立讯精密,a,cn
2021-09-30,000300,002493,荣盛石化,a,cn
2021-09-30,000300,002508,老板电器,a,cn
2021-09-30,000300,002555,三七互娱,a,cn
2021-09-30,000300,002558,巨人网络,a,cn
2021-09-30,000300,002594,比亚迪,a,cn
2021-09-30,000300,002600,领益智造,a,cn
2021-09-30,000300,002601,龙佰集团,a,cn
2021-09-30,000300,002602,世纪华通,a,cn
2021-09-30,000300,002607,中公教育,a,cn
2021-09-30,000300,002624,完美世界,a,cn
2021-09-30,000300,002673,西部证券,a,cn
2021-09-30,000300,002714,牧原股份,a,cn
2021-09-30,000300,002736,国信证券,a,cn
2021-09-30,000300,002739,儒意电影,a,cn
2021-09-30,000300,002773,康弘药业,a,cn
2021-09-30,000300,002812,恩捷股份,a,cn
2021-09-30,000300,002821,凯莱英,a,cn
2021-09-30,000300,002841,视源股份,a,cn
2021-09-30,000300,002916,深南电路,a,cn
2021-09-30,000300,002938,鹏鼎控股,a,cn
2021-09-30,000300,002939,长城证券,a,cn
2021-09-30,000300,002945,华林证券,a,cn
2021-09-30,000300,003816,中国广核,a,cn
2021-09-30,000300,300003,乐普医疗,a,cn
2021-09-30,000300,300014,亿纬锂能,a,cn
2021-09-30,000300,300015,爱尔眼科,a,cn
2021-09-30,000300,300033,同花顺,a,cn
2021-09-30,000300,300059,东方财富,a,cn
2021-09-30,000300,300122,智飞生物,a,cn
2021-09-30,000300,300124,汇川技术,a,cn
2021-09-30,000300,300136,信维通信,a,cn
2021-09-30,000300,300142,沃森生物,a,cn
2021-09-30,000300,300144,宋城演艺,a,cn
2021-09-30,000300,300274,阳光电源,a,cn
2021-09-30,000300,300347,泰格医药,a,cn
2021-09-30,000300,300408,三环集团,a,cn
2021-09-30,000300,300413,芒果超媒,a,cn
2021-09-30,000300,300433,蓝思科技,a,cn
2021-09-30,000300,300450,先导智能,a,cn
2021-09-30,000300,300498,温氏股份,a,cn
2021-09-30,000300,300529,健帆生物,a,cn
2021-09-30,000300,300558,贝达药业,a,cn
2021-09-30,000300,300595,欧普康视,a,cn
2021-09-30,000300,300601,康泰生物,a,cn
2021-09-30,000300,300628,亿联网络,a,cn
2021-09-30,000300,300676,华大基因,a,cn
2021-09-30,000300,300677,英科医疗,a,cn
2021-09-30,000300,600000,浦发银行,a,cn
2021-09-30,000300,600009,上海机场,a,cn
2021-09-30,000300,600010,包钢股份,a,cn
2021-09-30,000300,600011,华能国际,a,cn
2021-09-30,000300,600015,华夏银行,a,cn
2021-09-30,000300,600016,民生银行,a,cn
2021-09-30,000300,600018,上港集团,a,cn
2021-09-30,000300,600019,宝钢股份,a,cn
2021-09-30,000300,600025,华能水电,a,cn
2021-09-30,000300,600028,中国石化,a,cn
2021-09-30,000300,600029,南方航空,a,cn
2021-09-30,000300,600030,中信证券,a,cn
2021-09-30,000300,600031,三一重工,a,cn
2021-09-30,000300,600036,招商银行,a,cn
2021-09-30,000300,600048,保利发展,a,cn
2021-09-30,000300,600050,中国联通,a,cn
2021-09-30,000300,600061,国投资本,a,cn
2021-09-30,000300,600079,ST人福,a,cn
2021-09-30,000300,600085,同仁堂,a,cn
2021-09-30,000300,600104,上汽集团,a,cn
2021-09-30,000300,600109,国金证券,a,cn
2021-09-30,000300,600111,北方稀土,a,cn
2021-09-30,000300,600115,中国东航,a,cn
2021-09-30,000300,600118,中国卫星,a,cn
2021-09-30,000300,600132,重庆啤酒,a,cn
2021-09-30,000300,600143,金发科技,a,cn
2021-09-30,000300,600150,中国船舶,a,cn
2021-09-30,000300,600161,天坛生物,a,cn
2021-09-30,000300,600176,中国巨石,a,cn
2021-09-30,000300,600183,生益科技,a,cn
2021-09-30,000300,600196,复星医药,a,cn
2021-09-30,000300,600233,圆通速递,a,cn
2021-09-30,000300,600276,恒瑞医药,a,cn
2021-09-30,000300,600299,安迪苏,a,cn
2021-09-30,000300,600309,万华化学,a,cn
2021-09-30,000300,600332,白云山,a,cn
2021-09-30,000300,600340,*ST华幸,a,cn
2021-09-30,000300,600346,恒力石化,a,cn
2021-09-30,000300,600352,浙江龙盛,a,cn
2021-09-30,000300,600362,江西铜业,a,cn
2021-09-30,000300,600383,金地集团,a,cn
2021-09-30,000300,600406,国电南瑞,a,cn
2021-09-30,000300,600426,华鲁恒升,a,cn
2021-09-30,000300,600436,片仔癀,a,cn
2021-09-30,000300,600438,通威股份,a,cn
2021-09-30,000300,600482,中国动力,a,cn
2021-09-30,000300,600489,中金黄金,a,cn
2021-09-30,000300,600519,贵州茅台,a,cn
2021-09-30,000300,600521,华海药业,a,cn
2021-09-30,000300,600522,中天科技,a,cn
2021-09-30,000300,600547,山东黄金,a,cn
2021-09-30,000300,600570,恒生电子,a,cn
2021-09-30,000300,600584,长电科技,a,cn
2021-09-30,000300,600585,海螺水泥,a,cn
2021-09-30,000300,600588,用友网络,a,cn
2021-09-30,000300,600600,青岛啤酒,a,cn
2021-09-30,000300,600606,绿地控股,a,cn
2021-09-30,000300,600655,豫园股份,a,cn
2021-09-30,000300,600660,福耀玻璃,a,cn
2021-09-30,000300,600690,海尔智家,a,cn
2021-09-30,000300,600703,三安光电,a,cn
2021-09-30,000300,600705,中航产融,a,cn
2021-09-30,000300,600741,华域汽车,a,cn
2021-09-30,000300,600745,*ST闻泰,a,cn
2021-09-30,000300,600760,中航沈飞,a,cn
2021-09-30,000300,600763,通策医疗,a,cn
2021-09-30,000300,600795,国电电力,a,cn
2021-09-30,000300,600809,山西汾酒,a,cn
2021-09-30,000300,600837,海通证券,a,cn
2021-09-30,000300,600845,宝信软件,a,cn
2021-09-30,000300,600848,上海临港,a,cn
2021-09-30,000300,600872,中炬高新,a,cn
2021-09-30,000300,600886,国投电力,a,cn
2021-09-30,000300,600887,伊利股份,a,cn
2021-09-30,000300,600893,航发动力,a,cn
2021-09-30,000300,600900,长江电力,a,cn
2021-09-30,000300,600918,中泰证券,a,cn
2021-09-30,000300,600919,江苏银行,a,cn
2021-09-30,000300,600926,杭州银行,a,cn
2021-09-30,000300,600958,东方证券,a,cn
2021-09-30,000300,600989,宝丰能源,a,cn
2021-09-30,000300,600999,招商证券,a,cn
2021-09-30,000300,601006,大秦铁路,a,cn
2021-09-30,000300,601009,南京银行,a,cn
2021-09-30,000300,601012,隆基绿能,a,cn
2021-09-30,000300,601021,春秋航空,a,cn
2021-09-30,000300,601066,中信建投,a,cn
2021-09-30,000300,601077,渝农商行,a,cn
2021-09-30,000300,601088,中国神华,a,cn
2021-09-30,000300,601100,恒立液压,a,cn
2021-09-30,000300,601108,财通证券,a,cn
2021-09-30,000300,601111,中国国航,a,cn
2021-09-30,000300,601138,工业富联,a,cn
2021-09-30,000300,601155,新城控股,a,cn
2021-09-30,000300,601162,天风证券,a,cn
2021-09-30,000300,601166,兴业银行,a,cn
2021-09-30,000300,601169,北京银行,a,cn
2021-09-30,000300,601186,中国铁建,a,cn
2021-09-30,000300,601211,国泰海通,a,cn
2021-09-30,000300,601216,君正集团,a,cn
2021-09-30,000300,601225,陕西煤业,a,cn
2021-09-30,000300,601229,上海银行,a,cn
2021-09-30,000300,601231,环旭电子,a,cn
2021-09-30,000300,601236,红塔证券,a,cn
2021-09-30,000300,601238,广汽集团,a,cn
2021-09-30,000300,601288,农业银行,a,cn
2021-09-30,000300,601318,中国平安,a,cn
2021-09-30,000300,601319,中国人保,a,cn
2021-09-30,000300,601328,交通银行,a,cn
2021-09-30,000300,601336,新华保险,a,cn
2021-09-30,000300,601360,三六零,a,cn
2021-09-30,000300,601377,兴业证券,a,cn
2021-09-30,000300,601390,中国中铁,a,cn
2021-09-30,000300,601398,工商银行,a,cn
2021-09-30,000300,601555,东吴证券,a,cn
2021-09-30,000300,601600,中国铝业,a,cn
2021-09-30,000300,601601,中国太保,a,cn
2021-09-30,000300,601607,上海医药,a,cn
2021-09-30,000300,601618,中国中冶,a,cn
2021-09-30,000300,601628,中国人寿,a,cn
2021-09-30,000300,601633,长城汽车,a,cn
2021-09-30,000300,601658,邮储银行,a,cn
2021-09-30,000300,601668,中国建筑,a,cn
2021-09-30,000300,601669,中国电建,a,cn
2021-09-30,000300,601688,华泰证券,a,cn
2021-09-30,000300,601696,中银证券,a,cn
2021-09-30,000300,601698,中国卫通,a,cn
2021-09-30,000300,601727,上海电气,a,cn
2021-09-30,000300,601766,中国中车,a,cn
2021-09-30,000300,601788,光大证券,a,cn
2021-09-30,000300,601799,星宇股份,a,cn
2021-09-30,000300,601800,中国交建,a,cn
2021-09-30,000300,601808,中海油服,a,cn
2021-09-30,000300,601816,京沪高铁,a,cn
2021-09-30,000300,601818,光大银行,a,cn
2021-09-30,000300,601838,成都银行,a,cn
2021-09-30,000300,601857,中国石油,a,cn
2021-09-30,000300,601872,招商轮船,a,cn
2021-09-30,000300,601877,正泰电器,a,cn
2021-09-30,000300,601878,浙商证券,a,cn
2021-09-30,000300,601881,中国银河,a,cn
2021-09-30,000300,601888,中国中免,a,cn
2021-09-30,000300,601899,紫金矿业,a,cn
2021-09-30,000300,601901,方正证券,a,cn
2021-09-30,000300,601916,浙商银行,a,cn
2021-09-30,000300,601919,中远海控,a,cn
2021-09-30,000300,601933,永辉超市,a,cn
2021-09-30,000300,601939,建设银行,a,cn
2021-09-30,000300,601985,中国核电,a,cn
2021-09-30,000300,601988,中国银行,a,cn
2021-09-30,000300,601989,中国重工,a,cn
2021-09-30,000300,601990,南京证券,a,cn
2021-09-30,000300,601995,中金公司,a,cn
2021-09-30,000300,601998,中信银行,a,cn
2021-09-30,000300,603019,中科曙光,a,cn
2021-09-30,000300,603087,甘李药业,a,cn
2021-09-30,000300,603160,汇顶科技,a,cn
2021-09-30,000300,603195,公牛集团,a,cn
2021-09-30,000300,603233,大参林,a,cn
2021-09-30,000300,603259,药明康德,a,cn
2021-09-30,000300,603288,海天味业,a,cn
2021-09-30,000300,603338,浙江鼎力,a,cn
2021-09-30,000300,603369,今世缘,a,cn
2021-09-30,000300,603392,万泰生物,a,cn
2021-09-30,000300,603501,豪威集团,a,cn
2021-09-30,000300,603517,ST绝味,a,cn
2021-09-30,000300,603658,安图生物,a,cn
2021-09-30,000300,603659,璞泰来,a,cn
2021-09-30,000300,603799,华友钴业,a,cn
2021-09-30,000300,603806,福斯特,a,cn
2021-09-30,000300,603833,欧派家居,a,cn
2021-09-30,000300,603882,金域医学,a,cn
2021-09-30,000300,603899,晨光股份,a,cn
2021-09-30,000300,603939,益丰药房,a,cn
2021-09-30,000300,603986,兆易创新,a,cn
2021-09-30,000300,603993,洛阳钼业,a,cn
2021-09-30,000300,688008,澜起科技,a,cn
2021-09-30,000300,688009,中国通号,a,cn
2021-09-30,000300,688012,中微公司,a,cn
2021-09-30,000300,688036,传音控股,a,cn
2021-09-30,000300,688111,金山办公,a,cn
2021-09-30,000300,688126,沪硅产业,a,cn
2021-09-30,000300,688169,石头科技,a,cn
2021-09-30,000300,688363,华熙生物,a,cn
2021-09-30,000300,688396,华润微,a,cn
2021-10-29,000300,000001,平安银行,a,cn
2021-10-29,000300,000002,万科A,a,cn
2021-10-29,000300,000063,中兴通讯,a,cn
2021-10-29,000300,000066,中国长城,a,cn
2021-10-29,000300,000069,华侨城A,a,cn
2021-10-29,000300,000100,TCL科技,a,cn
2021-10-29,000300,000157,中联重科,a,cn
2021-10-29,000300,000166,申万宏源,a,cn
2021-10-29,000300,000333,美的集团,a,cn
2021-10-29,000300,000338,潍柴动力,a,cn
2021-10-29,000300,000425,徐工机械,a,cn
2021-10-29,000300,000538,云南白药,a,cn
2021-10-29,000300,000568,泸州老窖,a,cn
2021-10-29,000300,000596,古井贡酒,a,cn
2021-10-29,000300,000625,长安汽车,a,cn
2021-10-29,000300,000651,格力电器,a,cn
2021-10-29,000300,000656,金科股份,a,cn
2021-10-29,000300,000661,长春高新,a,cn
2021-10-29,000300,000703,恒逸石化,a,cn
2021-10-29,000300,000708,中信特钢,a,cn
2021-10-29,000300,000725,京东方A,a,cn
2021-10-29,000300,000728,国元证券,a,cn
2021-10-29,000300,000768,中航西飞,a,cn
2021-10-29,000300,000776,广发证券,a,cn
2021-10-29,000300,000783,长江证券,a,cn
2021-10-29,000300,000786,北新建材,a,cn
2021-10-29,000300,000800,一汽解放,a,cn
2021-10-29,000300,000858,五粮液,a,cn
2021-10-29,000300,000860,顺鑫农业,a,cn
2021-10-29,000300,000876,新希望,a,cn
2021-10-29,000300,000895,双汇发展,a,cn
2021-10-29,000300,000938,紫光股份,a,cn
2021-10-29,000300,000963,华东医药,a,cn
2021-10-29,000300,000977,浪潮信息,a,cn
2021-10-29,000300,001979,招商蛇口,a,cn
2021-10-29,000300,002001,新和成,a,cn
2021-10-29,000300,002007,华兰生物,a,cn
2021-10-29,000300,002008,大族激光,a,cn
2021-10-29,000300,002024,ST易购,a,cn
2021-10-29,000300,002027,分众传媒,a,cn
2021-10-29,000300,002032,苏泊尔,a,cn
2021-10-29,000300,002044,美年健康,a,cn
2021-10-29,000300,002049,紫光国微,a,cn
2021-10-29,000300,002050,三花智控,a,cn
2021-10-29,000300,002120,韵达股份,a,cn
2021-10-29,000300,002129,TCL中环,a,cn
2021-10-29,000300,002142,宁波银行,a,cn
2021-10-29,000300,002153,石基信息,a,cn
2021-10-29,000300,002157,正邦科技,a,cn
2021-10-29,000300,002179,中航光电,a,cn
2021-10-29,000300,002202,金风科技,a,cn
2021-10-29,000300,002230,科大讯飞,a,cn
2021-10-29,000300,002236,大华股份,a,cn
2021-10-29,000300,002241,歌尔股份,a,cn
2021-10-29,000300,002252,上海莱士,a,cn
2021-10-29,000300,002271,东方雨虹,a,cn
2021-10-29,000300,002304,洋河股份,a,cn
2021-10-29,000300,002311,海大集团,a,cn
2021-10-29,000300,002352,顺丰控股,a,cn
2021-10-29,000300,002371,北方华创,a,cn
2021-10-29,000300,002384,东山精密,a,cn
2021-10-29,000300,002410,广联达,a,cn
2021-10-29,000300,002414,高德红外,a,cn
2021-10-29,000300,002415,海康威视,a,cn
2021-10-29,000300,002456,欧菲光,a,cn
2021-10-29,000300,002460,赣锋锂业,a,cn
2021-10-29,000300,002463,沪电股份,a,cn
2021-10-29,000300,002475,立讯精密,a,cn
2021-10-29,000300,002493,荣盛石化,a,cn
2021-10-29,000300,002508,老板电器,a,cn
2021-10-29,000300,002555,三七互娱,a,cn
2021-10-29,000300,002558,巨人网络,a,cn
2021-10-29,000300,002594,比亚迪,a,cn
2021-10-29,000300,002600,领益智造,a,cn
2021-10-29,000300,002601,龙佰集团,a,cn
2021-10-29,000300,002602,世纪华通,a,cn
2021-10-29,000300,002607,中公教育,a,cn
2021-10-29,000300,002624,完美世界,a,cn
2021-10-29,000300,002673,西部证券,a,cn
2021-10-29,000300,002714,牧原股份,a,cn
2021-10-29,000300,002736,国信证券,a,cn
2021-10-29,000300,002739,儒意电影,a,cn
2021-10-29,000300,002773,康弘药业,a,cn
2021-10-29,000300,002812,恩捷股份,a,cn
2021-10-29,000300,002821,凯莱英,a,cn
2021-10-29,000300,002841,视源股份,a,cn
2021-10-29,000300,002916,深南电路,a,cn
2021-10-29,000300,002938,鹏鼎控股,a,cn
2021-10-29,000300,002939,长城证券,a,cn
2021-10-29,000300,002945,华林证券,a,cn
2021-10-29,000300,003816,中国广核,a,cn
2021-10-29,000300,300003,乐普医疗,a,cn
2021-10-29,000300,300014,亿纬锂能,a,cn
2021-10-29,000300,300015,爱尔眼科,a,cn
2021-10-29,000300,300033,同花顺,a,cn
2021-10-29,000300,300059,东方财富,a,cn
2021-10-29,000300,300122,智飞生物,a,cn
2021-10-29,000300,300124,汇川技术,a,cn
2021-10-29,000300,300136,信维通信,a,cn
2021-10-29,000300,300142,沃森生物,a,cn
2021-10-29,000300,300144,宋城演艺,a,cn
2021-10-29,000300,300274,阳光电源,a,cn
2021-10-29,000300,300347,泰格医药,a,cn
2021-10-29,000300,300408,三环集团,a,cn
2021-10-29,000300,300413,芒果超媒,a,cn
2021-10-29,000300,300433,蓝思科技,a,cn
2021-10-29,000300,300450,先导智能,a,cn
2021-10-29,000300,300498,温氏股份,a,cn
2021-10-29,000300,300529,健帆生物,a,cn
2021-10-29,000300,300558,贝达药业,a,cn
2021-10-29,000300,300595,欧普康视,a,cn
2021-10-29,000300,300601,康泰生物,a,cn
2021-10-29,000300,300628,亿联网络,a,cn
2021-10-29,000300,300676,华大基因,a,cn
2021-10-29,000300,300677,英科医疗,a,cn
2021-10-29,000300,600000,浦发银行,a,cn
2021-10-29,000300,600009,上海机场,a,cn
2021-10-29,000300,600010,包钢股份,a,cn
2021-10-29,000300,600011,华能国际,a,cn
2021-10-29,000300,600015,华夏银行,a,cn
2021-10-29,000300,600016,民生银行,a,cn
2021-10-29,000300,600018,上港集团,a,cn
2021-10-29,000300,600019,宝钢股份,a,cn
2021-10-29,000300,600025,华能水电,a,cn
2021-10-29,000300,600028,中国石化,a,cn
2021-10-29,000300,600029,南方航空,a,cn
2021-10-29,000300,600030,中信证券,a,cn
2021-10-29,000300,600031,三一重工,a,cn
2021-10-29,000300,600036,招商银行,a,cn
2021-10-29,000300,600048,保利发展,a,cn
2021-10-29,000300,600050,中国联通,a,cn
2021-10-29,000300,600061,国投资本,a,cn
2021-10-29,000300,600079,ST人福,a,cn
2021-10-29,000300,600085,同仁堂,a,cn
2021-10-29,000300,600104,上汽集团,a,cn
2021-10-29,000300,600109,国金证券,a,cn
2021-10-29,000300,600111,北方稀土,a,cn
2021-10-29,000300,600115,中国东航,a,cn
2021-10-29,000300,600118,中国卫星,a,cn
2021-10-29,000300,600132,重庆啤酒,a,cn
2021-10-29,000300,600143,金发科技,a,cn
2021-10-29,000300,600150,中国船舶,a,cn
2021-10-29,000300,600161,天坛生物,a,cn
2021-10-29,000300,600176,中国巨石,a,cn
2021-10-29,000300,600183,生益科技,a,cn
2021-10-29,000300,600196,复星医药,a,cn
2021-10-29,000300,600233,圆通速递,a,cn
2021-10-29,000300,600276,恒瑞医药,a,cn
2021-10-29,000300,600299,安迪苏,a,cn
2021-10-29,000300,600309,万华化学,a,cn
2021-10-29,000300,600332,白云山,a,cn
2021-10-29,000300,600340,*ST华幸,a,cn
2021-10-29,000300,600346,恒力石化,a,cn
2021-10-29,000300,600352,浙江龙盛,a,cn
2021-10-29,000300,600362,江西铜业,a,cn
2021-10-29,000300,600383,金地集团,a,cn
2021-10-29,000300,600406,国电南瑞,a,cn
2021-10-29,000300,600426,华鲁恒升,a,cn
2021-10-29,000300,600436,片仔癀,a,cn
2021-10-29,000300,600438,通威股份,a,cn
2021-10-29,000300,600482,中国动力,a,cn
2021-10-29,000300,600489,中金黄金,a,cn
2021-10-29,000300,600519,贵州茅台,a,cn
2021-10-29,000300,600521,华海药业,a,cn
2021-10-29,000300,600522,中天科技,a,cn
2021-10-29,000300,600547,山东黄金,a,cn
2021-10-29,000300,600570,恒生电子,a,cn
2021-10-29,000300,600584,长电科技,a,cn
2021-10-29,000300,600585,海螺水泥,a,cn
2021-10-29,000300,600588,用友网络,a,cn
2021-10-29,000300,600600,青岛啤酒,a,cn
2021-10-29,000300,600606,绿地控股,a,cn
2021-10-29,000300,600655,豫园股份,a,cn
2021-10-29,000300,600660,福耀玻璃,a,cn
2021-10-29,000300,600690,海尔智家,a,cn
2021-10-29,000300,600703,三安光电,a,cn
2021-10-29,000300,600705,中航产融,a,cn
2021-10-29,000300,600741,华域汽车,a,cn
2021-10-29,000300,600745,*ST闻泰,a,cn
2021-10-29,000300,600760,中航沈飞,a,cn
2021-10-29,000300,600763,通策医疗,a,cn
2021-10-29,000300,600795,国电电力,a,cn
2021-10-29,000300,600809,山西汾酒,a,cn
2021-10-29,000300,600837,海通证券,a,cn
2021-10-29,000300,600845,宝信软件,a,cn
2021-10-29,000300,600848,上海临港,a,cn
2021-10-29,000300,600872,中炬高新,a,cn
2021-10-29,000300,600886,国投电力,a,cn
2021-10-29,000300,600887,伊利股份,a,cn
2021-10-29,000300,600893,航发动力,a,cn
2021-10-29,000300,600900,长江电力,a,cn
2021-10-29,000300,600918,中泰证券,a,cn
2021-10-29,000300,600919,江苏银行,a,cn
2021-10-29,000300,600926,杭州银行,a,cn
2021-10-29,000300,600958,东方证券,a,cn
2021-10-29,000300,600989,宝丰能源,a,cn
2021-10-29,000300,600999,招商证券,a,cn
2021-10-29,000300,601006,大秦铁路,a,cn
2021-10-29,000300,601009,南京银行,a,cn
2021-10-29,000300,601012,隆基绿能,a,cn
2021-10-29,000300,601021,春秋航空,a,cn
2021-10-29,000300,601066,中信建投,a,cn
2021-10-29,000300,601077,渝农商行,a,cn
2021-10-29,000300,601088,中国神华,a,cn
2021-10-29,000300,601100,恒立液压,a,cn
2021-10-29,000300,601108,财通证券,a,cn
2021-10-29,000300,601111,中国国航,a,cn
2021-10-29,000300,601138,工业富联,a,cn
2021-10-29,000300,601155,新城控股,a,cn
2021-10-29,000300,601162,天风证券,a,cn
2021-10-29,000300,601166,兴业银行,a,cn
2021-10-29,000300,601169,北京银行,a,cn
2021-10-29,000300,601186,中国铁建,a,cn
2021-10-29,000300,601211,国泰海通,a,cn
2021-10-29,000300,601216,君正集团,a,cn
2021-10-29,000300,601225,陕西煤业,a,cn
2021-10-29,000300,601229,上海银行,a,cn
2021-10-29,000300,601231,环旭电子,a,cn
2021-10-29,000300,601236,红塔证券,a,cn
2021-10-29,000300,601238,广汽集团,a,cn
2021-10-29,000300,601288,农业银行,a,cn
2021-10-29,000300,601318,中国平安,a,cn
2021-10-29,000300,601319,中国人保,a,cn
2021-10-29,000300,601328,交通银行,a,cn
2021-10-29,000300,601336,新华保险,a,cn
2021-10-29,000300,601360,三六零,a,cn
2021-10-29,000300,601377,兴业证券,a,cn
2021-10-29,000300,601390,中国中铁,a,cn
2021-10-29,000300,601398,工商银行,a,cn
2021-10-29,000300,601555,东吴证券,a,cn
2021-10-29,000300,601600,中国铝业,a,cn
2021-10-29,000300,601601,中国太保,a,cn
2021-10-29,000300,601607,上海医药,a,cn
2021-10-29,000300,601618,中国中冶,a,cn
2021-10-29,000300,601628,中国人寿,a,cn
2021-10-29,000300,601633,长城汽车,a,cn
2021-10-29,000300,601658,邮储银行,a,cn
2021-10-29,000300,601668,中国建筑,a,cn
2021-10-29,000300,601669,中国电建,a,cn
2021-10-29,000300,601688,华泰证券,a,cn
2021-10-29,000300,601696,中银证券,a,cn
2021-10-29,000300,601698,中国卫通,a,cn
2021-10-29,000300,601727,上海电气,a,cn
2021-10-29,000300,601766,中国中车,a,cn
2021-10-29,000300,601788,光大证券,a,cn
2021-10-29,000300,601799,星宇股份,a,cn
2021-10-29,000300,601800,中国交建,a,cn
2021-10-29,000300,601808,中海油服,a,cn
2021-10-29,000300,601816,京沪高铁,a,cn
2021-10-29,000300,601818,光大银行,a,cn
2021-10-29,000300,601838,成都银行,a,cn
2021-10-29,000300,601857,中国石油,a,cn
2021-10-29,000300,601872,招商轮船,a,cn
2021-10-29,000300,601877,正泰电器,a,cn
2021-10-29,000300,601878,浙商证券,a,cn
2021-10-29,000300,601881,中国银河,a,cn
2021-10-29,000300,601888,中国中免,a,cn
2021-10-29,000300,601899,紫金矿业,a,cn
2021-10-29,000300,601901,方正证券,a,cn
2021-10-29,000300,601916,浙商银行,a,cn
2021-10-29,000300,601919,中远海控,a,cn
2021-10-29,000300,601933,永辉超市,a,cn
2021-10-29,000300,601939,建设银行,a,cn
2021-10-29,000300,601985,中国核电,a,cn
2021-10-29,000300,601988,中国银行,a,cn
2021-10-29,000300,601989,中国重工,a,cn
2021-10-29,000300,601990,南京证券,a,cn
2021-10-29,000300,601995,中金公司,a,cn
2021-10-29,000300,601998,中信银行,a,cn
2021-10-29,000300,603019,中科曙光,a,cn
2021-10-29,000300,603087,甘李药业,a,cn
2021-10-29,000300,603160,汇顶科技,a,cn
2021-10-29,000300,603195,公牛集团,a,cn
2021-10-29,000300,603233,大参林,a,cn
2021-10-29,000300,603259,药明康德,a,cn
2021-10-29,000300,603288,海天味业,a,cn
2021-10-29,000300,603338,浙江鼎力,a,cn
2021-10-29,000300,603369,今世缘,a,cn
2021-10-29,000300,603392,万泰生物,a,cn
2021-10-29,000300,603501,豪威集团,a,cn
2021-10-29,000300,603517,ST绝味,a,cn
2021-10-29,000300,603658,安图生物,a,cn
2021-10-29,000300,603659,璞泰来,a,cn
2021-10-29,000300,603799,华友钴业,a,cn
2021-10-29,000300,603806,福斯特,a,cn
2021-10-29,000300,603833,欧派家居,a,cn
2021-10-29,000300,603882,金域医学,a,cn
2021-10-29,000300,603899,晨光股份,a,cn
2021-10-29,000300,603939,益丰药房,a,cn
2021-10-29,000300,603986,兆易创新,a,cn
2021-10-29,000300,603993,洛阳钼业,a,cn
2021-10-29,000300,688008,澜起科技,a,cn
2021-10-29,000300,688009,中国通号,a,cn
2021-10-29,000300,688012,中微公司,a,cn
2021-10-29,000300,688036,传音控股,a,cn
2021-10-29,000300,688111,金山办公,a,cn
2021-10-29,000300,688126,沪硅产业,a,cn
2021-10-29,000300,688169,石头科技,a,cn
2021-10-29,000300,688363,华熙生物,a,cn
2021-10-29,000300,688396,华润微,a,cn
2021-11-30,000300,000001,平安银行,a,cn
2021-11-30,000300,000002,万科A,a,cn
2021-11-30,000300,000063,中兴通讯,a,cn
2021-11-30,000300,000066,中国长城,a,cn
2021-11-30,000300,000069,华侨城A,a,cn
2021-11-30,000300,000100,TCL科技,a,cn
2021-11-30,000300,000157,中联重科,a,cn
2021-11-30,000300,000166,申万宏源,a,cn
2021-11-30,000300,000333,美的集团,a,cn
2021-11-30,000300,000338,潍柴动力,a,cn
2021-11-30,000300,000425,徐工机械,a,cn
2021-11-30,000300,000538,云南白药,a,cn
2021-11-30,000300,000568,泸州老窖,a,cn
2021-11-30,000300,000596,古井贡酒,a,cn
2021-11-30,000300,000625,长安汽车,a,cn
2021-11-30,000300,000651,格力电器,a,cn
2021-11-30,000300,000656,金科股份,a,cn
2021-11-30,000300,000661,长春高新,a,cn
2021-11-30,000300,000703,恒逸石化,a,cn
2021-11-30,000300,000708,中信特钢,a,cn
2021-11-30,000300,000725,京东方A,a,cn
2021-11-30,000300,000728,国元证券,a,cn
2021-11-30,000300,000768,中航西飞,a,cn
2021-11-30,000300,000776,广发证券,a,cn
2021-11-30,000300,000783,长江证券,a,cn
2021-11-30,000300,000786,北新建材,a,cn
2021-11-30,000300,000800,一汽解放,a,cn
2021-11-30,000300,000858,五粮液,a,cn
2021-11-30,000300,000860,顺鑫农业,a,cn
2021-11-30,000300,000876,新希望,a,cn
2021-11-30,000300,000895,双汇发展,a,cn
2021-11-30,000300,000938,紫光股份,a,cn
2021-11-30,000300,000963,华东医药,a,cn
2021-11-30,000300,000977,浪潮信息,a,cn
2021-11-30,000300,001979,招商蛇口,a,cn
2021-11-30,000300,002001,新和成,a,cn
2021-11-30,000300,002007,华兰生物,a,cn
2021-11-30,000300,002008,大族激光,a,cn
2021-11-30,000300,002024,ST易购,a,cn
2021-11-30,000300,002027,分众传媒,a,cn
2021-11-30,000300,002032,苏泊尔,a,cn
2021-11-30,000300,002044,美年健康,a,cn
2021-11-30,000300,002049,紫光国微,a,cn
2021-11-30,000300,002050,三花智控,a,cn
2021-11-30,000300,002120,韵达股份,a,cn
2021-11-30,000300,002129,TCL中环,a,cn
2021-11-30,000300,002142,宁波银行,a,cn
2021-11-30,000300,002153,石基信息,a,cn
2021-11-30,000300,002157,正邦科技,a,cn
2021-11-30,000300,002179,中航光电,a,cn
2021-11-30,000300,002202,金风科技,a,cn
2021-11-30,000300,002230,科大讯飞,a,cn
2021-11-30,000300,002236,大华股份,a,cn
2021-11-30,000300,002241,歌尔股份,a,cn
2021-11-30,000300,002252,上海莱士,a,cn
2021-11-30,000300,002271,东方雨虹,a,cn
2021-11-30,000300,002304,洋河股份,a,cn
2021-11-30,000300,002311,海大集团,a,cn
2021-11-30,000300,002352,顺丰控股,a,cn
2021-11-30,000300,002371,北方华创,a,cn
2021-11-30,000300,002384,东山精密,a,cn
2021-11-30,000300,002410,广联达,a,cn
2021-11-30,000300,002414,高德红外,a,cn
2021-11-30,000300,002415,海康威视,a,cn
2021-11-30,000300,002456,欧菲光,a,cn
2021-11-30,000300,002460,赣锋锂业,a,cn
2021-11-30,000300,002463,沪电股份,a,cn
2021-11-30,000300,002475,立讯精密,a,cn
2021-11-30,000300,002493,荣盛石化,a,cn
2021-11-30,000300,002508,老板电器,a,cn
2021-11-30,000300,002555,三七互娱,a,cn
2021-11-30,000300,002558,巨人网络,a,cn
2021-11-30,000300,002594,比亚迪,a,cn
2021-11-30,000300,002600,领益智造,a,cn
2021-11-30,000300,002601,龙佰集团,a,cn
2021-11-30,000300,002602,世纪华通,a,cn
2021-11-30,000300,002607,中公教育,a,cn
2021-11-30,000300,002624,完美世界,a,cn
2021-11-30,000300,002673,西部证券,a,cn
2021-11-30,000300,002714,牧原股份,a,cn
2021-11-30,000300,002736,国信证券,a,cn
2021-11-30,000300,002739,儒意电影,a,cn
2021-11-30,000300,002773,康弘药业,a,cn
2021-11-30,000300,002812,恩捷股份,a,cn
2021-11-30,000300,002821,凯莱英,a,cn
2021-11-30,000300,002841,视源股份,a,cn
2021-11-30,000300,002916,深南电路,a,cn
2021-11-30,000300,002938,鹏鼎控股,a,cn
2021-11-30,000300,002939,长城证券,a,cn
2021-11-30,000300,002945,华林证券,a,cn
2021-11-30,000300,003816,中国广核,a,cn
2021-11-30,000300,300003,乐普医疗,a,cn
2021-11-30,000300,300014,亿纬锂能,a,cn
2021-11-30,000300,300015,爱尔眼科,a,cn
2021-11-30,000300,300033,同花顺,a,cn
2021-11-30,000300,300059,东方财富,a,cn
2021-11-30,000300,300122,智飞生物,a,cn
2021-11-30,000300,300124,汇川技术,a,cn
2021-11-30,000300,300136,信维通信,a,cn
2021-11-30,000300,300142,沃森生物,a,cn
2021-11-30,000300,300144,宋城演艺,a,cn
2021-11-30,000300,300274,阳光电源,a,cn
2021-11-30,000300,300347,泰格医药,a,cn
2021-11-30,000300,300408,三环集团,a,cn
2021-11-30,000300,300413,芒果超媒,a,cn
2021-11-30,000300,300433,蓝思科技,a,cn
2021-11-30,000300,300450,先导智能,a,cn
2021-11-30,000300,300498,温氏股份,a,cn
2021-11-30,000300,300529,健帆生物,a,cn
2021-11-30,000300,300558,贝达药业,a,cn
2021-11-30,000300,300595,欧普康视,a,cn
2021-11-30,000300,300601,康泰生物,a,cn
2021-11-30,000300,300628,亿联网络,a,cn
2021-11-30,000300,300676,华大基因,a,cn
2021-11-30,000300,300677,英科医疗,a,cn
2021-11-30,000300,600000,浦发银行,a,cn
2021-11-30,000300,600009,上海机场,a,cn
2021-11-30,000300,600010,包钢股份,a,cn
2021-11-30,000300,600011,华能国际,a,cn
2021-11-30,000300,600015,华夏银行,a,cn
2021-11-30,000300,600016,民生银行,a,cn
2021-11-30,000300,600018,上港集团,a,cn
2021-11-30,000300,600019,宝钢股份,a,cn
2021-11-30,000300,600025,华能水电,a,cn
2021-11-30,000300,600028,中国石化,a,cn
2021-11-30,000300,600029,南方航空,a,cn
2021-11-30,000300,600030,中信证券,a,cn
2021-11-30,000300,600031,三一重工,a,cn
2021-11-30,000300,600036,招商银行,a,cn
2021-11-30,000300,600048,保利发展,a,cn
2021-11-30,000300,600050,中国联通,a,cn
2021-11-30,000300,600061,国投资本,a,cn
2021-11-30,000300,600079,ST人福,a,cn
2021-11-30,000300,600085,同仁堂,a,cn
2021-11-30,000300,600104,上汽集团,a,cn
2021-11-30,000300,600109,国金证券,a,cn
2021-11-30,000300,600111,北方稀土,a,cn
2021-11-30,000300,600115,中国东航,a,cn
2021-11-30,000300,600118,中国卫星,a,cn
2021-11-30,000300,600132,重庆啤酒,a,cn
2021-11-30,000300,600143,金发科技,a,cn
2021-11-30,000300,600150,中国船舶,a,cn
2021-11-30,000300,600161,天坛生物,a,cn
2021-11-30,000300,600176,中国巨石,a,cn
2021-11-30,000300,600183,生益科技,a,cn
2021-11-30,000300,600196,复星医药,a,cn
2021-11-30,000300,600233,圆通速递,a,cn
2021-11-30,000300,600276,恒瑞医药,a,cn
2021-11-30,000300,600299,安迪苏,a,cn
2021-11-30,000300,600309,万华化学,a,cn
2021-11-30,000300,600332,白云山,a,cn
2021-11-30,000300,600340,*ST华幸,a,cn
2021-11-30,000300,600346,恒力石化,a,cn
2021-11-30,000300,600352,浙江龙盛,a,cn
2021-11-30,000300,600362,江西铜业,a,cn
2021-11-30,000300,600383,金地集团,a,cn
2021-11-30,000300,600406,国电南瑞,a,cn
2021-11-30,000300,600426,华鲁恒升,a,cn
2021-11-30,000300,600436,片仔癀,a,cn
2021-11-30,000300,600438,通威股份,a,cn
2021-11-30,000300,600482,中国动力,a,cn
2021-11-30,000300,600489,中金黄金,a,cn
2021-11-30,000300,600519,贵州茅台,a,cn
2021-11-30,000300,600521,华海药业,a,cn
2021-11-30,000300,600522,中天科技,a,cn
2021-11-30,000300,600547,山东黄金,a,cn
2021-11-30,000300,600570,恒生电子,a,cn
2021-11-30,000300,600584,长电科技,a,cn
2021-11-30,000300,600585,海螺水泥,a,cn
2021-11-30,000300,600588,用友网络,a,cn
2021-11-30,000300,600600,青岛啤酒,a,cn
2021-11-30,000300,600606,绿地控股,a,cn
2021-11-30,000300,600655,豫园股份,a,cn
2021-11-30,000300,600660,福耀玻璃,a,cn
2021-11-30,000300,600690,海尔智家,a,cn
2021-11-30,000300,600703,三安光电,a,cn
2021-11-30,000300,600705,中航产融,a,cn
2021-11-30,000300,600741,华域汽车,a,cn
2021-11-30,000300,600745,*ST闻泰,a,cn
2021-11-30,000300,600760,中航沈飞,a,cn
2021-11-30,000300,600763,通策医疗,a,cn
2021-11-30,000300,600795,国电电力,a,cn
2021-11-30,000300,600809,山西汾酒,a,cn
2021-11-30,000300,600837,海通证券,a,cn
2021-11-30,000300,600845,宝信软件,a,cn
2021-11-30,000300,600848,上海临港,a,cn
2021-11-30,000300,600872,中炬高新,a,cn
2021-11-30,000300,600886,国投电力,a,cn
2021-11-30,000300,600887,伊利股份,a,cn
2021-11-30,000300,600893,航发动力,a,cn
2021-11-30,000300,600900,长江电力,a,cn
2021-11-30,000300,600918,中泰证券,a,cn
2021-11-30,000300,600919,江苏银行,a,cn
2021-11-30,000300,600926,杭州银行,a,cn
2021-11-30,000300,600958,东方证券,a,cn
2021-11-30,000300,600989,宝丰能源,a,cn
2021-11-30,000300,600999,招商证券,a,cn
2021-11-30,000300,601006,大秦铁路,a,cn
2021-11-30,000300,601009,南京银行,a,cn
2021-11-30,000300,601012,隆基绿能,a,cn
2021-11-30,000300,601021,春秋航空,a,cn
2021-11-30,000300,601066,中信建投,a,cn
2021-11-30,000300,601077,渝农商行,a,cn
2021-11-30,000300,601088,中国神华,a,cn
2021-11-30,000300,601100,恒立液压,a,cn
2021-11-30,000300,601108,财通证券,a,cn
2021-11-30,000300,601111,中国国航,a,cn
2021-11-30,000300,601138,工业富联,a,cn
2021-11-30,000300,601155,新城控股,a,cn
2021-11-30,000300,601162,天风证券,a,cn
2021-11-30,000300,601166,兴业银行,a,cn
2021-11-30,000300,601169,北京银行,a,cn
2021-11-30,000300,601186,中国铁建,a,cn
2021-11-30,000300,601211,国泰海通,a,cn
2021-11-30,000300,601216,君正集团,a,cn
2021-11-30,000300,601225,陕西煤业,a,cn
2021-11-30,000300,601229,上海银行,a,cn
2021-11-30,000300,601231,环旭电子,a,cn
2021-11-30,000300,601236,红塔证券,a,cn
2021-11-30,000300,601238,广汽集团,a,cn
2021-11-30,000300,601288,农业银行,a,cn
2021-11-30,000300,601318,中国平安,a,cn
2021-11-30,000300,601319,中国人保,a,cn
2021-11-30,000300,601328,交通银行,a,cn
2021-11-30,000300,601336,新华保险,a,cn
2021-11-30,000300,601360,三六零,a,cn
2021-11-30,000300,601377,兴业证券,a,cn
2021-11-30,000300,601390,中国中铁,a,cn
2021-11-30,000300,601398,工商银行,a,cn
2021-11-30,000300,601555,东吴证券,a,cn
2021-11-30,000300,601600,中国铝业,a,cn
2021-11-30,000300,601601,中国太保,a,cn
2021-11-30,000300,601607,上海医药,a,cn
2021-11-30,000300,601618,中国中冶,a,cn
2021-11-30,000300,601628,中国人寿,a,cn
2021-11-30,000300,601633,长城汽车,a,cn
2021-11-30,000300,601658,邮储银行,a,cn
2021-11-30,000300,601668,中国建筑,a,cn
2021-11-30,000300,601669,中国电建,a,cn
2021-11-30,000300,601688,华泰证券,a,cn
2021-11-30,000300,601696,中银证券,a,cn
2021-11-30,000300,601698,中国卫通,a,cn
2021-11-30,000300,601727,上海电气,a,cn
2021-11-30,000300,601766,中国中车,a,cn
2021-11-30,000300,601788,光大证券,a,cn
2021-11-30,000300,601799,星宇股份,a,cn
2021-11-30,000300,601800,中国交建,a,cn
2021-11-30,000300,601808,中海油服,a,cn
2021-11-30,000300,601816,京沪高铁,a,cn
2021-11-30,000300,601818,光大银行,a,cn
2021-11-30,000300,601838,成都银行,a,cn
2021-11-30,000300,601857,中国石油,a,cn
2021-11-30,000300,601872,招商轮船,a,cn
2021-11-30,000300,601877,正泰电器,a,cn
2021-11-30,000300,601878,浙商证券,a,cn
2021-11-30,000300,601881,中国银河,a,cn
2021-11-30,000300,601888,中国中免,a,cn
2021-11-30,000300,601899,紫金矿业,a,cn
2021-11-30,000300,601901,方正证券,a,cn
2021-11-30,000300,601916,浙商银行,a,cn
2021-11-30,000300,601919,中远海控,a,cn
2021-11-30,000300,601933,永辉超市,a,cn
2021-11-30,000300,601939,建设银行,a,cn
2021-11-30,000300,601985,中国核电,a,cn
2021-11-30,000300,601988,中国银行,a,cn
2021-11-30,000300,601989,中国重工,a,cn
2021-11-30,000300,601990,南京证券,a,cn
2021-11-30,000300,601995,中金公司,a,cn
2021-11-30,000300,601998,中信银行,a,cn
2021-11-30,000300,603019,中科曙光,a,cn
2021-11-30,000300,603087,甘李药业,a,cn
2021-11-30,000300,603160,汇顶科技,a,cn
2021-11-30,000300,603195,公牛集团,a,cn
2021-11-30,000300,603233,大参林,a,cn
2021-11-30,000300,603259,药明康德,a,cn
2021-11-30,000300,603288,海天味业,a,cn
2021-11-30,000300,603338,浙江鼎力,a,cn
2021-11-30,000300,603369,今世缘,a,cn
2021-11-30,000300,603392,万泰生物,a,cn
2021-11-30,000300,603501,豪威集团,a,cn
2021-11-30,000300,603517,ST绝味,a,cn
2021-11-30,000300,603658,安图生物,a,cn
2021-11-30,000300,603659,璞泰来,a,cn
2021-11-30,000300,603799,华友钴业,a,cn
2021-11-30,000300,603806,福斯特,a,cn
2021-11-30,000300,603833,欧派家居,a,cn
2021-11-30,000300,603882,金域医学,a,cn
2021-11-30,000300,603899,晨光股份,a,cn
2021-11-30,000300,603939,益丰药房,a,cn
2021-11-30,000300,603986,兆易创新,a,cn
2021-11-30,000300,603993,洛阳钼业,a,cn
2021-11-30,000300,688008,澜起科技,a,cn
2021-11-30,000300,688009,中国通号,a,cn
2021-11-30,000300,688012,中微公司,a,cn
2021-11-30,000300,688036,传音控股,a,cn
2021-11-30,000300,688111,金山办公,a,cn
2021-11-30,000300,688126,沪硅产业,a,cn
2021-11-30,000300,688169,石头科技,a,cn
2021-11-30,000300,688363,华熙生物,a,cn
2021-11-30,000300,688396,华润微,a,cn
2021-12-31,000300,000001,平安银行,a,cn
2021-12-31,000300,000002,万科A,a,cn
2021-12-31,000300,000063,中兴通讯,a,cn
2021-12-31,000300,000066,中国长城,a,cn
2021-12-31,000300,000069,华侨城A,a,cn
2021-12-31,000300,000100,TCL科技,a,cn
2021-12-31,000300,000157,中联重科,a,cn
2021-12-31,000300,000166,申万宏源,a,cn
2021-12-31,000300,000301,东方盛虹,a,cn
2021-12-31,000300,000333,美的集团,a,cn
2021-12-31,000300,000338,潍柴动力,a,cn
2021-12-31,000300,000425,徐工机械,a,cn
2021-12-31,000300,000538,云南白药,a,cn
2021-12-31,000300,000568,泸州老窖,a,cn
2021-12-31,000300,000596,古井贡酒,a,cn
2021-12-31,000300,000625,长安汽车,a,cn
2021-12-31,000300,000651,格力电器,a,cn
2021-12-31,000300,000661,长春高新,a,cn
2021-12-31,000300,000703,恒逸石化,a,cn
2021-12-31,000300,000708,中信特钢,a,cn
2021-12-31,000300,000725,京东方A,a,cn
2021-12-31,000300,000768,中航西飞,a,cn
2021-12-31,000300,000776,广发证券,a,cn
2021-12-31,000300,000783,长江证券,a,cn
2021-12-31,000300,000786,北新建材,a,cn
2021-12-31,000300,000800,一汽解放,a,cn
2021-12-31,000300,000858,五粮液,a,cn
2021-12-31,000300,000876,新希望,a,cn
2021-12-31,000300,000895,双汇发展,a,cn
2021-12-31,000300,000938,紫光股份,a,cn
2021-12-31,000300,000963,华东医药,a,cn
2021-12-31,000300,000977,浪潮信息,a,cn
2021-12-31,000300,001979,招商蛇口,a,cn
2021-12-31,000300,002001,新和成,a,cn
2021-12-31,000300,002007,华兰生物,a,cn
2021-12-31,000300,002008,大族激光,a,cn
2021-12-31,000300,002024,ST易购,a,cn
2021-12-31,000300,002027,分众传媒,a,cn
2021-12-31,000300,002032,苏泊尔,a,cn
2021-12-31,000300,002044,美年健康,a,cn
2021-12-31,000300,002049,紫光国微,a,cn
2021-12-31,000300,002050,三花智控,a,cn
2021-12-31,000300,002064,华峰化学,a,cn
2021-12-31,000300,002120,韵达股份,a,cn
2021-12-31,000300,002129,TCL中环,a,cn
2021-12-31,000300,002142,宁波银行,a,cn
2021-12-31,000300,002157,正邦科技,a,cn
2021-12-31,000300,002179,中航光电,a,cn
2021-12-31,000300,002202,金风科技,a,cn
2021-12-31,000300,002230,科大讯飞,a,cn
2021-12-31,000300,002236,大华股份,a,cn
2021-12-31,000300,002241,歌尔股份,a,cn
2021-12-31,000300,002252,上海莱士,a,cn
2021-12-31,000300,002271,东方雨虹,a,cn
2021-12-31,000300,002304,洋河股份,a,cn
2021-12-31,000300,002311,海大集团,a,cn
2021-12-31,000300,002352,顺丰控股,a,cn
2021-12-31,000300,002371,北方华创,a,cn
2021-12-31,000300,002410,广联达,a,cn
2021-12-31,000300,002414,高德红外,a,cn
2021-12-31,000300,002415,海康威视,a,cn
2021-12-31,000300,002459,晶澳科技,a,cn
2021-12-31,000300,002460,赣锋锂业,a,cn
2021-12-31,000300,002466,天齐锂业,a,cn
2021-12-31,000300,002475,立讯精密,a,cn
2021-12-31,000300,002493,荣盛石化,a,cn
2021-12-31,000300,002555,三七互娱,a,cn
2021-12-31,000300,002568,百润股份,a,cn
2021-12-31,000300,002594,比亚迪,a,cn
2021-12-31,000300,002600,领益智造,a,cn
2021-12-31,000300,002601,龙佰集团,a,cn
2021-12-31,000300,002602,世纪华通,a,cn
2021-12-31,000300,002607,中公教育,a,cn
2021-12-31,000300,002624,完美世界,a,cn
2021-12-31,000300,002709,天赐材料,a,cn
2021-12-31,000300,002714,牧原股份,a,cn
2021-12-31,000300,002736,国信证券,a,cn
2021-12-31,000300,002791,坚朗五金,a,cn
2021-12-31,000300,002812,恩捷股份,a,cn
2021-12-31,000300,002821,凯莱英,a,cn
2021-12-31,000300,002841,视源股份,a,cn
2021-12-31,000300,002916,深南电路,a,cn
2021-12-31,000300,002938,鹏鼎控股,a,cn
2021-12-31,000300,003816,中国广核,a,cn
2021-12-31,000300,300003,乐普医疗,a,cn
2021-12-31,000300,300014,亿纬锂能,a,cn
2021-12-31,000300,300015,爱尔眼科,a,cn
2021-12-31,000300,300033,同花顺,a,cn
2021-12-31,000300,300059,东方财富,a,cn
2021-12-31,000300,300122,智飞生物,a,cn
2021-12-31,000300,300124,汇川技术,a,cn
2021-12-31,000300,300142,沃森生物,a,cn
2021-12-31,000300,300144,宋城演艺,a,cn
2021-12-31,000300,300274,阳光电源,a,cn
2021-12-31,000300,300316,晶盛机电,a,cn
2021-12-31,000300,300347,泰格医药,a,cn
2021-12-31,000300,300408,三环集团,a,cn
2021-12-31,000300,300413,芒果超媒,a,cn
2021-12-31,000300,300433,蓝思科技,a,cn
2021-12-31,000300,300450,先导智能,a,cn
2021-12-31,000300,300498,温氏股份,a,cn
2021-12-31,000300,300529,健帆生物,a,cn
2021-12-31,000300,300558,贝达药业,a,cn
2021-12-31,000300,300595,欧普康视,a,cn
2021-12-31,000300,300601,康泰生物,a,cn
2021-12-31,000300,300628,亿联网络,a,cn
2021-12-31,000300,300676,华大基因,a,cn
2021-12-31,000300,300677,英科医疗,a,cn
2021-12-31,000300,300750,宁德时代,a,cn
2021-12-31,000300,300759,康龙化成,a,cn
2021-12-31,000300,300760,迈瑞医疗,a,cn
2021-12-31,000300,300782,卓胜微,a,cn
2021-12-31,000300,300866,安克创新,a,cn
2021-12-31,000300,300888,稳健医疗,a,cn
2021-12-31,000300,300896,爱美客,a,cn
2021-12-31,000300,300999,金龙鱼,a,cn
2021-12-31,000300,600000,浦发银行,a,cn
2021-12-31,000300,600009,上海机场,a,cn
2021-12-31,000300,600010,包钢股份,a,cn
2021-12-31,000300,600011,华能国际,a,cn
2021-12-31,000300,600015,华夏银行,a,cn
2021-12-31,000300,600016,民生银行,a,cn
2021-12-31,000300,600018,上港集团,a,cn
2021-12-31,000300,600019,宝钢股份,a,cn
2021-12-31,000300,600025,华能水电,a,cn
2021-12-31,000300,600028,中国石化,a,cn
2021-12-31,000300,600029,南方航空,a,cn
2021-12-31,000300,600030,中信证券,a,cn
2021-12-31,000300,600031,三一重工,a,cn
2021-12-31,000300,600036,招商银行,a,cn
2021-12-31,000300,600048,保利发展,a,cn
2021-12-31,000300,600050,中国联通,a,cn
2021-12-31,000300,600061,国投资本,a,cn
2021-12-31,000300,600079,ST人福,a,cn
2021-12-31,000300,600085,同仁堂,a,cn
2021-12-31,000300,600104,上汽集团,a,cn
2021-12-31,000300,600109,国金证券,a,cn
2021-12-31,000300,600111,北方稀土,a,cn
2021-12-31,000300,600115,中国东航,a,cn
2021-12-31,000300,600132,重庆啤酒,a,cn
2021-12-31,000300,600143,金发科技,a,cn
2021-12-31,000300,600150,中国船舶,a,cn
2021-12-31,000300,600161,天坛生物,a,cn
2021-12-31,000300,600176,中国巨石,a,cn
2021-12-31,000300,600183,生益科技,a,cn
2021-12-31,000300,600196,复星医药,a,cn
2021-12-31,000300,600276,恒瑞医药,a,cn
2021-12-31,000300,600309,万华化学,a,cn
2021-12-31,000300,600332,白云山,a,cn
2021-12-31,000300,600346,恒力石化,a,cn
2021-12-31,000300,600352,浙江龙盛,a,cn
2021-12-31,000300,600362,江西铜业,a,cn
2021-12-31,000300,600383,金地集团,a,cn
2021-12-31,000300,600406,国电南瑞,a,cn
2021-12-31,000300,600426,华鲁恒升,a,cn
2021-12-31,000300,600436,片仔癀,a,cn
2021-12-31,000300,600438,通威股份,a,cn
2021-12-31,000300,600489,中金黄金,a,cn
2021-12-31,000300,600519,贵州茅台,a,cn
2021-12-31,000300,600547,山东黄金,a,cn
2021-12-31,000300,600570,恒生电子,a,cn
2021-12-31,000300,600584,长电科技,a,cn
2021-12-31,000300,600585,海螺水泥,a,cn
2021-12-31,000300,600588,用友网络,a,cn
2021-12-31,000300,600600,青岛啤酒,a,cn
2021-12-31,000300,600606,绿地控股,a,cn
2021-12-31,000300,600655,豫园股份,a,cn
2021-12-31,000300,600660,福耀玻璃,a,cn
2021-12-31,000300,600690,海尔智家,a,cn
2021-12-31,000300,600741,华域汽车,a,cn
2021-12-31,000300,600745,*ST闻泰,a,cn
2021-12-31,000300,600760,中航沈飞,a,cn
2021-12-31,000300,600763,通策医疗,a,cn
2021-12-31,000300,600795,国电电力,a,cn
2021-12-31,000300,600809,山西汾酒,a,cn
2021-12-31,000300,600837,海通证券,a,cn
2021-12-31,000300,600845,宝信软件,a,cn
2021-12-31,000300,600848,上海临港,a,cn
2021-12-31,000300,600872,中炬高新,a,cn
2021-12-31,000300,600886,国投电力,a,cn
2021-12-31,000300,600887,伊利股份,a,cn
2021-12-31,000300,600893,航发动力,a,cn
2021-12-31,000300,600900,长江电力,a,cn
2021-12-31,000300,600905,三峡能源,a,cn
2021-12-31,000300,600918,中泰证券,a,cn
2021-12-31,000300,600919,江苏银行,a,cn
2021-12-31,000300,600926,杭州银行,a,cn
2021-12-31,000300,600958,东方证券,a,cn
2021-12-31,000300,600989,宝丰能源,a,cn
2021-12-31,000300,600999,招商证券,a,cn
2021-12-31,000300,601006,大秦铁路,a,cn
2021-12-31,000300,601009,南京银行,a,cn
2021-12-31,000300,601012,隆基绿能,a,cn
2021-12-31,000300,601021,春秋航空,a,cn
2021-12-31,000300,601066,中信建投,a,cn
2021-12-31,000300,601088,中国神华,a,cn
2021-12-31,000300,601100,恒立液压,a,cn
2021-12-31,000300,601108,财通证券,a,cn
2021-12-31,000300,601111,中国国航,a,cn
2021-12-31,000300,601138,工业富联,a,cn
2021-12-31,000300,601155,新城控股,a,cn
2021-12-31,000300,601162,天风证券,a,cn
2021-12-31,000300,601166,兴业银行,a,cn
2021-12-31,000300,601169,北京银行,a,cn
2021-12-31,000300,601186,中国铁建,a,cn
2021-12-31,000300,601211,国泰海通,a,cn
2021-12-31,000300,601216,君正集团,a,cn
2021-12-31,000300,601225,陕西煤业,a,cn
2021-12-31,000300,601229,上海银行,a,cn
2021-12-31,000300,601231,环旭电子,a,cn
2021-12-31,000300,601236,红塔证券,a,cn
2021-12-31,000300,601238,广汽集团,a,cn
2021-12-31,000300,601288,农业银行,a,cn
2021-12-31,000300,601318,中国平安,a,cn
2021-12-31,000300,601319,中国人保,a,cn
2021-12-31,000300,601328,交通银行,a,cn
2021-12-31,000300,601336,新华保险,a,cn
2021-12-31,000300,601360,三六零,a,cn
2021-12-31,000300,601377,兴业证券,a,cn
2021-12-31,000300,601390,中国中铁,a,cn
2021-12-31,000300,601398,工商银行,a,cn
2021-12-31,000300,601600,中国铝业,a,cn
2021-12-31,000300,601601,中国太保,a,cn
2021-12-31,000300,601607,上海医药,a,cn
2021-12-31,000300,601618,中国中冶,a,cn
2021-12-31,000300,601628,中国人寿,a,cn
2021-12-31,000300,601633,长城汽车,a,cn
2021-12-31,000300,601658,邮储银行,a,cn
2021-12-31,000300,601668,中国建筑,a,cn
2021-12-31,000300,601669,中国电建,a,cn
2021-12-31,000300,601688,华泰证券,a,cn
2021-12-31,000300,601696,中银证券,a,cn
2021-12-31,000300,601698,中国卫通,a,cn
2021-12-31,000300,601728,中国电信,a,cn
2021-12-31,000300,601766,中国中车,a,cn
2021-12-31,000300,601788,光大证券,a,cn
2021-12-31,000300,601799,星宇股份,a,cn
2021-12-31,000300,601800,中国交建,a,cn
2021-12-31,000300,601808,中海油服,a,cn
2021-12-31,000300,601816,京沪高铁,a,cn
2021-12-31,000300,601818,光大银行,a,cn
2021-12-31,000300,601838,成都银行,a,cn
2021-12-31,000300,601857,中国石油,a,cn
2021-12-31,000300,601865,福莱特,a,cn
2021-12-31,000300,601868,中国能建,a,cn
2021-12-31,000300,601877,正泰电器,a,cn
2021-12-31,000300,601878,浙商证券,a,cn
2021-12-31,000300,601881,中国银河,a,cn
2021-12-31,000300,601888,中国中免,a,cn
2021-12-31,000300,601898,中煤能源,a,cn
2021-12-31,000300,601899,紫金矿业,a,cn
2021-12-31,000300,601901,方正证券,a,cn
2021-12-31,000300,601916,浙商银行,a,cn
2021-12-31,000300,601919,中远海控,a,cn
2021-12-31,000300,601933,永辉超市,a,cn
2021-12-31,000300,601939,建设银行,a,cn
2021-12-31,000300,601966,玲珑轮胎,a,cn
2021-12-31,000300,601985,中国核电,a,cn
2021-12-31,000300,601988,中国银行,a,cn
2021-12-31,000300,601989,中国重工,a,cn
2021-12-31,000300,601990,南京证券,a,cn
2021-12-31,000300,601995,中金公司,a,cn
2021-12-31,000300,601998,中信银行,a,cn
2021-12-31,000300,603019,中科曙光,a,cn
2021-12-31,000300,603087,甘李药业,a,cn
2021-12-31,000300,603160,汇顶科技,a,cn
2021-12-31,000300,603195,公牛集团,a,cn
2021-12-31,000300,603233,大参林,a,cn
2021-12-31,000300,603259,药明康德,a,cn
2021-12-31,000300,603260,合盛硅业,a,cn
2021-12-31,000300,603288,海天味业,a,cn
2021-12-31,000300,603338,浙江鼎力,a,cn
2021-12-31,000300,603369,今世缘,a,cn
2021-12-31,000300,603392,万泰生物,a,cn
2021-12-31,000300,603486,科沃斯,a,cn
2021-12-31,000300,603501,豪威集团,a,cn
2021-12-31,000300,603517,ST绝味,a,cn
2021-12-31,000300,603658,安图生物,a,cn
2021-12-31,000300,603659,璞泰来,a,cn
2021-12-31,000300,603799,华友钴业,a,cn
2021-12-31,000300,603806,福斯特,a,cn
2021-12-31,000300,603833,欧派家居,a,cn
2021-12-31,000300,603882,金域医学,a,cn
2021-12-31,000300,603899,晨光股份,a,cn
2021-12-31,000300,603939,益丰药房,a,cn
2021-12-31,000300,603986,兆易创新,a,cn
2021-12-31,000300,603993,洛阳钼业,a,cn
2021-12-31,000300,605499,东鹏饮料,a,cn
2021-12-31,000300,688008,澜起科技,a,cn
2021-12-31,000300,688009,中国通号,a,cn
2021-12-31,000300,688012,中微公司,a,cn
2021-12-31,000300,688036,传音控股,a,cn
2021-12-31,000300,688111,金山办公,a,cn
2021-12-31,000300,688126,沪硅产业,a,cn
2021-12-31,000300,688169,石头科技,a,cn
2021-12-31,000300,688363,华熙生物,a,cn
2021-12-31,000300,688396,华润微,a,cn
2021-12-31,000300,688561,奇安信,a,cn
2021-12-31,000300,688599,天合光能,a,cn
2021-12-31,000300,688981,中芯国际,a,cn
2022-01-28,000300,000001,平安银行,a,cn
2022-01-28,000300,000002,万科A,a,cn
2022-01-28,000300,000063,中兴通讯,a,cn
2022-01-28,000300,000066,中国长城,a,cn
2022-01-28,000300,000069,华侨城A,a,cn
2022-01-28,000300,000100,TCL科技,a,cn
2022-01-28,000300,000157,中联重科,a,cn
2022-01-28,000300,000166,申万宏源,a,cn
2022-01-28,000300,000301,东方盛虹,a,cn
2022-01-28,000300,000333,美的集团,a,cn
2022-01-28,000300,000338,潍柴动力,a,cn
2022-01-28,000300,000425,徐工机械,a,cn
2022-01-28,000300,000538,云南白药,a,cn
2022-01-28,000300,000568,泸州老窖,a,cn
2022-01-28,000300,000596,古井贡酒,a,cn
2022-01-28,000300,000625,长安汽车,a,cn
2022-01-28,000300,000651,格力电器,a,cn
2022-01-28,000300,000661,长春高新,a,cn
2022-01-28,000300,000703,恒逸石化,a,cn
2022-01-28,000300,000708,中信特钢,a,cn
2022-01-28,000300,000725,京东方A,a,cn
2022-01-28,000300,000768,中航西飞,a,cn
2022-01-28,000300,000776,广发证券,a,cn
2022-01-28,000300,000783,长江证券,a,cn
2022-01-28,000300,000786,北新建材,a,cn
2022-01-28,000300,000800,一汽解放,a,cn
2022-01-28,000300,000858,五粮液,a,cn
2022-01-28,000300,000876,新希望,a,cn
2022-01-28,000300,000895,双汇发展,a,cn
2022-01-28,000300,000938,紫光股份,a,cn
2022-01-28,000300,000963,华东医药,a,cn
2022-01-28,000300,000977,浪潮信息,a,cn
2022-01-28,000300,001979,招商蛇口,a,cn
2022-01-28,000300,002001,新和成,a,cn
2022-01-28,000300,002007,华兰生物,a,cn
2022-01-28,000300,002008,大族激光,a,cn
2022-01-28,000300,002024,ST易购,a,cn
2022-01-28,000300,002027,分众传媒,a,cn
2022-01-28,000300,002032,苏泊尔,a,cn
2022-01-28,000300,002044,美年健康,a,cn
2022-01-28,000300,002049,紫光国微,a,cn
2022-01-28,000300,002050,三花智控,a,cn
2022-01-28,000300,002064,华峰化学,a,cn
2022-01-28,000300,002120,韵达股份,a,cn
2022-01-28,000300,002129,TCL中环,a,cn
2022-01-28,000300,002142,宁波银行,a,cn
2022-01-28,000300,002157,正邦科技,a,cn
2022-01-28,000300,002179,中航光电,a,cn
2022-01-28,000300,002202,金风科技,a,cn
2022-01-28,000300,002230,科大讯飞,a,cn
2022-01-28,000300,002236,大华股份,a,cn
2022-01-28,000300,002241,歌尔股份,a,cn
2022-01-28,000300,002252,上海莱士,a,cn
2022-01-28,000300,002271,东方雨虹,a,cn
2022-01-28,000300,002304,洋河股份,a,cn
2022-01-28,000300,002311,海大集团,a,cn
2022-01-28,000300,002352,顺丰控股,a,cn
2022-01-28,000300,002371,北方华创,a,cn
2022-01-28,000300,002410,广联达,a,cn
2022-01-28,000300,002414,高德红外,a,cn
2022-01-28,000300,002415,海康威视,a,cn
2022-01-28,000300,002459,晶澳科技,a,cn
2022-01-28,000300,002460,赣锋锂业,a,cn
2022-01-28,000300,002466,天齐锂业,a,cn
2022-01-28,000300,002475,立讯精密,a,cn
2022-01-28,000300,002493,荣盛石化,a,cn
2022-01-28,000300,002555,三七互娱,a,cn
2022-01-28,000300,002568,百润股份,a,cn
2022-01-28,000300,002594,比亚迪,a,cn
2022-01-28,000300,002600,领益智造,a,cn
2022-01-28,000300,002601,龙佰集团,a,cn
2022-01-28,000300,002602,世纪华通,a,cn
2022-01-28,000300,002607,中公教育,a,cn
2022-01-28,000300,002624,完美世界,a,cn
2022-01-28,000300,002709,天赐材料,a,cn
2022-01-28,000300,002714,牧原股份,a,cn
2022-01-28,000300,002736,国信证券,a,cn
2022-01-28,000300,002791,坚朗五金,a,cn
2022-01-28,000300,002812,恩捷股份,a,cn
2022-01-28,000300,002821,凯莱英,a,cn
2022-01-28,000300,002841,视源股份,a,cn
2022-01-28,000300,002916,深南电路,a,cn
2022-01-28,000300,002938,鹏鼎控股,a,cn
2022-01-28,000300,003816,中国广核,a,cn
2022-01-28,000300,300003,乐普医疗,a,cn
2022-01-28,000300,300014,亿纬锂能,a,cn
2022-01-28,000300,300015,爱尔眼科,a,cn
2022-01-28,000300,300033,同花顺,a,cn
2022-01-28,000300,300059,东方财富,a,cn
2022-01-28,000300,300122,智飞生物,a,cn
2022-01-28,000300,300124,汇川技术,a,cn
2022-01-28,000300,300142,沃森生物,a,cn
2022-01-28,000300,300144,宋城演艺,a,cn
2022-01-28,000300,300274,阳光电源,a,cn
2022-01-28,000300,300316,晶盛机电,a,cn
2022-01-28,000300,300347,泰格医药,a,cn
2022-01-28,000300,300408,三环集团,a,cn
2022-01-28,000300,300413,芒果超媒,a,cn
2022-01-28,000300,300433,蓝思科技,a,cn
2022-01-28,000300,300450,先导智能,a,cn
2022-01-28,000300,300498,温氏股份,a,cn
2022-01-28,000300,300529,健帆生物,a,cn
2022-01-28,000300,300558,贝达药业,a,cn
2022-01-28,000300,300595,欧普康视,a,cn
2022-01-28,000300,300601,康泰生物,a,cn
2022-01-28,000300,300628,亿联网络,a,cn
2022-01-28,000300,300676,华大基因,a,cn
2022-01-28,000300,300677,英科医疗,a,cn
2022-01-28,000300,300750,宁德时代,a,cn
2022-01-28,000300,300759,康龙化成,a,cn
2022-01-28,000300,300760,迈瑞医疗,a,cn
2022-01-28,000300,300782,卓胜微,a,cn
2022-01-28,000300,300866,安克创新,a,cn
2022-01-28,000300,300888,稳健医疗,a,cn
2022-01-28,000300,300896,爱美客,a,cn
2022-01-28,000300,300999,金龙鱼,a,cn
2022-01-28,000300,600000,浦发银行,a,cn
2022-01-28,000300,600009,上海机场,a,cn
2022-01-28,000300,600010,包钢股份,a,cn
2022-01-28,000300,600011,华能国际,a,cn
2022-01-28,000300,600015,华夏银行,a,cn
2022-01-28,000300,600016,民生银行,a,cn
2022-01-28,000300,600018,上港集团,a,cn
2022-01-28,000300,600019,宝钢股份,a,cn
2022-01-28,000300,600025,华能水电,a,cn
2022-01-28,000300,600028,中国石化,a,cn
2022-01-28,000300,600029,南方航空,a,cn
2022-01-28,000300,600030,中信证券,a,cn
2022-01-28,000300,600031,三一重工,a,cn
2022-01-28,000300,600036,招商银行,a,cn
2022-01-28,000300,600048,保利发展,a,cn
2022-01-28,000300,600050,中国联通,a,cn
2022-01-28,000300,600061,国投资本,a,cn
2022-01-28,000300,600079,ST人福,a,cn
2022-01-28,000300,600085,同仁堂,a,cn
2022-01-28,000300,600104,上汽集团,a,cn
2022-01-28,000300,600109,国金证券,a,cn
2022-01-28,000300,600111,北方稀土,a,cn
2022-01-28,000300,600115,中国东航,a,cn
2022-01-28,000300,600132,重庆啤酒,a,cn
2022-01-28,000300,600143,金发科技,a,cn
2022-01-28,000300,600150,中国船舶,a,cn
2022-01-28,000300,600161,天坛生物,a,cn
2022-01-28,000300,600176,中国巨石,a,cn
2022-01-28,000300,600183,生益科技,a,cn
2022-01-28,000300,600196,复星医药,a,cn
2022-01-28,000300,600276,恒瑞医药,a,cn
2022-01-28,000300,600309,万华化学,a,cn
2022-01-28,000300,600332,白云山,a,cn
2022-01-28,000300,600346,恒力石化,a,cn
2022-01-28,000300,600352,浙江龙盛,a,cn
2022-01-28,000300,600362,江西铜业,a,cn
2022-01-28,000300,600383,金地集团,a,cn
2022-01-28,000300,600406,国电南瑞,a,cn
2022-01-28,000300,600426,华鲁恒升,a,cn
2022-01-28,000300,600436,片仔癀,a,cn
2022-01-28,000300,600438,通威股份,a,cn
2022-01-28,000300,600489,中金黄金,a,cn
2022-01-28,000300,600519,贵州茅台,a,cn
2022-01-28,000300,600547,山东黄金,a,cn
2022-01-28,000300,600570,恒生电子,a,cn
2022-01-28,000300,600584,长电科技,a,cn
2022-01-28,000300,600585,海螺水泥,a,cn
2022-01-28,000300,600588,用友网络,a,cn
2022-01-28,000300,600600,青岛啤酒,a,cn
2022-01-28,000300,600606,绿地控股,a,cn
2022-01-28,000300,600655,豫园股份,a,cn
2022-01-28,000300,600660,福耀玻璃,a,cn
2022-01-28,000300,600690,海尔智家,a,cn
2022-01-28,000300,600741,华域汽车,a,cn
2022-01-28,000300,600745,*ST闻泰,a,cn
2022-01-28,000300,600760,中航沈飞,a,cn
2022-01-28,000300,600763,通策医疗,a,cn
2022-01-28,000300,600795,国电电力,a,cn
2022-01-28,000300,600809,山西汾酒,a,cn
2022-01-28,000300,600837,海通证券,a,cn
2022-01-28,000300,600845,宝信软件,a,cn
2022-01-28,000300,600848,上海临港,a,cn
2022-01-28,000300,600872,中炬高新,a,cn
2022-01-28,000300,600886,国投电力,a,cn
2022-01-28,000300,600887,伊利股份,a,cn
2022-01-28,000300,600893,航发动力,a,cn
2022-01-28,000300,600900,长江电力,a,cn
2022-01-28,000300,600905,三峡能源,a,cn
2022-01-28,000300,600918,中泰证券,a,cn
2022-01-28,000300,600919,江苏银行,a,cn
2022-01-28,000300,600926,杭州银行,a,cn
2022-01-28,000300,600958,东方证券,a,cn
2022-01-28,000300,600989,宝丰能源,a,cn
2022-01-28,000300,600999,招商证券,a,cn
2022-01-28,000300,601006,大秦铁路,a,cn
2022-01-28,000300,601009,南京银行,a,cn
2022-01-28,000300,601012,隆基绿能,a,cn
2022-01-28,000300,601021,春秋航空,a,cn
2022-01-28,000300,601066,中信建投,a,cn
2022-01-28,000300,601088,中国神华,a,cn
2022-01-28,000300,601100,恒立液压,a,cn
2022-01-28,000300,601108,财通证券,a,cn
2022-01-28,000300,601111,中国国航,a,cn
2022-01-28,000300,601138,工业富联,a,cn
2022-01-28,000300,601155,新城控股,a,cn
2022-01-28,000300,601162,天风证券,a,cn
2022-01-28,000300,601166,兴业银行,a,cn
2022-01-28,000300,601169,北京银行,a,cn
2022-01-28,000300,601186,中国铁建,a,cn
2022-01-28,000300,601211,国泰海通,a,cn
2022-01-28,000300,601216,君正集团,a,cn
2022-01-28,000300,601225,陕西煤业,a,cn
2022-01-28,000300,601229,上海银行,a,cn
2022-01-28,000300,601231,环旭电子,a,cn
2022-01-28,000300,601236,红塔证券,a,cn
2022-01-28,000300,601238,广汽集团,a,cn
2022-01-28,000300,601288,农业银行,a,cn
2022-01-28,000300,601318,中国平安,a,cn
2022-01-28,000300,601319,中国人保,a,cn
2022-01-28,000300,601328,交通银行,a,cn
2022-01-28,000300,601336,新华保险,a,cn
2022-01-28,000300,601360,三六零,a,cn
2022-01-28,000300,601377,兴业证券,a,cn
2022-01-28,000300,601390,中国中铁,a,cn
2022-01-28,000300,601398,工商银行,a,cn
2022-01-28,000300,601600,中国铝业,a,cn
2022-01-28,000300,601601,中国太保,a,cn
2022-01-28,000300,601607,上海医药,a,cn
2022-01-28,000300,601618,中国中冶,a,cn
2022-01-28,000300,601628,中国人寿,a,cn
2022-01-28,000300,601633,长城汽车,a,cn
2022-01-28,000300,601658,邮储银行,a,cn
2022-01-28,000300,601668,中国建筑,a,cn
2022-01-28,000300,601669,中国电建,a,cn
2022-01-28,000300,601688,华泰证券,a,cn
2022-01-28,000300,601696,中银证券,a,cn
2022-01-28,000300,601698,中国卫通,a,cn
2022-01-28,000300,601728,中国电信,a,cn
2022-01-28,000300,601766,中国中车,a,cn
2022-01-28,000300,601788,光大证券,a,cn
2022-01-28,000300,601799,星宇股份,a,cn
2022-01-28,000300,601800,中国交建,a,cn
2022-01-28,000300,601808,中海油服,a,cn
2022-01-28,000300,601816,京沪高铁,a,cn
2022-01-28,000300,601818,光大银行,a,cn
2022-01-28,000300,601838,成都银行,a,cn
2022-01-28,000300,601857,中国石油,a,cn
2022-01-28,000300,601865,福莱特,a,cn
2022-01-28,000300,601868,中国能建,a,cn
2022-01-28,000300,601877,正泰电器,a,cn
2022-01-28,000300,601878,浙商证券,a,cn
2022-01-28,000300,601881,中国银河,a,cn
2022-01-28,000300,601888,中国中免,a,cn
2022-01-28,000300,601898,中煤能源,a,cn
2022-01-28,000300,601899,紫金矿业,a,cn
2022-01-28,000300,601901,方正证券,a,cn
2022-01-28,000300,601916,浙商银行,a,cn
2022-01-28,000300,601919,中远海控,a,cn
2022-01-28,000300,601933,永辉超市,a,cn
2022-01-28,000300,601939,建设银行,a,cn
2022-01-28,000300,601966,玲珑轮胎,a,cn
2022-01-28,000300,601985,中国核电,a,cn
2022-01-28,000300,601988,中国银行,a,cn
2022-01-28,000300,601989,中国重工,a,cn
2022-01-28,000300,601990,南京证券,a,cn
2022-01-28,000300,601995,中金公司,a,cn
2022-01-28,000300,601998,中信银行,a,cn
2022-01-28,000300,603019,中科曙光,a,cn
2022-01-28,000300,603087,甘李药业,a,cn
2022-01-28,000300,603160,汇顶科技,a,cn
2022-01-28,000300,603195,公牛集团,a,cn
2022-01-28,000300,603233,大参林,a,cn
2022-01-28,000300,603259,药明康德,a,cn
2022-01-28,000300,603260,合盛硅业,a,cn
2022-01-28,000300,603288,海天味业,a,cn
2022-01-28,000300,603338,浙江鼎力,a,cn
2022-01-28,000300,603369,今世缘,a,cn
2022-01-28,000300,603392,万泰生物,a,cn
2022-01-28,000300,603486,科沃斯,a,cn
2022-01-28,000300,603501,豪威集团,a,cn
2022-01-28,000300,603517,ST绝味,a,cn
2022-01-28,000300,603658,安图生物,a,cn
2022-01-28,000300,603659,璞泰来,a,cn
2022-01-28,000300,603799,华友钴业,a,cn
2022-01-28,000300,603806,福斯特,a,cn
2022-01-28,000300,603833,欧派家居,a,cn
2022-01-28,000300,603882,金域医学,a,cn
2022-01-28,000300,603899,晨光股份,a,cn
2022-01-28,000300,603939,益丰药房,a,cn
2022-01-28,000300,603986,兆易创新,a,cn
2022-01-28,000300,603993,洛阳钼业,a,cn
2022-01-28,000300,605499,东鹏饮料,a,cn
2022-01-28,000300,688008,澜起科技,a,cn
2022-01-28,000300,688009,中国通号,a,cn
2022-01-28,000300,688012,中微公司,a,cn
2022-01-28,000300,688036,传音控股,a,cn
2022-01-28,000300,688111,金山办公,a,cn
2022-01-28,000300,688126,沪硅产业,a,cn
2022-01-28,000300,688169,石头科技,a,cn
2022-01-28,000300,688363,华熙生物,a,cn
2022-01-28,000300,688396,华润微,a,cn
2022-01-28,000300,688561,奇安信,a,cn
2022-01-28,000300,688599,天合光能,a,cn
2022-01-28,000300,688981,中芯国际,a,cn
2022-02-28,000300,000001,平安银行,a,cn
2022-02-28,000300,000002,万科A,a,cn
2022-02-28,000300,000063,中兴通讯,a,cn
2022-02-28,000300,000066,中国长城,a,cn
2022-02-28,000300,000069,华侨城A,a,cn
2022-02-28,000300,000100,TCL科技,a,cn
2022-02-28,000300,000157,中联重科,a,cn
2022-02-28,000300,000166,申万宏源,a,cn
2022-02-28,000300,000301,东方盛虹,a,cn
2022-02-28,000300,000333,美的集团,a,cn
2022-02-28,000300,000338,潍柴动力,a,cn
2022-02-28,000300,000425,徐工机械,a,cn
2022-02-28,000300,000538,云南白药,a,cn
2022-02-28,000300,000568,泸州老窖,a,cn
2022-02-28,000300,000596,古井贡酒,a,cn
2022-02-28,000300,000625,长安汽车,a,cn
2022-02-28,000300,000651,格力电器,a,cn
2022-02-28,000300,000661,长春高新,a,cn
2022-02-28,000300,000703,恒逸石化,a,cn
2022-02-28,000300,000708,中信特钢,a,cn
2022-02-28,000300,000725,京东方A,a,cn
2022-02-28,000300,000768,中航西飞,a,cn
2022-02-28,000300,000776,广发证券,a,cn
2022-02-28,000300,000783,长江证券,a,cn
2022-02-28,000300,000786,北新建材,a,cn
2022-02-28,000300,000800,一汽解放,a,cn
2022-02-28,000300,000858,五粮液,a,cn
2022-02-28,000300,000876,新希望,a,cn
2022-02-28,000300,000895,双汇发展,a,cn
2022-02-28,000300,000938,紫光股份,a,cn
2022-02-28,000300,000963,华东医药,a,cn
2022-02-28,000300,000977,浪潮信息,a,cn
2022-02-28,000300,001979,招商蛇口,a,cn
2022-02-28,000300,002001,新和成,a,cn
2022-02-28,000300,002007,华兰生物,a,cn
2022-02-28,000300,002008,大族激光,a,cn
2022-02-28,000300,002024,ST易购,a,cn
2022-02-28,000300,002027,分众传媒,a,cn
2022-02-28,000300,002032,苏泊尔,a,cn
2022-02-28,000300,002044,美年健康,a,cn
2022-02-28,000300,002049,紫光国微,a,cn
2022-02-28,000300,002050,三花智控,a,cn
2022-02-28,000300,002064,华峰化学,a,cn
2022-02-28,000300,002120,韵达股份,a,cn
2022-02-28,000300,002129,TCL中环,a,cn
2022-02-28,000300,002142,宁波银行,a,cn
2022-02-28,000300,002157,正邦科技,a,cn
2022-02-28,000300,002179,中航光电,a,cn
2022-02-28,000300,002202,金风科技,a,cn
2022-02-28,000300,002230,科大讯飞,a,cn
2022-02-28,000300,002236,大华股份,a,cn
2022-02-28,000300,002241,歌尔股份,a,cn
2022-02-28,000300,002252,上海莱士,a,cn
2022-02-28,000300,002271,东方雨虹,a,cn
2022-02-28,000300,002304,洋河股份,a,cn
2022-02-28,000300,002311,海大集团,a,cn
2022-02-28,000300,002352,顺丰控股,a,cn
2022-02-28,000300,002371,北方华创,a,cn
2022-02-28,000300,002410,广联达,a,cn
2022-02-28,000300,002414,高德红外,a,cn
2022-02-28,000300,002415,海康威视,a,cn
2022-02-28,000300,002459,晶澳科技,a,cn
2022-02-28,000300,002460,赣锋锂业,a,cn
2022-02-28,000300,002466,天齐锂业,a,cn
2022-02-28,000300,002475,立讯精密,a,cn
2022-02-28,000300,002493,荣盛石化,a,cn
2022-02-28,000300,002555,三七互娱,a,cn
2022-02-28,000300,002568,百润股份,a,cn
2022-02-28,000300,002594,比亚迪,a,cn
2022-02-28,000300,002600,领益智造,a,cn
2022-02-28,000300,002601,龙佰集团,a,cn
2022-02-28,000300,002602,世纪华通,a,cn
2022-02-28,000300,002607,中公教育,a,cn
2022-02-28,000300,002624,完美世界,a,cn
2022-02-28,000300,002709,天赐材料,a,cn
2022-02-28,000300,002714,牧原股份,a,cn
2022-02-28,000300,002736,国信证券,a,cn
2022-02-28,000300,002791,坚朗五金,a,cn
2022-02-28,000300,002812,恩捷股份,a,cn
2022-02-28,000300,002821,凯莱英,a,cn
2022-02-28,000300,002841,视源股份,a,cn
2022-02-28,000300,002916,深南电路,a,cn
2022-02-28,000300,002938,鹏鼎控股,a,cn
2022-02-28,000300,003816,中国广核,a,cn
2022-02-28,000300,300003,乐普医疗,a,cn
2022-02-28,000300,300014,亿纬锂能,a,cn
2022-02-28,000300,300015,爱尔眼科,a,cn
2022-02-28,000300,300033,同花顺,a,cn
2022-02-28,000300,300059,东方财富,a,cn
2022-02-28,000300,300122,智飞生物,a,cn
2022-02-28,000300,300124,汇川技术,a,cn
2022-02-28,000300,300142,沃森生物,a,cn
2022-02-28,000300,300144,宋城演艺,a,cn
2022-02-28,000300,300274,阳光电源,a,cn
2022-02-28,000300,300316,晶盛机电,a,cn
2022-02-28,000300,300347,泰格医药,a,cn
2022-02-28,000300,300408,三环集团,a,cn
2022-02-28,000300,300413,芒果超媒,a,cn
2022-02-28,000300,300433,蓝思科技,a,cn
2022-02-28,000300,300450,先导智能,a,cn
2022-02-28,000300,300498,温氏股份,a,cn
2022-02-28,000300,300529,健帆生物,a,cn
2022-02-28,000300,300558,贝达药业,a,cn
2022-02-28,000300,300595,欧普康视,a,cn
2022-02-28,000300,300601,康泰生物,a,cn
2022-02-28,000300,300628,亿联网络,a,cn
2022-02-28,000300,300676,华大基因,a,cn
2022-02-28,000300,300677,英科医疗,a,cn
2022-02-28,000300,300750,宁德时代,a,cn
2022-02-28,000300,300759,康龙化成,a,cn
2022-02-28,000300,300760,迈瑞医疗,a,cn
2022-02-28,000300,300782,卓胜微,a,cn
2022-02-28,000300,300866,安克创新,a,cn
2022-02-28,000300,300888,稳健医疗,a,cn
2022-02-28,000300,300896,爱美客,a,cn
2022-02-28,000300,300999,金龙鱼,a,cn
2022-02-28,000300,600000,浦发银行,a,cn
2022-02-28,000300,600009,上海机场,a,cn
2022-02-28,000300,600010,包钢股份,a,cn
2022-02-28,000300,600011,华能国际,a,cn
2022-02-28,000300,600015,华夏银行,a,cn
2022-02-28,000300,600016,民生银行,a,cn
2022-02-28,000300,600018,上港集团,a,cn
2022-02-28,000300,600019,宝钢股份,a,cn
2022-02-28,000300,600025,华能水电,a,cn
2022-02-28,000300,600028,中国石化,a,cn
2022-02-28,000300,600029,南方航空,a,cn
2022-02-28,000300,600030,中信证券,a,cn
2022-02-28,000300,600031,三一重工,a,cn
2022-02-28,000300,600036,招商银行,a,cn
2022-02-28,000300,600048,保利发展,a,cn
2022-02-28,000300,600050,中国联通,a,cn
2022-02-28,000300,600061,国投资本,a,cn
2022-02-28,000300,600079,ST人福,a,cn
2022-02-28,000300,600085,同仁堂,a,cn
2022-02-28,000300,600104,上汽集团,a,cn
2022-02-28,000300,600109,国金证券,a,cn
2022-02-28,000300,600111,北方稀土,a,cn
2022-02-28,000300,600115,中国东航,a,cn
2022-02-28,000300,600132,重庆啤酒,a,cn
2022-02-28,000300,600143,金发科技,a,cn
2022-02-28,000300,600150,中国船舶,a,cn
2022-02-28,000300,600161,天坛生物,a,cn
2022-02-28,000300,600176,中国巨石,a,cn
2022-02-28,000300,600183,生益科技,a,cn
2022-02-28,000300,600196,复星医药,a,cn
2022-02-28,000300,600276,恒瑞医药,a,cn
2022-02-28,000300,600309,万华化学,a,cn
2022-02-28,000300,600332,白云山,a,cn
2022-02-28,000300,600346,恒力石化,a,cn
2022-02-28,000300,600352,浙江龙盛,a,cn
2022-02-28,000300,600362,江西铜业,a,cn
2022-02-28,000300,600383,金地集团,a,cn
2022-02-28,000300,600406,国电南瑞,a,cn
2022-02-28,000300,600426,华鲁恒升,a,cn
2022-02-28,000300,600436,片仔癀,a,cn
2022-02-28,000300,600438,通威股份,a,cn
2022-02-28,000300,600489,中金黄金,a,cn
2022-02-28,000300,600519,贵州茅台,a,cn
2022-02-28,000300,600547,山东黄金,a,cn
2022-02-28,000300,600570,恒生电子,a,cn
2022-02-28,000300,600584,长电科技,a,cn
2022-02-28,000300,600585,海螺水泥,a,cn
2022-02-28,000300,600588,用友网络,a,cn
2022-02-28,000300,600600,青岛啤酒,a,cn
2022-02-28,000300,600606,绿地控股,a,cn
2022-02-28,000300,600655,豫园股份,a,cn
2022-02-28,000300,600660,福耀玻璃,a,cn
2022-02-28,000300,600690,海尔智家,a,cn
2022-02-28,000300,600741,华域汽车,a,cn
2022-02-28,000300,600745,*ST闻泰,a,cn
2022-02-28,000300,600760,中航沈飞,a,cn
2022-02-28,000300,600763,通策医疗,a,cn
2022-02-28,000300,600795,国电电力,a,cn
2022-02-28,000300,600809,山西汾酒,a,cn
2022-02-28,000300,600837,海通证券,a,cn
2022-02-28,000300,600845,宝信软件,a,cn
2022-02-28,000300,600848,上海临港,a,cn
2022-02-28,000300,600872,中炬高新,a,cn
2022-02-28,000300,600886,国投电力,a,cn
2022-02-28,000300,600887,伊利股份,a,cn
2022-02-28,000300,600893,航发动力,a,cn
2022-02-28,000300,600900,长江电力,a,cn
2022-02-28,000300,600905,三峡能源,a,cn
2022-02-28,000300,600918,中泰证券,a,cn
2022-02-28,000300,600919,江苏银行,a,cn
2022-02-28,000300,600926,杭州银行,a,cn
2022-02-28,000300,600958,东方证券,a,cn
2022-02-28,000300,600989,宝丰能源,a,cn
2022-02-28,000300,600999,招商证券,a,cn
2022-02-28,000300,601006,大秦铁路,a,cn
2022-02-28,000300,601009,南京银行,a,cn
2022-02-28,000300,601012,隆基绿能,a,cn
2022-02-28,000300,601021,春秋航空,a,cn
2022-02-28,000300,601066,中信建投,a,cn
2022-02-28,000300,601088,中国神华,a,cn
2022-02-28,000300,601100,恒立液压,a,cn
2022-02-28,000300,601108,财通证券,a,cn
2022-02-28,000300,601111,中国国航,a,cn
2022-02-28,000300,601138,工业富联,a,cn
2022-02-28,000300,601155,新城控股,a,cn
2022-02-28,000300,601162,天风证券,a,cn
2022-02-28,000300,601166,兴业银行,a,cn
2022-02-28,000300,601169,北京银行,a,cn
2022-02-28,000300,601186,中国铁建,a,cn
2022-02-28,000300,601211,国泰海通,a,cn
2022-02-28,000300,601216,君正集团,a,cn
2022-02-28,000300,601225,陕西煤业,a,cn
2022-02-28,000300,601229,上海银行,a,cn
2022-02-28,000300,601231,环旭电子,a,cn
2022-02-28,000300,601236,红塔证券,a,cn
2022-02-28,000300,601238,广汽集团,a,cn
2022-02-28,000300,601288,农业银行,a,cn
2022-02-28,000300,601318,中国平安,a,cn
2022-02-28,000300,601319,中国人保,a,cn
2022-02-28,000300,601328,交通银行,a,cn
2022-02-28,000300,601336,新华保险,a,cn
2022-02-28,000300,601360,三六零,a,cn
2022-02-28,000300,601377,兴业证券,a,cn
2022-02-28,000300,601390,中国中铁,a,cn
2022-02-28,000300,601398,工商银行,a,cn
2022-02-28,000300,601600,中国铝业,a,cn
2022-02-28,000300,601601,中国太保,a,cn
2022-02-28,000300,601607,上海医药,a,cn
2022-02-28,000300,601618,中国中冶,a,cn
2022-02-28,000300,601628,中国人寿,a,cn
2022-02-28,000300,601633,长城汽车,a,cn
2022-02-28,000300,601658,邮储银行,a,cn
2022-02-28,000300,601668,中国建筑,a,cn
2022-02-28,000300,601669,中国电建,a,cn
2022-02-28,000300,601688,华泰证券,a,cn
2022-02-28,000300,601696,中银证券,a,cn
2022-02-28,000300,601698,中国卫通,a,cn
2022-02-28,000300,601728,中国电信,a,cn
2022-02-28,000300,601766,中国中车,a,cn
2022-02-28,000300,601788,光大证券,a,cn
2022-02-28,000300,601799,星宇股份,a,cn
2022-02-28,000300,601800,中国交建,a,cn
2022-02-28,000300,601808,中海油服,a,cn
2022-02-28,000300,601816,京沪高铁,a,cn
2022-02-28,000300,601818,光大银行,a,cn
2022-02-28,000300,601838,成都银行,a,cn
2022-02-28,000300,601857,中国石油,a,cn
2022-02-28,000300,601865,福莱特,a,cn
2022-02-28,000300,601868,中国能建,a,cn
2022-02-28,000300,601877,正泰电器,a,cn
2022-02-28,000300,601878,浙商证券,a,cn
2022-02-28,000300,601881,中国银河,a,cn
2022-02-28,000300,601888,中国中免,a,cn
2022-02-28,000300,601898,中煤能源,a,cn
2022-02-28,000300,601899,紫金矿业,a,cn
2022-02-28,000300,601901,方正证券,a,cn
2022-02-28,000300,601916,浙商银行,a,cn
2022-02-28,000300,601919,中远海控,a,cn
2022-02-28,000300,601933,永辉超市,a,cn
2022-02-28,000300,601939,建设银行,a,cn
2022-02-28,000300,601966,玲珑轮胎,a,cn
2022-02-28,000300,601985,中国核电,a,cn
2022-02-28,000300,601988,中国银行,a,cn
2022-02-28,000300,601989,中国重工,a,cn
2022-02-28,000300,601990,南京证券,a,cn
2022-02-28,000300,601995,中金公司,a,cn
2022-02-28,000300,601998,中信银行,a,cn
2022-02-28,000300,603019,中科曙光,a,cn
2022-02-28,000300,603087,甘李药业,a,cn
2022-02-28,000300,603160,汇顶科技,a,cn
2022-02-28,000300,603195,公牛集团,a,cn
2022-02-28,000300,603233,大参林,a,cn
2022-02-28,000300,603259,药明康德,a,cn
2022-02-28,000300,603260,合盛硅业,a,cn
2022-02-28,000300,603288,海天味业,a,cn
2022-02-28,000300,603338,浙江鼎力,a,cn
2022-02-28,000300,603369,今世缘,a,cn
2022-02-28,000300,603392,万泰生物,a,cn
2022-02-28,000300,603486,科沃斯,a,cn
2022-02-28,000300,603501,豪威集团,a,cn
2022-02-28,000300,603517,ST绝味,a,cn
2022-02-28,000300,603658,安图生物,a,cn
2022-02-28,000300,603659,璞泰来,a,cn
2022-02-28,000300,603799,华友钴业,a,cn
2022-02-28,000300,603806,福斯特,a,cn
2022-02-28,000300,603833,欧派家居,a,cn
2022-02-28,000300,603882,金域医学,a,cn
2022-02-28,000300,603899,晨光股份,a,cn
2022-02-28,000300,603939,益丰药房,a,cn
2022-02-28,000300,603986,兆易创新,a,cn
2022-02-28,000300,603993,洛阳钼业,a,cn
2022-02-28,000300,605499,东鹏饮料,a,cn
2022-02-28,000300,688008,澜起科技,a,cn
2022-02-28,000300,688009,中国通号,a,cn
2022-02-28,000300,688012,中微公司,a,cn
2022-02-28,000300,688036,传音控股,a,cn
2022-02-28,000300,688111,金山办公,a,cn
2022-02-28,000300,688126,沪硅产业,a,cn
2022-02-28,000300,688169,石头科技,a,cn
2022-02-28,000300,688363,华熙生物,a,cn
2022-02-28,000300,688396,华润微,a,cn
2022-02-28,000300,688561,奇安信,a,cn
2022-02-28,000300,688599,天合光能,a,cn
2022-02-28,000300,688981,中芯国际,a,cn
2022-03-31,000300,000001,平安银行,a,cn
2022-03-31,000300,000002,万科A,a,cn
2022-03-31,000300,000063,中兴通讯,a,cn
2022-03-31,000300,000066,中国长城,a,cn
2022-03-31,000300,000069,华侨城A,a,cn
2022-03-31,000300,000100,TCL科技,a,cn
2022-03-31,000300,000157,中联重科,a,cn
2022-03-31,000300,000166,申万宏源,a,cn
2022-03-31,000300,000301,东方盛虹,a,cn
2022-03-31,000300,000333,美的集团,a,cn
2022-03-31,000300,000338,潍柴动力,a,cn
2022-03-31,000300,000425,徐工机械,a,cn
2022-03-31,000300,000538,云南白药,a,cn
2022-03-31,000300,000568,泸州老窖,a,cn
2022-03-31,000300,000596,古井贡酒,a,cn
2022-03-31,000300,000625,长安汽车,a,cn
2022-03-31,000300,000651,格力电器,a,cn
2022-03-31,000300,000661,长春高新,a,cn
2022-03-31,000300,000703,恒逸石化,a,cn
2022-03-31,000300,000708,中信特钢,a,cn
2022-03-31,000300,000725,京东方A,a,cn
2022-03-31,000300,000768,中航西飞,a,cn
2022-03-31,000300,000776,广发证券,a,cn
2022-03-31,000300,000783,长江证券,a,cn
2022-03-31,000300,000786,北新建材,a,cn
2022-03-31,000300,000800,一汽解放,a,cn
2022-03-31,000300,000858,五粮液,a,cn
2022-03-31,000300,000876,新希望,a,cn
2022-03-31,000300,000895,双汇发展,a,cn
2022-03-31,000300,000938,紫光股份,a,cn
2022-03-31,000300,000963,华东医药,a,cn
2022-03-31,000300,000977,浪潮信息,a,cn
2022-03-31,000300,001979,招商蛇口,a,cn
2022-03-31,000300,002001,新和成,a,cn
2022-03-31,000300,002007,华兰生物,a,cn
2022-03-31,000300,002008,大族激光,a,cn
2022-03-31,000300,002024,ST易购,a,cn
2022-03-31,000300,002027,分众传媒,a,cn
2022-03-31,000300,002032,苏泊尔,a,cn
2022-03-31,000300,002044,美年健康,a,cn
2022-03-31,000300,002049,紫光国微,a,cn
2022-03-31,000300,002050,三花智控,a,cn
2022-03-31,000300,002064,华峰化学,a,cn
2022-03-31,000300,002120,韵达股份,a,cn
2022-03-31,000300,002129,TCL中环,a,cn
2022-03-31,000300,002142,宁波银行,a,cn
2022-03-31,000300,002157,正邦科技,a,cn
2022-03-31,000300,002179,中航光电,a,cn
2022-03-31,000300,002202,金风科技,a,cn
2022-03-31,000300,002230,科大讯飞,a,cn
2022-03-31,000300,002236,大华股份,a,cn
2022-03-31,000300,002241,歌尔股份,a,cn
2022-03-31,000300,002252,上海莱士,a,cn
2022-03-31,000300,002271,东方雨虹,a,cn
2022-03-31,000300,002304,洋河股份,a,cn
2022-03-31,000300,002311,海大集团,a,cn
2022-03-31,000300,002352,顺丰控股,a,cn
2022-03-31,000300,002371,北方华创,a,cn
2022-03-31,000300,002410,广联达,a,cn
2022-03-31,000300,002414,高德红外,a,cn
2022-03-31,000300,002415,海康威视,a,cn
2022-03-31,000300,002459,晶澳科技,a,cn
2022-03-31,000300,002460,赣锋锂业,a,cn
2022-03-31,000300,002466,天齐锂业,a,cn
2022-03-31,000300,002475,立讯精密,a,cn
2022-03-31,000300,002493,荣盛石化,a,cn
2022-03-31,000300,002555,三七互娱,a,cn
2022-03-31,000300,002568,百润股份,a,cn
2022-03-31,000300,002594,比亚迪,a,cn
2022-03-31,000300,002600,领益智造,a,cn
2022-03-31,000300,002601,龙佰集团,a,cn
2022-03-31,000300,002602,世纪华通,a,cn
2022-03-31,000300,002607,中公教育,a,cn
2022-03-31,000300,002624,完美世界,a,cn
2022-03-31,000300,002709,天赐材料,a,cn
2022-03-31,000300,002714,牧原股份,a,cn
2022-03-31,000300,002736,国信证券,a,cn
2022-03-31,000300,002791,坚朗五金,a,cn
2022-03-31,000300,002812,恩捷股份,a,cn
2022-03-31,000300,002821,凯莱英,a,cn
2022-03-31,000300,002841,视源股份,a,cn
2022-03-31,000300,002916,深南电路,a,cn
2022-03-31,000300,002938,鹏鼎控股,a,cn
2022-03-31,000300,003816,中国广核,a,cn
2022-03-31,000300,300003,乐普医疗,a,cn
2022-03-31,000300,300014,亿纬锂能,a,cn
2022-03-31,000300,300015,爱尔眼科,a,cn
2022-03-31,000300,300033,同花顺,a,cn
2022-03-31,000300,300059,东方财富,a,cn
2022-03-31,000300,300122,智飞生物,a,cn
2022-03-31,000300,300124,汇川技术,a,cn
2022-03-31,000300,300142,沃森生物,a,cn
2022-03-31,000300,300144,宋城演艺,a,cn
2022-03-31,000300,300274,阳光电源,a,cn
2022-03-31,000300,300316,晶盛机电,a,cn
2022-03-31,000300,300347,泰格医药,a,cn
2022-03-31,000300,300408,三环集团,a,cn
2022-03-31,000300,300413,芒果超媒,a,cn
2022-03-31,000300,300433,蓝思科技,a,cn
2022-03-31,000300,300450,先导智能,a,cn
2022-03-31,000300,300498,温氏股份,a,cn
2022-03-31,000300,300529,健帆生物,a,cn
2022-03-31,000300,300558,贝达药业,a,cn
2022-03-31,000300,300595,欧普康视,a,cn
2022-03-31,000300,300601,康泰生物,a,cn
2022-03-31,000300,300628,亿联网络,a,cn
2022-03-31,000300,300676,华大基因,a,cn
2022-03-31,000300,300677,英科医疗,a,cn
2022-03-31,000300,300750,宁德时代,a,cn
2022-03-31,000300,300759,康龙化成,a,cn
2022-03-31,000300,300760,迈瑞医疗,a,cn
2022-03-31,000300,300782,卓胜微,a,cn
2022-03-31,000300,300866,安克创新,a,cn
2022-03-31,000300,300888,稳健医疗,a,cn
2022-03-31,000300,300896,爱美客,a,cn
2022-03-31,000300,300999,金龙鱼,a,cn
2022-03-31,000300,600000,浦发银行,a,cn
2022-03-31,000300,600009,上海机场,a,cn
2022-03-31,000300,600010,包钢股份,a,cn
2022-03-31,000300,600011,华能国际,a,cn
2022-03-31,000300,600015,华夏银行,a,cn
2022-03-31,000300,600016,民生银行,a,cn
2022-03-31,000300,600018,上港集团,a,cn
2022-03-31,000300,600019,宝钢股份,a,cn
2022-03-31,000300,600025,华能水电,a,cn
2022-03-31,000300,600028,中国石化,a,cn
2022-03-31,000300,600029,南方航空,a,cn
2022-03-31,000300,600030,中信证券,a,cn
2022-03-31,000300,600031,三一重工,a,cn
2022-03-31,000300,600036,招商银行,a,cn
2022-03-31,000300,600048,保利发展,a,cn
2022-03-31,000300,600050,中国联通,a,cn
2022-03-31,000300,600061,国投资本,a,cn
2022-03-31,000300,600079,ST人福,a,cn
2022-03-31,000300,600085,同仁堂,a,cn
2022-03-31,000300,600104,上汽集团,a,cn
2022-03-31,000300,600109,国金证券,a,cn
2022-03-31,000300,600111,北方稀土,a,cn
2022-03-31,000300,600115,中国东航,a,cn
2022-03-31,000300,600132,重庆啤酒,a,cn
2022-03-31,000300,600143,金发科技,a,cn
2022-03-31,000300,600150,中国船舶,a,cn
2022-03-31,000300,600161,天坛生物,a,cn
2022-03-31,000300,600176,中国巨石,a,cn
2022-03-31,000300,600183,生益科技,a,cn
2022-03-31,000300,600196,复星医药,a,cn
2022-03-31,000300,600276,恒瑞医药,a,cn
2022-03-31,000300,600309,万华化学,a,cn
2022-03-31,000300,600332,白云山,a,cn
2022-03-31,000300,600346,恒力石化,a,cn
2022-03-31,000300,600352,浙江龙盛,a,cn
2022-03-31,000300,600362,江西铜业,a,cn
2022-03-31,000300,600383,金地集团,a,cn
2022-03-31,000300,600406,国电南瑞,a,cn
2022-03-31,000300,600426,华鲁恒升,a,cn
2022-03-31,000300,600436,片仔癀,a,cn
2022-03-31,000300,600438,通威股份,a,cn
2022-03-31,000300,600489,中金黄金,a,cn
2022-03-31,000300,600519,贵州茅台,a,cn
2022-03-31,000300,600547,山东黄金,a,cn
2022-03-31,000300,600570,恒生电子,a,cn
2022-03-31,000300,600584,长电科技,a,cn
2022-03-31,000300,600585,海螺水泥,a,cn
2022-03-31,000300,600588,用友网络,a,cn
2022-03-31,000300,600600,青岛啤酒,a,cn
2022-03-31,000300,600606,绿地控股,a,cn
2022-03-31,000300,600655,豫园股份,a,cn
2022-03-31,000300,600660,福耀玻璃,a,cn
2022-03-31,000300,600690,海尔智家,a,cn
2022-03-31,000300,600741,华域汽车,a,cn
2022-03-31,000300,600745,*ST闻泰,a,cn
2022-03-31,000300,600760,中航沈飞,a,cn
2022-03-31,000300,600763,通策医疗,a,cn
2022-03-31,000300,600795,国电电力,a,cn
2022-03-31,000300,600809,山西汾酒,a,cn
2022-03-31,000300,600837,海通证券,a,cn
2022-03-31,000300,600845,宝信软件,a,cn
2022-03-31,000300,600848,上海临港,a,cn
2022-03-31,000300,600872,中炬高新,a,cn
2022-03-31,000300,600886,国投电力,a,cn
2022-03-31,000300,600887,伊利股份,a,cn
2022-03-31,000300,600893,航发动力,a,cn
2022-03-31,000300,600900,长江电力,a,cn
2022-03-31,000300,600905,三峡能源,a,cn
2022-03-31,000300,600918,中泰证券,a,cn
2022-03-31,000300,600919,江苏银行,a,cn
2022-03-31,000300,600926,杭州银行,a,cn
2022-03-31,000300,600958,东方证券,a,cn
2022-03-31,000300,600989,宝丰能源,a,cn
2022-03-31,000300,600999,招商证券,a,cn
2022-03-31,000300,601006,大秦铁路,a,cn
2022-03-31,000300,601009,南京银行,a,cn
2022-03-31,000300,601012,隆基绿能,a,cn
2022-03-31,000300,601021,春秋航空,a,cn
2022-03-31,000300,601066,中信建投,a,cn
2022-03-31,000300,601088,中国神华,a,cn
2022-03-31,000300,601100,恒立液压,a,cn
2022-03-31,000300,601108,财通证券,a,cn
2022-03-31,000300,601111,中国国航,a,cn
2022-03-31,000300,601138,工业富联,a,cn
2022-03-31,000300,601155,新城控股,a,cn
2022-03-31,000300,601162,天风证券,a,cn
2022-03-31,000300,601166,兴业银行,a,cn
2022-03-31,000300,601169,北京银行,a,cn
2022-03-31,000300,601186,中国铁建,a,cn
2022-03-31,000300,601211,国泰海通,a,cn
2022-03-31,000300,601216,君正集团,a,cn
2022-03-31,000300,601225,陕西煤业,a,cn
2022-03-31,000300,601229,上海银行,a,cn
2022-03-31,000300,601231,环旭电子,a,cn
2022-03-31,000300,601236,红塔证券,a,cn
2022-03-31,000300,601238,广汽集团,a,cn
2022-03-31,000300,601288,农业银行,a,cn
2022-03-31,000300,601318,中国平安,a,cn
2022-03-31,000300,601319,中国人保,a,cn
2022-03-31,000300,601328,交通银行,a,cn
2022-03-31,000300,601336,新华保险,a,cn
2022-03-31,000300,601360,三六零,a,cn
2022-03-31,000300,601377,兴业证券,a,cn
2022-03-31,000300,601390,中国中铁,a,cn
2022-03-31,000300,601398,工商银行,a,cn
2022-03-31,000300,601600,中国铝业,a,cn
2022-03-31,000300,601601,中国太保,a,cn
2022-03-31,000300,601607,上海医药,a,cn
2022-03-31,000300,601618,中国中冶,a,cn
2022-03-31,000300,601628,中国人寿,a,cn
2022-03-31,000300,601633,长城汽车,a,cn
2022-03-31,000300,601658,邮储银行,a,cn
2022-03-31,000300,601668,中国建筑,a,cn
2022-03-31,000300,601669,中国电建,a,cn
2022-03-31,000300,601688,华泰证券,a,cn
2022-03-31,000300,601696,中银证券,a,cn
2022-03-31,000300,601698,中国卫通,a,cn
2022-03-31,000300,601728,中国电信,a,cn
2022-03-31,000300,601766,中国中车,a,cn
2022-03-31,000300,601788,光大证券,a,cn
2022-03-31,000300,601799,星宇股份,a,cn
2022-03-31,000300,601800,中国交建,a,cn
2022-03-31,000300,601808,中海油服,a,cn
2022-03-31,000300,601816,京沪高铁,a,cn
2022-03-31,000300,601818,光大银行,a,cn
2022-03-31,000300,601838,成都银行,a,cn
2022-03-31,000300,601857,中国石油,a,cn
2022-03-31,000300,601865,福莱特,a,cn
2022-03-31,000300,601868,中国能建,a,cn
2022-03-31,000300,601877,正泰电器,a,cn
2022-03-31,000300,601878,浙商证券,a,cn
2022-03-31,000300,601881,中国银河,a,cn
2022-03-31,000300,601888,中国中免,a,cn
2022-03-31,000300,601898,中煤能源,a,cn
2022-03-31,000300,601899,紫金矿业,a,cn
2022-03-31,000300,601901,方正证券,a,cn
2022-03-31,000300,601916,浙商银行,a,cn
2022-03-31,000300,601919,中远海控,a,cn
2022-03-31,000300,601933,永辉超市,a,cn
2022-03-31,000300,601939,建设银行,a,cn
2022-03-31,000300,601966,玲珑轮胎,a,cn
2022-03-31,000300,601985,中国核电,a,cn
2022-03-31,000300,601988,中国银行,a,cn
2022-03-31,000300,601989,中国重工,a,cn
2022-03-31,000300,601990,南京证券,a,cn
2022-03-31,000300,601995,中金公司,a,cn
2022-03-31,000300,601998,中信银行,a,cn
2022-03-31,000300,603019,中科曙光,a,cn
2022-03-31,000300,603087,甘李药业,a,cn
2022-03-31,000300,603160,汇顶科技,a,cn
2022-03-31,000300,603195,公牛集团,a,cn
2022-03-31,000300,603233,大参林,a,cn
2022-03-31,000300,603259,药明康德,a,cn
2022-03-31,000300,603260,合盛硅业,a,cn
2022-03-31,000300,603288,海天味业,a,cn
2022-03-31,000300,603338,浙江鼎力,a,cn
2022-03-31,000300,603369,今世缘,a,cn
2022-03-31,000300,603392,万泰生物,a,cn
2022-03-31,000300,603486,科沃斯,a,cn
2022-03-31,000300,603501,豪威集团,a,cn
2022-03-31,000300,603517,ST绝味,a,cn
2022-03-31,000300,603658,安图生物,a,cn
2022-03-31,000300,603659,璞泰来,a,cn
2022-03-31,000300,603799,华友钴业,a,cn
2022-03-31,000300,603806,福斯特,a,cn
2022-03-31,000300,603833,欧派家居,a,cn
2022-03-31,000300,603882,金域医学,a,cn
2022-03-31,000300,603899,晨光股份,a,cn
2022-03-31,000300,603939,益丰药房,a,cn
2022-03-31,000300,603986,兆易创新,a,cn
2022-03-31,000300,603993,洛阳钼业,a,cn
2022-03-31,000300,605499,东鹏饮料,a,cn
2022-03-31,000300,688008,澜起科技,a,cn
2022-03-31,000300,688009,中国通号,a,cn
2022-03-31,000300,688012,中微公司,a,cn
2022-03-31,000300,688036,传音控股,a,cn
2022-03-31,000300,688111,金山办公,a,cn
2022-03-31,000300,688126,沪硅产业,a,cn
2022-03-31,000300,688169,石头科技,a,cn
2022-03-31,000300,688363,华熙生物,a,cn
2022-03-31,000300,688396,华润微,a,cn
2022-03-31,000300,688561,奇安信,a,cn
2022-03-31,000300,688599,天合光能,a,cn
2022-03-31,000300,688981,中芯国际,a,cn
2022-04-29,000300,000001,平安银行,a,cn
2022-04-29,000300,000002,万科A,a,cn
2022-04-29,000300,000063,中兴通讯,a,cn
2022-04-29,000300,000066,中国长城,a,cn
2022-04-29,000300,000069,华侨城A,a,cn
2022-04-29,000300,000100,TCL科技,a,cn
2022-04-29,000300,000157,中联重科,a,cn
2022-04-29,000300,000166,申万宏源,a,cn
2022-04-29,000300,000301,东方盛虹,a,cn
2022-04-29,000300,000333,美的集团,a,cn
2022-04-29,000300,000338,潍柴动力,a,cn
2022-04-29,000300,000425,徐工机械,a,cn
2022-04-29,000300,000538,云南白药,a,cn
2022-04-29,000300,000568,泸州老窖,a,cn
2022-04-29,000300,000596,古井贡酒,a,cn
2022-04-29,000300,000625,长安汽车,a,cn
2022-04-29,000300,000651,格力电器,a,cn
2022-04-29,000300,000661,长春高新,a,cn
2022-04-29,000300,000703,恒逸石化,a,cn
2022-04-29,000300,000708,中信特钢,a,cn
2022-04-29,000300,000725,京东方A,a,cn
2022-04-29,000300,000768,中航西飞,a,cn
2022-04-29,000300,000776,广发证券,a,cn
2022-04-29,000300,000783,长江证券,a,cn
2022-04-29,000300,000786,北新建材,a,cn
2022-04-29,000300,000800,一汽解放,a,cn
2022-04-29,000300,000858,五粮液,a,cn
2022-04-29,000300,000876,新希望,a,cn
2022-04-29,000300,000895,双汇发展,a,cn
2022-04-29,000300,000938,紫光股份,a,cn
2022-04-29,000300,000963,华东医药,a,cn
2022-04-29,000300,000977,浪潮信息,a,cn
2022-04-29,000300,001979,招商蛇口,a,cn
2022-04-29,000300,002001,新和成,a,cn
2022-04-29,000300,002007,华兰生物,a,cn
2022-04-29,000300,002008,大族激光,a,cn
2022-04-29,000300,002024,ST易购,a,cn
2022-04-29,000300,002027,分众传媒,a,cn
2022-04-29,000300,002032,苏泊尔,a,cn
2022-04-29,000300,002044,美年健康,a,cn
2022-04-29,000300,002049,紫光国微,a,cn
2022-04-29,000300,002050,三花智控,a,cn
2022-04-29,000300,002064,华峰化学,a,cn
2022-04-29,000300,002120,韵达股份,a,cn
2022-04-29,000300,002129,TCL中环,a,cn
2022-04-29,000300,002142,宁波银行,a,cn
2022-04-29,000300,002157,正邦科技,a,cn
2022-04-29,000300,002179,中航光电,a,cn
2022-04-29,000300,002202,金风科技,a,cn
2022-04-29,000300,002230,科大讯飞,a,cn
2022-04-29,000300,002236,大华股份,a,cn
2022-04-29,000300,002241,歌尔股份,a,cn
2022-04-29,000300,002252,上海莱士,a,cn
2022-04-29,000300,002271,东方雨虹,a,cn
2022-04-29,000300,002304,洋河股份,a,cn
2022-04-29,000300,002311,海大集团,a,cn
2022-04-29,000300,002352,顺丰控股,a,cn
2022-04-29,000300,002371,北方华创,a,cn
2022-04-29,000300,002410,广联达,a,cn
2022-04-29,000300,002414,高德红外,a,cn
2022-04-29,000300,002415,海康威视,a,cn
2022-04-29,000300,002459,晶澳科技,a,cn
2022-04-29,000300,002460,赣锋锂业,a,cn
2022-04-29,000300,002466,天齐锂业,a,cn
2022-04-29,000300,002475,立讯精密,a,cn
2022-04-29,000300,002493,荣盛石化,a,cn
2022-04-29,000300,002555,三七互娱,a,cn
2022-04-29,000300,002568,百润股份,a,cn
2022-04-29,000300,002594,比亚迪,a,cn
2022-04-29,000300,002600,领益智造,a,cn
2022-04-29,000300,002601,龙佰集团,a,cn
2022-04-29,000300,002602,世纪华通,a,cn
2022-04-29,000300,002607,中公教育,a,cn
2022-04-29,000300,002624,完美世界,a,cn
2022-04-29,000300,002709,天赐材料,a,cn
2022-04-29,000300,002714,牧原股份,a,cn
2022-04-29,000300,002736,国信证券,a,cn
2022-04-29,000300,002791,坚朗五金,a,cn
2022-04-29,000300,002812,恩捷股份,a,cn
2022-04-29,000300,002821,凯莱英,a,cn
2022-04-29,000300,002841,视源股份,a,cn
2022-04-29,000300,002916,深南电路,a,cn
2022-04-29,000300,002938,鹏鼎控股,a,cn
2022-04-29,000300,003816,中国广核,a,cn
2022-04-29,000300,300003,乐普医疗,a,cn
2022-04-29,000300,300014,亿纬锂能,a,cn
2022-04-29,000300,300015,爱尔眼科,a,cn
2022-04-29,000300,300033,同花顺,a,cn
2022-04-29,000300,300059,东方财富,a,cn
2022-04-29,000300,300122,智飞生物,a,cn
2022-04-29,000300,300124,汇川技术,a,cn
2022-04-29,000300,300142,沃森生物,a,cn
2022-04-29,000300,300144,宋城演艺,a,cn
2022-04-29,000300,300274,阳光电源,a,cn
2022-04-29,000300,300316,晶盛机电,a,cn
2022-04-29,000300,300347,泰格医药,a,cn
2022-04-29,000300,300408,三环集团,a,cn
2022-04-29,000300,300413,芒果超媒,a,cn
2022-04-29,000300,300433,蓝思科技,a,cn
2022-04-29,000300,300450,先导智能,a,cn
2022-04-29,000300,300498,温氏股份,a,cn
2022-04-29,000300,300529,健帆生物,a,cn
2022-04-29,000300,300558,贝达药业,a,cn
2022-04-29,000300,300595,欧普康视,a,cn
2022-04-29,000300,300601,康泰生物,a,cn
2022-04-29,000300,300628,亿联网络,a,cn
2022-04-29,000300,300676,华大基因,a,cn
2022-04-29,000300,300677,英科医疗,a,cn
2022-04-29,000300,300750,宁德时代,a,cn
2022-04-29,000300,300759,康龙化成,a,cn
2022-04-29,000300,300760,迈瑞医疗,a,cn
2022-04-29,000300,300782,卓胜微,a,cn
2022-04-29,000300,300866,安克创新,a,cn
2022-04-29,000300,300888,稳健医疗,a,cn
2022-04-29,000300,300896,爱美客,a,cn
2022-04-29,000300,300999,金龙鱼,a,cn
2022-04-29,000300,600000,浦发银行,a,cn
2022-04-29,000300,600009,上海机场,a,cn
2022-04-29,000300,600010,包钢股份,a,cn
2022-04-29,000300,600011,华能国际,a,cn
2022-04-29,000300,600015,华夏银行,a,cn
2022-04-29,000300,600016,民生银行,a,cn
2022-04-29,000300,600018,上港集团,a,cn
2022-04-29,000300,600019,宝钢股份,a,cn
2022-04-29,000300,600025,华能水电,a,cn
2022-04-29,000300,600028,中国石化,a,cn
2022-04-29,000300,600029,南方航空,a,cn
2022-04-29,000300,600030,中信证券,a,cn
2022-04-29,000300,600031,三一重工,a,cn
2022-04-29,000300,600036,招商银行,a,cn
2022-04-29,000300,600048,保利发展,a,cn
2022-04-29,000300,600050,中国联通,a,cn
2022-04-29,000300,600061,国投资本,a,cn
2022-04-29,000300,600079,ST人福,a,cn
2022-04-29,000300,600085,同仁堂,a,cn
2022-04-29,000300,600104,上汽集团,a,cn
2022-04-29,000300,600109,国金证券,a,cn
2022-04-29,000300,600111,北方稀土,a,cn
2022-04-29,000300,600115,中国东航,a,cn
2022-04-29,000300,600132,重庆啤酒,a,cn
2022-04-29,000300,600143,金发科技,a,cn
2022-04-29,000300,600150,中国船舶,a,cn
2022-04-29,000300,600161,天坛生物,a,cn
2022-04-29,000300,600176,中国巨石,a,cn
2022-04-29,000300,600183,生益科技,a,cn
2022-04-29,000300,600196,复星医药,a,cn
2022-04-29,000300,600276,恒瑞医药,a,cn
2022-04-29,000300,600309,万华化学,a,cn
2022-04-29,000300,600332,白云山,a,cn
2022-04-29,000300,600346,恒力石化,a,cn
2022-04-29,000300,600352,浙江龙盛,a,cn
2022-04-29,000300,600362,江西铜业,a,cn
2022-04-29,000300,600383,金地集团,a,cn
2022-04-29,000300,600406,国电南瑞,a,cn
2022-04-29,000300,600426,华鲁恒升,a,cn
2022-04-29,000300,600436,片仔癀,a,cn
2022-04-29,000300,600438,通威股份,a,cn
2022-04-29,000300,600489,中金黄金,a,cn
2022-04-29,000300,600519,贵州茅台,a,cn
2022-04-29,000300,600547,山东黄金,a,cn
2022-04-29,000300,600570,恒生电子,a,cn
2022-04-29,000300,600584,长电科技,a,cn
2022-04-29,000300,600585,海螺水泥,a,cn
2022-04-29,000300,600588,用友网络,a,cn
2022-04-29,000300,600600,青岛啤酒,a,cn
2022-04-29,000300,600606,绿地控股,a,cn
2022-04-29,000300,600655,豫园股份,a,cn
2022-04-29,000300,600660,福耀玻璃,a,cn
2022-04-29,000300,600690,海尔智家,a,cn
2022-04-29,000300,600741,华域汽车,a,cn
2022-04-29,000300,600745,*ST闻泰,a,cn
2022-04-29,000300,600760,中航沈飞,a,cn
2022-04-29,000300,600763,通策医疗,a,cn
2022-04-29,000300,600795,国电电力,a,cn
2022-04-29,000300,600809,山西汾酒,a,cn
2022-04-29,000300,600837,海通证券,a,cn
2022-04-29,000300,600845,宝信软件,a,cn
2022-04-29,000300,600848,上海临港,a,cn
2022-04-29,000300,600872,中炬高新,a,cn
2022-04-29,000300,600886,国投电力,a,cn
2022-04-29,000300,600887,伊利股份,a,cn
2022-04-29,000300,600893,航发动力,a,cn
2022-04-29,000300,600900,长江电力,a,cn
2022-04-29,000300,600905,三峡能源,a,cn
2022-04-29,000300,600918,中泰证券,a,cn
2022-04-29,000300,600919,江苏银行,a,cn
2022-04-29,000300,600926,杭州银行,a,cn
2022-04-29,000300,600958,东方证券,a,cn
2022-04-29,000300,600989,宝丰能源,a,cn
2022-04-29,000300,600999,招商证券,a,cn
2022-04-29,000300,601006,大秦铁路,a,cn
2022-04-29,000300,601009,南京银行,a,cn
2022-04-29,000300,601012,隆基绿能,a,cn
2022-04-29,000300,601021,春秋航空,a,cn
2022-04-29,000300,601066,中信建投,a,cn
2022-04-29,000300,601088,中国神华,a,cn
2022-04-29,000300,601100,恒立液压,a,cn
2022-04-29,000300,601108,财通证券,a,cn
2022-04-29,000300,601111,中国国航,a,cn
2022-04-29,000300,601138,工业富联,a,cn
2022-04-29,000300,601155,新城控股,a,cn
2022-04-29,000300,601162,天风证券,a,cn
2022-04-29,000300,601166,兴业银行,a,cn
2022-04-29,000300,601169,北京银行,a,cn
2022-04-29,000300,601186,中国铁建,a,cn
2022-04-29,000300,601211,国泰海通,a,cn
2022-04-29,000300,601216,君正集团,a,cn
2022-04-29,000300,601225,陕西煤业,a,cn
2022-04-29,000300,601229,上海银行,a,cn
2022-04-29,000300,601231,环旭电子,a,cn
2022-04-29,000300,601236,红塔证券,a,cn
2022-04-29,000300,601238,广汽集团,a,cn
2022-04-29,000300,601288,农业银行,a,cn
2022-04-29,000300,601318,中国平安,a,cn
2022-04-29,000300,601319,中国人保,a,cn
2022-04-29,000300,601328,交通银行,a,cn
2022-04-29,000300,601336,新华保险,a,cn
2022-04-29,000300,601360,三六零,a,cn
2022-04-29,000300,601377,兴业证券,a,cn
2022-04-29,000300,601390,中国中铁,a,cn
2022-04-29,000300,601398,工商银行,a,cn
2022-04-29,000300,601600,中国铝业,a,cn
2022-04-29,000300,601601,中国太保,a,cn
2022-04-29,000300,601607,上海医药,a,cn
2022-04-29,000300,601618,中国中冶,a,cn
2022-04-29,000300,601628,中国人寿,a,cn
2022-04-29,000300,601633,长城汽车,a,cn
2022-04-29,000300,601658,邮储银行,a,cn
2022-04-29,000300,601668,中国建筑,a,cn
2022-04-29,000300,601669,中国电建,a,cn
2022-04-29,000300,601688,华泰证券,a,cn
2022-04-29,000300,601696,中银证券,a,cn
2022-04-29,000300,601698,中国卫通,a,cn
2022-04-29,000300,601728,中国电信,a,cn
2022-04-29,000300,601766,中国中车,a,cn
2022-04-29,000300,601788,光大证券,a,cn
2022-04-29,000300,601799,星宇股份,a,cn
2022-04-29,000300,601800,中国交建,a,cn
2022-04-29,000300,601808,中海油服,a,cn
2022-04-29,000300,601816,京沪高铁,a,cn
2022-04-29,000300,601818,光大银行,a,cn
2022-04-29,000300,601838,成都银行,a,cn
2022-04-29,000300,601857,中国石油,a,cn
2022-04-29,000300,601865,福莱特,a,cn
2022-04-29,000300,601868,中国能建,a,cn
2022-04-29,000300,601877,正泰电器,a,cn
2022-04-29,000300,601878,浙商证券,a,cn
2022-04-29,000300,601881,中国银河,a,cn
2022-04-29,000300,601888,中国中免,a,cn
2022-04-29,000300,601898,中煤能源,a,cn
2022-04-29,000300,601899,紫金矿业,a,cn
2022-04-29,000300,601901,方正证券,a,cn
2022-04-29,000300,601916,浙商银行,a,cn
2022-04-29,000300,601919,中远海控,a,cn
2022-04-29,000300,601933,永辉超市,a,cn
2022-04-29,000300,601939,建设银行,a,cn
2022-04-29,000300,601966,玲珑轮胎,a,cn
2022-04-29,000300,601985,中国核电,a,cn
2022-04-29,000300,601988,中国银行,a,cn
2022-04-29,000300,601989,中国重工,a,cn
2022-04-29,000300,601990,南京证券,a,cn
2022-04-29,000300,601995,中金公司,a,cn
2022-04-29,000300,601998,中信银行,a,cn
2022-04-29,000300,603019,中科曙光,a,cn
2022-04-29,000300,603087,甘李药业,a,cn
2022-04-29,000300,603160,汇顶科技,a,cn
2022-04-29,000300,603195,公牛集团,a,cn
2022-04-29,000300,603233,大参林,a,cn
2022-04-29,000300,603259,药明康德,a,cn
2022-04-29,000300,603260,合盛硅业,a,cn
2022-04-29,000300,603288,海天味业,a,cn
2022-04-29,000300,603338,浙江鼎力,a,cn
2022-04-29,000300,603369,今世缘,a,cn
2022-04-29,000300,603392,万泰生物,a,cn
2022-04-29,000300,603486,科沃斯,a,cn
2022-04-29,000300,603501,豪威集团,a,cn
2022-04-29,000300,603517,ST绝味,a,cn
2022-04-29,000300,603658,安图生物,a,cn
2022-04-29,000300,603659,璞泰来,a,cn
2022-04-29,000300,603799,华友钴业,a,cn
2022-04-29,000300,603806,福斯特,a,cn
2022-04-29,000300,603833,欧派家居,a,cn
2022-04-29,000300,603882,金域医学,a,cn
2022-04-29,000300,603899,晨光股份,a,cn
2022-04-29,000300,603939,益丰药房,a,cn
2022-04-29,000300,603986,兆易创新,a,cn
2022-04-29,000300,603993,洛阳钼业,a,cn
2022-04-29,000300,605499,东鹏饮料,a,cn
2022-04-29,000300,688008,澜起科技,a,cn
2022-04-29,000300,688009,中国通号,a,cn
2022-04-29,000300,688012,中微公司,a,cn
2022-04-29,000300,688036,传音控股,a,cn
2022-04-29,000300,688111,金山办公,a,cn
2022-04-29,000300,688126,沪硅产业,a,cn
2022-04-29,000300,688169,石头科技,a,cn
2022-04-29,000300,688363,华熙生物,a,cn
2022-04-29,000300,688396,华润微,a,cn
2022-04-29,000300,688561,奇安信,a,cn
2022-04-29,000300,688599,天合光能,a,cn
2022-04-29,000300,688981,中芯国际,a,cn
2022-05-31,000300,000001,平安银行,a,cn
2022-05-31,000300,000002,万科A,a,cn
2022-05-31,000300,000063,中兴通讯,a,cn
2022-05-31,000300,000066,中国长城,a,cn
2022-05-31,000300,000069,华侨城A,a,cn
2022-05-31,000300,000100,TCL科技,a,cn
2022-05-31,000300,000157,中联重科,a,cn
2022-05-31,000300,000166,申万宏源,a,cn
2022-05-31,000300,000301,东方盛虹,a,cn
2022-05-31,000300,000333,美的集团,a,cn
2022-05-31,000300,000338,潍柴动力,a,cn
2022-05-31,000300,000425,徐工机械,a,cn
2022-05-31,000300,000538,云南白药,a,cn
2022-05-31,000300,000568,泸州老窖,a,cn
2022-05-31,000300,000596,古井贡酒,a,cn
2022-05-31,000300,000625,长安汽车,a,cn
2022-05-31,000300,000651,格力电器,a,cn
2022-05-31,000300,000661,长春高新,a,cn
2022-05-31,000300,000703,恒逸石化,a,cn
2022-05-31,000300,000708,中信特钢,a,cn
2022-05-31,000300,000725,京东方A,a,cn
2022-05-31,000300,000768,中航西飞,a,cn
2022-05-31,000300,000776,广发证券,a,cn
2022-05-31,000300,000783,长江证券,a,cn
2022-05-31,000300,000786,北新建材,a,cn
2022-05-31,000300,000800,一汽解放,a,cn
2022-05-31,000300,000858,五粮液,a,cn
2022-05-31,000300,000876,新希望,a,cn
2022-05-31,000300,000895,双汇发展,a,cn
2022-05-31,000300,000938,紫光股份,a,cn
2022-05-31,000300,000963,华东医药,a,cn
2022-05-31,000300,000977,浪潮信息,a,cn
2022-05-31,000300,001979,招商蛇口,a,cn
2022-05-31,000300,002001,新和成,a,cn
2022-05-31,000300,002007,华兰生物,a,cn
2022-05-31,000300,002008,大族激光,a,cn
2022-05-31,000300,002024,ST易购,a,cn
2022-05-31,000300,002027,分众传媒,a,cn
2022-05-31,000300,002032,苏泊尔,a,cn
2022-05-31,000300,002044,美年健康,a,cn
2022-05-31,000300,002049,紫光国微,a,cn
2022-05-31,000300,002050,三花智控,a,cn
2022-05-31,000300,002064,华峰化学,a,cn
2022-05-31,000300,002120,韵达股份,a,cn
2022-05-31,000300,002129,TCL中环,a,cn
2022-05-31,000300,002142,宁波银行,a,cn
2022-05-31,000300,002157,正邦科技,a,cn
2022-05-31,000300,002179,中航光电,a,cn
2022-05-31,000300,002202,金风科技,a,cn
2022-05-31,000300,002230,科大讯飞,a,cn
2022-05-31,000300,002236,大华股份,a,cn
2022-05-31,000300,002241,歌尔股份,a,cn
2022-05-31,000300,002252,上海莱士,a,cn
2022-05-31,000300,002271,东方雨虹,a,cn
2022-05-31,000300,002304,洋河股份,a,cn
2022-05-31,000300,002311,海大集团,a,cn
2022-05-31,000300,002352,顺丰控股,a,cn
2022-05-31,000300,002371,北方华创,a,cn
2022-05-31,000300,002410,广联达,a,cn
2022-05-31,000300,002414,高德红外,a,cn
2022-05-31,000300,002415,海康威视,a,cn
2022-05-31,000300,002459,晶澳科技,a,cn
2022-05-31,000300,002460,赣锋锂业,a,cn
2022-05-31,000300,002466,天齐锂业,a,cn
2022-05-31,000300,002475,立讯精密,a,cn
2022-05-31,000300,002493,荣盛石化,a,cn
2022-05-31,000300,002555,三七互娱,a,cn
2022-05-31,000300,002568,百润股份,a,cn
2022-05-31,000300,002594,比亚迪,a,cn
2022-05-31,000300,002600,领益智造,a,cn
2022-05-31,000300,002601,龙佰集团,a,cn
2022-05-31,000300,002602,世纪华通,a,cn
2022-05-31,000300,002607,中公教育,a,cn
2022-05-31,000300,002624,完美世界,a,cn
2022-05-31,000300,002709,天赐材料,a,cn
2022-05-31,000300,002714,牧原股份,a,cn
2022-05-31,000300,002736,国信证券,a,cn
2022-05-31,000300,002791,坚朗五金,a,cn
2022-05-31,000300,002812,恩捷股份,a,cn
2022-05-31,000300,002821,凯莱英,a,cn
2022-05-31,000300,002841,视源股份,a,cn
2022-05-31,000300,002916,深南电路,a,cn
2022-05-31,000300,002938,鹏鼎控股,a,cn
2022-05-31,000300,003816,中国广核,a,cn
2022-05-31,000300,300003,乐普医疗,a,cn
2022-05-31,000300,300014,亿纬锂能,a,cn
2022-05-31,000300,300015,爱尔眼科,a,cn
2022-05-31,000300,300033,同花顺,a,cn
2022-05-31,000300,300059,东方财富,a,cn
2022-05-31,000300,300122,智飞生物,a,cn
2022-05-31,000300,300124,汇川技术,a,cn
2022-05-31,000300,300142,沃森生物,a,cn
2022-05-31,000300,300144,宋城演艺,a,cn
2022-05-31,000300,300274,阳光电源,a,cn
2022-05-31,000300,300316,晶盛机电,a,cn
2022-05-31,000300,300347,泰格医药,a,cn
2022-05-31,000300,300408,三环集团,a,cn
2022-05-31,000300,300413,芒果超媒,a,cn
2022-05-31,000300,300433,蓝思科技,a,cn
2022-05-31,000300,300450,先导智能,a,cn
2022-05-31,000300,300498,温氏股份,a,cn
2022-05-31,000300,300529,健帆生物,a,cn
2022-05-31,000300,300558,贝达药业,a,cn
2022-05-31,000300,300595,欧普康视,a,cn
2022-05-31,000300,300601,康泰生物,a,cn
2022-05-31,000300,300628,亿联网络,a,cn
2022-05-31,000300,300676,华大基因,a,cn
2022-05-31,000300,300677,英科医疗,a,cn
2022-05-31,000300,300750,宁德时代,a,cn
2022-05-31,000300,300759,康龙化成,a,cn
2022-05-31,000300,300760,迈瑞医疗,a,cn
2022-05-31,000300,300782,卓胜微,a,cn
2022-05-31,000300,300866,安克创新,a,cn
2022-05-31,000300,300888,稳健医疗,a,cn
2022-05-31,000300,300896,爱美客,a,cn
2022-05-31,000300,300999,金龙鱼,a,cn
2022-05-31,000300,600000,浦发银行,a,cn
2022-05-31,000300,600009,上海机场,a,cn
2022-05-31,000300,600010,包钢股份,a,cn
2022-05-31,000300,600011,华能国际,a,cn
2022-05-31,000300,600015,华夏银行,a,cn
2022-05-31,000300,600016,民生银行,a,cn
2022-05-31,000300,600018,上港集团,a,cn
2022-05-31,000300,600019,宝钢股份,a,cn
2022-05-31,000300,600025,华能水电,a,cn
2022-05-31,000300,600028,中国石化,a,cn
2022-05-31,000300,600029,南方航空,a,cn
2022-05-31,000300,600030,中信证券,a,cn
2022-05-31,000300,600031,三一重工,a,cn
2022-05-31,000300,600036,招商银行,a,cn
2022-05-31,000300,600048,保利发展,a,cn
2022-05-31,000300,600050,中国联通,a,cn
2022-05-31,000300,600061,国投资本,a,cn
2022-05-31,000300,600079,ST人福,a,cn
2022-05-31,000300,600085,同仁堂,a,cn
2022-05-31,000300,600104,上汽集团,a,cn
2022-05-31,000300,600109,国金证券,a,cn
2022-05-31,000300,600111,北方稀土,a,cn
2022-05-31,000300,600115,中国东航,a,cn
2022-05-31,000300,600132,重庆啤酒,a,cn
2022-05-31,000300,600143,金发科技,a,cn
2022-05-31,000300,600150,中国船舶,a,cn
2022-05-31,000300,600161,天坛生物,a,cn
2022-05-31,000300,600176,中国巨石,a,cn
2022-05-31,000300,600183,生益科技,a,cn
2022-05-31,000300,600196,复星医药,a,cn
2022-05-31,000300,600276,恒瑞医药,a,cn
2022-05-31,000300,600309,万华化学,a,cn
2022-05-31,000300,600332,白云山,a,cn
2022-05-31,000300,600346,恒力石化,a,cn
2022-05-31,000300,600352,浙江龙盛,a,cn
2022-05-31,000300,600362,江西铜业,a,cn
2022-05-31,000300,600383,金地集团,a,cn
2022-05-31,000300,600406,国电南瑞,a,cn
2022-05-31,000300,600426,华鲁恒升,a,cn
2022-05-31,000300,600436,片仔癀,a,cn
2022-05-31,000300,600438,通威股份,a,cn
2022-05-31,000300,600489,中金黄金,a,cn
2022-05-31,000300,600519,贵州茅台,a,cn
2022-05-31,000300,600547,山东黄金,a,cn
2022-05-31,000300,600570,恒生电子,a,cn
2022-05-31,000300,600584,长电科技,a,cn
2022-05-31,000300,600585,海螺水泥,a,cn
2022-05-31,000300,600588,用友网络,a,cn
2022-05-31,000300,600600,青岛啤酒,a,cn
2022-05-31,000300,600606,绿地控股,a,cn
2022-05-31,000300,600655,豫园股份,a,cn
2022-05-31,000300,600660,福耀玻璃,a,cn
2022-05-31,000300,600690,海尔智家,a,cn
2022-05-31,000300,600741,华域汽车,a,cn
2022-05-31,000300,600745,*ST闻泰,a,cn
2022-05-31,000300,600760,中航沈飞,a,cn
2022-05-31,000300,600763,通策医疗,a,cn
2022-05-31,000300,600795,国电电力,a,cn
2022-05-31,000300,600809,山西汾酒,a,cn
2022-05-31,000300,600837,海通证券,a,cn
2022-05-31,000300,600845,宝信软件,a,cn
2022-05-31,000300,600848,上海临港,a,cn
2022-05-31,000300,600872,中炬高新,a,cn
2022-05-31,000300,600886,国投电力,a,cn
2022-05-31,000300,600887,伊利股份,a,cn
2022-05-31,000300,600893,航发动力,a,cn
2022-05-31,000300,600900,长江电力,a,cn
2022-05-31,000300,600905,三峡能源,a,cn
2022-05-31,000300,600918,中泰证券,a,cn
2022-05-31,000300,600919,江苏银行,a,cn
2022-05-31,000300,600926,杭州银行,a,cn
2022-05-31,000300,600958,东方证券,a,cn
2022-05-31,000300,600989,宝丰能源,a,cn
2022-05-31,000300,600999,招商证券,a,cn
2022-05-31,000300,601006,大秦铁路,a,cn
2022-05-31,000300,601009,南京银行,a,cn
2022-05-31,000300,601012,隆基绿能,a,cn
2022-05-31,000300,601021,春秋航空,a,cn
2022-05-31,000300,601066,中信建投,a,cn
2022-05-31,000300,601088,中国神华,a,cn
2022-05-31,000300,601100,恒立液压,a,cn
2022-05-31,000300,601108,财通证券,a,cn
2022-05-31,000300,601111,中国国航,a,cn
2022-05-31,000300,601138,工业富联,a,cn
2022-05-31,000300,601155,新城控股,a,cn
2022-05-31,000300,601162,天风证券,a,cn
2022-05-31,000300,601166,兴业银行,a,cn
2022-05-31,000300,601169,北京银行,a,cn
2022-05-31,000300,601186,中国铁建,a,cn
2022-05-31,000300,601211,国泰海通,a,cn
2022-05-31,000300,601216,君正集团,a,cn
2022-05-31,000300,601225,陕西煤业,a,cn
2022-05-31,000300,601229,上海银行,a,cn
2022-05-31,000300,601231,环旭电子,a,cn
2022-05-31,000300,601236,红塔证券,a,cn
2022-05-31,000300,601238,广汽集团,a,cn
2022-05-31,000300,601288,农业银行,a,cn
2022-05-31,000300,601318,中国平安,a,cn
2022-05-31,000300,601319,中国人保,a,cn
2022-05-31,000300,601328,交通银行,a,cn
2022-05-31,000300,601336,新华保险,a,cn
2022-05-31,000300,601360,三六零,a,cn
2022-05-31,000300,601377,兴业证券,a,cn
2022-05-31,000300,601390,中国中铁,a,cn
2022-05-31,000300,601398,工商银行,a,cn
2022-05-31,000300,601600,中国铝业,a,cn
2022-05-31,000300,601601,中国太保,a,cn
2022-05-31,000300,601607,上海医药,a,cn
2022-05-31,000300,601618,中国中冶,a,cn
2022-05-31,000300,601628,中国人寿,a,cn
2022-05-31,000300,601633,长城汽车,a,cn
2022-05-31,000300,601658,邮储银行,a,cn
2022-05-31,000300,601668,中国建筑,a,cn
2022-05-31,000300,601669,中国电建,a,cn
2022-05-31,000300,601688,华泰证券,a,cn
2022-05-31,000300,601696,中银证券,a,cn
2022-05-31,000300,601698,中国卫通,a,cn
2022-05-31,000300,601728,中国电信,a,cn
2022-05-31,000300,601766,中国中车,a,cn
2022-05-31,000300,601788,光大证券,a,cn
2022-05-31,000300,601799,星宇股份,a,cn
2022-05-31,000300,601800,中国交建,a,cn
2022-05-31,000300,601808,中海油服,a,cn
2022-05-31,000300,601816,京沪高铁,a,cn
2022-05-31,000300,601818,光大银行,a,cn
2022-05-31,000300,601838,成都银行,a,cn
2022-05-31,000300,601857,中国石油,a,cn
2022-05-31,000300,601865,福莱特,a,cn
2022-05-31,000300,601868,中国能建,a,cn
2022-05-31,000300,601877,正泰电器,a,cn
2022-05-31,000300,601878,浙商证券,a,cn
2022-05-31,000300,601881,中国银河,a,cn
2022-05-31,000300,601888,中国中免,a,cn
2022-05-31,000300,601898,中煤能源,a,cn
2022-05-31,000300,601899,紫金矿业,a,cn
2022-05-31,000300,601901,方正证券,a,cn
2022-05-31,000300,601916,浙商银行,a,cn
2022-05-31,000300,601919,中远海控,a,cn
2022-05-31,000300,601933,永辉超市,a,cn
2022-05-31,000300,601939,建设银行,a,cn
2022-05-31,000300,601966,玲珑轮胎,a,cn
2022-05-31,000300,601985,中国核电,a,cn
2022-05-31,000300,601988,中国银行,a,cn
2022-05-31,000300,601989,中国重工,a,cn
2022-05-31,000300,601990,南京证券,a,cn
2022-05-31,000300,601995,中金公司,a,cn
2022-05-31,000300,601998,中信银行,a,cn
2022-05-31,000300,603019,中科曙光,a,cn
2022-05-31,000300,603087,甘李药业,a,cn
2022-05-31,000300,603160,汇顶科技,a,cn
2022-05-31,000300,603195,公牛集团,a,cn
2022-05-31,000300,603233,大参林,a,cn
2022-05-31,000300,603259,药明康德,a,cn
2022-05-31,000300,603260,合盛硅业,a,cn
2022-05-31,000300,603288,海天味业,a,cn
2022-05-31,000300,603338,浙江鼎力,a,cn
2022-05-31,000300,603369,今世缘,a,cn
2022-05-31,000300,603392,万泰生物,a,cn
2022-05-31,000300,603486,科沃斯,a,cn
2022-05-31,000300,603501,豪威集团,a,cn
2022-05-31,000300,603517,ST绝味,a,cn
2022-05-31,000300,603658,安图生物,a,cn
2022-05-31,000300,603659,璞泰来,a,cn
2022-05-31,000300,603799,华友钴业,a,cn
2022-05-31,000300,603806,福斯特,a,cn
2022-05-31,000300,603833,欧派家居,a,cn
2022-05-31,000300,603882,金域医学,a,cn
2022-05-31,000300,603899,晨光股份,a,cn
2022-05-31,000300,603939,益丰药房,a,cn
2022-05-31,000300,603986,兆易创新,a,cn
2022-05-31,000300,603993,洛阳钼业,a,cn
2022-05-31,000300,605499,东鹏饮料,a,cn
2022-05-31,000300,688008,澜起科技,a,cn
2022-05-31,000300,688009,中国通号,a,cn
2022-05-31,000300,688012,中微公司,a,cn
2022-05-31,000300,688036,传音控股,a,cn
2022-05-31,000300,688111,金山办公,a,cn
2022-05-31,000300,688126,沪硅产业,a,cn
2022-05-31,000300,688169,石头科技,a,cn
2022-05-31,000300,688363,华熙生物,a,cn
2022-05-31,000300,688396,华润微,a,cn
2022-05-31,000300,688561,奇安信,a,cn
2022-05-31,000300,688599,天合光能,a,cn
2022-05-31,000300,688981,中芯国际,a,cn
2022-06-30,000300,000001,平安银行,a,cn
2022-06-30,000300,000002,万科A,a,cn
2022-06-30,000300,000063,中兴通讯,a,cn
2022-06-30,000300,000066,中国长城,a,cn
2022-06-30,000300,000069,华侨城A,a,cn
2022-06-30,000300,000100,TCL科技,a,cn
2022-06-30,000300,000157,中联重科,a,cn
2022-06-30,000300,000166,申万宏源,a,cn
2022-06-30,000300,000301,东方盛虹,a,cn
2022-06-30,000300,000333,美的集团,a,cn
2022-06-30,000300,000338,潍柴动力,a,cn
2022-06-30,000300,000408,藏格矿业,a,cn
2022-06-30,000300,000425,徐工机械,a,cn
2022-06-30,000300,000538,云南白药,a,cn
2022-06-30,000300,000568,泸州老窖,a,cn
2022-06-30,000300,000596,古井贡酒,a,cn
2022-06-30,000300,000625,长安汽车,a,cn
2022-06-30,000300,000651,格力电器,a,cn
2022-06-30,000300,000661,长春高新,a,cn
2022-06-30,000300,000703,恒逸石化,a,cn
2022-06-30,000300,000708,中信特钢,a,cn
2022-06-30,000300,000725,京东方A,a,cn
2022-06-30,000300,000768,中航西飞,a,cn
2022-06-30,000300,000776,广发证券,a,cn
2022-06-30,000300,000786,北新建材,a,cn
2022-06-30,000300,000792,盐湖股份,a,cn
2022-06-30,000300,000800,一汽解放,a,cn
2022-06-30,000300,000858,五粮液,a,cn
2022-06-30,000300,000876,新希望,a,cn
2022-06-30,000300,000877,天山股份,a,cn
2022-06-30,000300,000895,双汇发展,a,cn
2022-06-30,000300,000938,紫光股份,a,cn
2022-06-30,000300,000963,华东医药,a,cn
2022-06-30,000300,000977,浪潮信息,a,cn
2022-06-30,000300,001289,龙源电力,a,cn
2022-06-30,000300,001979,招商蛇口,a,cn
2022-06-30,000300,002001,新和成,a,cn
2022-06-30,000300,002007,华兰生物,a,cn
2022-06-30,000300,002008,大族激光,a,cn
2022-06-30,000300,002027,分众传媒,a,cn
2022-06-30,000300,002032,苏泊尔,a,cn
2022-06-30,000300,002049,紫光国微,a,cn
2022-06-30,000300,002050,三花智控,a,cn
2022-06-30,000300,002064,华峰化学,a,cn
2022-06-30,000300,002074,国轩高科,a,cn
2022-06-30,000300,002120,韵达股份,a,cn
2022-06-30,000300,002129,TCL中环,a,cn
2022-06-30,000300,002142,宁波银行,a,cn
2022-06-30,000300,002179,中航光电,a,cn
2022-06-30,000300,002202,金风科技,a,cn
2022-06-30,000300,002230,科大讯飞,a,cn
2022-06-30,000300,002236,大华股份,a,cn
2022-06-30,000300,002241,歌尔股份,a,cn
2022-06-30,000300,002252,上海莱士,a,cn
2022-06-30,000300,002271,东方雨虹,a,cn
2022-06-30,000300,002304,洋河股份,a,cn
2022-06-30,000300,002311,海大集团,a,cn
2022-06-30,000300,002352,顺丰控股,a,cn
2022-06-30,000300,002371,北方华创,a,cn
2022-06-30,000300,002410,广联达,a,cn
2022-06-30,000300,002414,高德红外,a,cn
2022-06-30,000300,002415,海康威视,a,cn
2022-06-30,000300,002459,晶澳科技,a,cn
2022-06-30,000300,002460,赣锋锂业,a,cn
2022-06-30,000300,002466,天齐锂业,a,cn
2022-06-30,000300,002475,立讯精密,a,cn
2022-06-30,000300,002493,荣盛石化,a,cn
2022-06-30,000300,002555,三七互娱,a,cn
2022-06-30,000300,002568,百润股份,a,cn
2022-06-30,000300,002594,比亚迪,a,cn
2022-06-30,000300,002600,领益智造,a,cn
2022-06-30,000300,002601,龙佰集团,a,cn
2022-06-30,000300,002602,世纪华通,a,cn
2022-06-30,000300,002607,中公教育,a,cn
2022-06-30,000300,002648,卫星化学,a,cn
2022-06-30,000300,002709,天赐材料,a,cn
2022-06-30,000300,002714,牧原股份,a,cn
2022-06-30,000300,002736,国信证券,a,cn
2022-06-30,000300,002791,坚朗五金,a,cn
2022-06-30,000300,002812,恩捷股份,a,cn
2022-06-30,000300,002821,凯莱英,a,cn
2022-06-30,000300,002841,视源股份,a,cn
2022-06-30,000300,002916,深南电路,a,cn
2022-06-30,000300,002920,德赛西威,a,cn
2022-06-30,000300,002938,鹏鼎控股,a,cn
2022-06-30,000300,003816,中国广核,a,cn
2022-06-30,000300,300003,乐普医疗,a,cn
2022-06-30,000300,300014,亿纬锂能,a,cn
2022-06-30,000300,300015,爱尔眼科,a,cn
2022-06-30,000300,300033,同花顺,a,cn
2022-06-30,000300,300059,东方财富,a,cn
2022-06-30,000300,300122,智飞生物,a,cn
2022-06-30,000300,300124,汇川技术,a,cn
2022-06-30,000300,300142,沃森生物,a,cn
2022-06-30,000300,300207,欣旺达,a,cn
2022-06-30,000300,300223,北京君正,a,cn
2022-06-30,000300,300274,阳光电源,a,cn
2022-06-30,000300,300316,晶盛机电,a,cn
2022-06-30,000300,300347,泰格医药,a,cn
2022-06-30,000300,300408,三环集团,a,cn
2022-06-30,000300,300413,芒果超媒,a,cn
2022-06-30,000300,300433,蓝思科技,a,cn
2022-06-30,000300,300450,先导智能,a,cn
2022-06-30,000300,300454,深信服,a,cn
2022-06-30,000300,300496,中科创达,a,cn
2022-06-30,000300,300498,温氏股份,a,cn
2022-06-30,000300,300529,健帆生物,a,cn
2022-06-30,000300,300595,欧普康视,a,cn
2022-06-30,000300,300601,康泰生物,a,cn
2022-06-30,000300,300628,亿联网络,a,cn
2022-06-30,000300,300661,圣邦股份,a,cn
2022-06-30,000300,300750,宁德时代,a,cn
2022-06-30,000300,300751,迈为股份,a,cn
2022-06-30,000300,300759,康龙化成,a,cn
2022-06-30,000300,300760,迈瑞医疗,a,cn
2022-06-30,000300,300763,锦浪科技,a,cn
2022-06-30,000300,300782,卓胜微,a,cn
2022-06-30,000300,300866,安克创新,a,cn
2022-06-30,000300,300896,爱美客,a,cn
2022-06-30,000300,300919,中伟新材,a,cn
2022-06-30,000300,300957,贝泰妮,a,cn
2022-06-30,000300,300979,华利集团,a,cn
2022-06-30,000300,300999,金龙鱼,a,cn
2022-06-30,000300,600000,浦发银行,a,cn
2022-06-30,000300,600009,上海机场,a,cn
2022-06-30,000300,600010,包钢股份,a,cn
2022-06-30,000300,600011,华能国际,a,cn
2022-06-30,000300,600015,华夏银行,a,cn
2022-06-30,000300,600016,民生银行,a,cn
2022-06-30,000300,600018,上港集团,a,cn
2022-06-30,000300,600019,宝钢股份,a,cn
2022-06-30,000300,600025,华能水电,a,cn
2022-06-30,000300,600028,中国石化,a,cn
2022-06-30,000300,600029,南方航空,a,cn
2022-06-30,000300,600030,中信证券,a,cn
2022-06-30,000300,600031,三一重工,a,cn
2022-06-30,000300,600036,招商银行,a,cn
2022-06-30,000300,600048,保利发展,a,cn
2022-06-30,000300,600050,中国联通,a,cn
2022-06-30,000300,600061,国投资本,a,cn
2022-06-30,000300,600085,同仁堂,a,cn
2022-06-30,000300,600089,特变电工,a,cn
2022-06-30,000300,600104,上汽集团,a,cn
2022-06-30,000300,600111,北方稀土,a,cn
2022-06-30,000300,600115,中国东航,a,cn
2022-06-30,000300,600132,重庆啤酒,a,cn
2022-06-30,000300,600150,中国船舶,a,cn
2022-06-30,000300,600161,天坛生物,a,cn
2022-06-30,000300,600176,中国巨石,a,cn
2022-06-30,000300,600183,生益科技,a,cn
2022-06-30,000300,600188,兖矿能源,a,cn
2022-06-30,000300,600196,复星医药,a,cn
2022-06-30,000300,600219,南山铝业,a,cn
2022-06-30,000300,600276,恒瑞医药,a,cn
2022-06-30,000300,600309,万华化学,a,cn
2022-06-30,000300,600332,白云山,a,cn
2022-06-30,000300,600346,恒力石化,a,cn
2022-06-30,000300,600352,浙江龙盛,a,cn
2022-06-30,000300,600362,江西铜业,a,cn
2022-06-30,000300,600383,金地集团,a,cn
2022-06-30,000300,600406,国电南瑞,a,cn
2022-06-30,000300,600426,华鲁恒升,a,cn
2022-06-30,000300,600436,片仔癀,a,cn
2022-06-30,000300,600438,通威股份,a,cn
2022-06-30,000300,600460,士兰微,a,cn
2022-06-30,000300,600489,中金黄金,a,cn
2022-06-30,000300,600519,贵州茅台,a,cn
2022-06-30,000300,600547,山东黄金,a,cn
2022-06-30,000300,600570,恒生电子,a,cn
2022-06-30,000300,600584,长电科技,a,cn
2022-06-30,000300,600585,海螺水泥,a,cn
2022-06-30,000300,600588,用友网络,a,cn
2022-06-30,000300,600600,青岛啤酒,a,cn
2022-06-30,000300,600606,绿地控股,a,cn
2022-06-30,000300,600655,豫园股份,a,cn
2022-06-30,000300,600660,福耀玻璃,a,cn
2022-06-30,000300,600690,海尔智家,a,cn
2022-06-30,000300,600741,华域汽车,a,cn
2022-06-30,000300,600745,*ST闻泰,a,cn
2022-06-30,000300,600760,中航沈飞,a,cn
2022-06-30,000300,600763,通策医疗,a,cn
2022-06-30,000300,600795,国电电力,a,cn
2022-06-30,000300,600809,山西汾酒,a,cn
2022-06-30,000300,600837,海通证券,a,cn
2022-06-30,000300,600845,宝信软件,a,cn
2022-06-30,000300,600886,国投电力,a,cn
2022-06-30,000300,600887,伊利股份,a,cn
2022-06-30,000300,600893,航发动力,a,cn
2022-06-30,000300,600900,长江电力,a,cn
2022-06-30,000300,600905,三峡能源,a,cn
2022-06-30,000300,600918,中泰证券,a,cn
2022-06-30,000300,600919,江苏银行,a,cn
2022-06-30,000300,600926,杭州银行,a,cn
2022-06-30,000300,600941,中国移动,a,cn
2022-06-30,000300,600958,东方证券,a,cn
2022-06-30,000300,600989,宝丰能源,a,cn
2022-06-30,000300,600999,招商证券,a,cn
2022-06-30,000300,601006,大秦铁路,a,cn
2022-06-30,000300,601009,南京银行,a,cn
2022-06-30,000300,601012,隆基绿能,a,cn
2022-06-30,000300,601021,春秋航空,a,cn
2022-06-30,000300,601066,中信建投,a,cn
2022-06-30,000300,601088,中国神华,a,cn
2022-06-30,000300,601100,恒立液压,a,cn
2022-06-30,000300,601111,中国国航,a,cn
2022-06-30,000300,601117,中国化学,a,cn
2022-06-30,000300,601138,工业富联,a,cn
2022-06-30,000300,601155,新城控股,a,cn
2022-06-30,000300,601166,兴业银行,a,cn
2022-06-30,000300,601169,北京银行,a,cn
2022-06-30,000300,601186,中国铁建,a,cn
2022-06-30,000300,601211,国泰海通,a,cn
2022-06-30,000300,601216,君正集团,a,cn
2022-06-30,000300,601225,陕西煤业,a,cn
2022-06-30,000300,601229,上海银行,a,cn
2022-06-30,000300,601236,红塔证券,a,cn
2022-06-30,000300,601238,广汽集团,a,cn
2022-06-30,000300,601288,农业银行,a,cn
2022-06-30,000300,601318,中国平安,a,cn
2022-06-30,000300,601319,中国人保,a,cn
2022-06-30,000300,601328,交通银行,a,cn
2022-06-30,000300,601336,新华保险,a,cn
2022-06-30,000300,601360,三六零,a,cn
2022-06-30,000300,601377,兴业证券,a,cn
2022-06-30,000300,601390,中国中铁,a,cn
2022-06-30,000300,601398,工商银行,a,cn
2022-06-30,000300,601600,中国铝业,a,cn
2022-06-30,000300,601601,中国太保,a,cn
2022-06-30,000300,601618,中国中冶,a,cn
2022-06-30,000300,601628,中国人寿,a,cn
2022-06-30,000300,601633,长城汽车,a,cn
2022-06-30,000300,601658,邮储银行,a,cn
2022-06-30,000300,601668,中国建筑,a,cn
2022-06-30,000300,601669,中国电建,a,cn
2022-06-30,000300,601688,华泰证券,a,cn
2022-06-30,000300,601698,中国卫通,a,cn
2022-06-30,000300,601728,中国电信,a,cn
2022-06-30,000300,601766,中国中车,a,cn
2022-06-30,000300,601788,光大证券,a,cn
2022-06-30,000300,601799,星宇股份,a,cn
2022-06-30,000300,601800,中国交建,a,cn
2022-06-30,000300,601808,中海油服,a,cn
2022-06-30,000300,601816,京沪高铁,a,cn
2022-06-30,000300,601818,光大银行,a,cn
2022-06-30,000300,601825,沪农商行,a,cn
2022-06-30,000300,601838,成都银行,a,cn
2022-06-30,000300,601857,中国石油,a,cn
2022-06-30,000300,601865,福莱特,a,cn
2022-06-30,000300,601868,中国能建,a,cn
2022-06-30,000300,601877,正泰电器,a,cn
2022-06-30,000300,601878,浙商证券,a,cn
2022-06-30,000300,601881,中国银河,a,cn
2022-06-30,000300,601888,中国中免,a,cn
2022-06-30,000300,601898,中煤能源,a,cn
2022-06-30,000300,601899,紫金矿业,a,cn
2022-06-30,000300,601901,方正证券,a,cn
2022-06-30,000300,601916,浙商银行,a,cn
2022-06-30,000300,601919,中远海控,a,cn
2022-06-30,000300,601939,建设银行,a,cn
2022-06-30,000300,601966,玲珑轮胎,a,cn
2022-06-30,000300,601985,中国核电,a,cn
2022-06-30,000300,601988,中国银行,a,cn
2022-06-30,000300,601989,中国重工,a,cn
2022-06-30,000300,601995,中金公司,a,cn
2022-06-30,000300,601998,中信银行,a,cn
2022-06-30,000300,603019,中科曙光,a,cn
2022-06-30,000300,603087,甘李药业,a,cn
2022-06-30,000300,603160,汇顶科技,a,cn
2022-06-30,000300,603185,弘元绿能,a,cn
2022-06-30,000300,603195,公牛集团,a,cn
2022-06-30,000300,603259,药明康德,a,cn
2022-06-30,000300,603260,合盛硅业,a,cn
2022-06-30,000300,603288,海天味业,a,cn
2022-06-30,000300,603290,斯达半导,a,cn
2022-06-30,000300,603369,今世缘,a,cn
2022-06-30,000300,603392,万泰生物,a,cn
2022-06-30,000300,603486,科沃斯,a,cn
2022-06-30,000300,603501,豪威集团,a,cn
2022-06-30,000300,603659,璞泰来,a,cn
2022-06-30,000300,603799,华友钴业,a,cn
2022-06-30,000300,603806,福斯特,a,cn
2022-06-30,000300,603833,欧派家居,a,cn
2022-06-30,000300,603882,金域医学,a,cn
2022-06-30,000300,603899,晨光股份,a,cn
2022-06-30,000300,603986,兆易创新,a,cn
2022-06-30,000300,603993,洛阳钼业,a,cn
2022-06-30,000300,605499,东鹏饮料,a,cn
2022-06-30,000300,688005,容百科技,a,cn
2022-06-30,000300,688008,澜起科技,a,cn
2022-06-30,000300,688012,中微公司,a,cn
2022-06-30,000300,688036,传音控股,a,cn
2022-06-30,000300,688065,凯赛生物,a,cn
2022-06-30,000300,688111,金山办公,a,cn
2022-06-30,000300,688126,沪硅产业,a,cn
2022-06-30,000300,688169,石头科技,a,cn
2022-06-30,000300,688363,华熙生物,a,cn
2022-06-30,000300,688396,华润微,a,cn
2022-06-30,000300,688561,奇安信,a,cn
2022-06-30,000300,688599,天合光能,a,cn
2022-06-30,000300,688981,中芯国际,a,cn
2022-07-29,000300,000001,平安银行,a,cn
2022-07-29,000300,000002,万科A,a,cn
2022-07-29,000300,000063,中兴通讯,a,cn
2022-07-29,000300,000066,中国长城,a,cn
2022-07-29,000300,000069,华侨城A,a,cn
2022-07-29,000300,000100,TCL科技,a,cn
2022-07-29,000300,000157,中联重科,a,cn
2022-07-29,000300,000166,申万宏源,a,cn
2022-07-29,000300,000301,东方盛虹,a,cn
2022-07-29,000300,000333,美的集团,a,cn
2022-07-29,000300,000338,潍柴动力,a,cn
2022-07-29,000300,000408,藏格矿业,a,cn
2022-07-29,000300,000425,徐工机械,a,cn
2022-07-29,000300,000538,云南白药,a,cn
2022-07-29,000300,000568,泸州老窖,a,cn
2022-07-29,000300,000596,古井贡酒,a,cn
2022-07-29,000300,000625,长安汽车,a,cn
2022-07-29,000300,000651,格力电器,a,cn
2022-07-29,000300,000661,长春高新,a,cn
2022-07-29,000300,000703,恒逸石化,a,cn
2022-07-29,000300,000708,中信特钢,a,cn
2022-07-29,000300,000725,京东方A,a,cn
2022-07-29,000300,000768,中航西飞,a,cn
2022-07-29,000300,000776,广发证券,a,cn
2022-07-29,000300,000786,北新建材,a,cn
2022-07-29,000300,000792,盐湖股份,a,cn
2022-07-29,000300,000800,一汽解放,a,cn
2022-07-29,000300,000858,五粮液,a,cn
2022-07-29,000300,000876,新希望,a,cn
2022-07-29,000300,000877,天山股份,a,cn
2022-07-29,000300,000895,双汇发展,a,cn
2022-07-29,000300,000938,紫光股份,a,cn
2022-07-29,000300,000963,华东医药,a,cn
2022-07-29,000300,000977,浪潮信息,a,cn
2022-07-29,000300,001289,龙源电力,a,cn
2022-07-29,000300,001979,招商蛇口,a,cn
2022-07-29,000300,002001,新和成,a,cn
2022-07-29,000300,002007,华兰生物,a,cn
2022-07-29,000300,002008,大族激光,a,cn
2022-07-29,000300,002027,分众传媒,a,cn
2022-07-29,000300,002032,苏泊尔,a,cn
2022-07-29,000300,002049,紫光国微,a,cn
2022-07-29,000300,002050,三花智控,a,cn
2022-07-29,000300,002064,华峰化学,a,cn
2022-07-29,000300,002074,国轩高科,a,cn
2022-07-29,000300,002120,韵达股份,a,cn
2022-07-29,000300,002129,TCL中环,a,cn
2022-07-29,000300,002142,宁波银行,a,cn
2022-07-29,000300,002179,中航光电,a,cn
2022-07-29,000300,002202,金风科技,a,cn
2022-07-29,000300,002230,科大讯飞,a,cn
2022-07-29,000300,002236,大华股份,a,cn
2022-07-29,000300,002241,歌尔股份,a,cn
2022-07-29,000300,002252,上海莱士,a,cn
2022-07-29,000300,002271,东方雨虹,a,cn
2022-07-29,000300,002304,洋河股份,a,cn
2022-07-29,000300,002311,海大集团,a,cn
2022-07-29,000300,002352,顺丰控股,a,cn
2022-07-29,000300,002371,北方华创,a,cn
2022-07-29,000300,002410,广联达,a,cn
2022-07-29,000300,002414,高德红外,a,cn
2022-07-29,000300,002415,海康威视,a,cn
2022-07-29,000300,002459,晶澳科技,a,cn
2022-07-29,000300,002460,赣锋锂业,a,cn
2022-07-29,000300,002466,天齐锂业,a,cn
2022-07-29,000300,002475,立讯精密,a,cn
2022-07-29,000300,002493,荣盛石化,a,cn
2022-07-29,000300,002555,三七互娱,a,cn
2022-07-29,000300,002568,百润股份,a,cn
2022-07-29,000300,002594,比亚迪,a,cn
2022-07-29,000300,002600,领益智造,a,cn
2022-07-29,000300,002601,龙佰集团,a,cn
2022-07-29,000300,002602,世纪华通,a,cn
2022-07-29,000300,002607,中公教育,a,cn
2022-07-29,000300,002648,卫星化学,a,cn
2022-07-29,000300,002709,天赐材料,a,cn
2022-07-29,000300,002714,牧原股份,a,cn
2022-07-29,000300,002736,国信证券,a,cn
2022-07-29,000300,002791,坚朗五金,a,cn
2022-07-29,000300,002812,恩捷股份,a,cn
2022-07-29,000300,002821,凯莱英,a,cn
2022-07-29,000300,002841,视源股份,a,cn
2022-07-29,000300,002916,深南电路,a,cn
2022-07-29,000300,002920,德赛西威,a,cn
2022-07-29,000300,002938,鹏鼎控股,a,cn
2022-07-29,000300,003816,中国广核,a,cn
2022-07-29,000300,300003,乐普医疗,a,cn
2022-07-29,000300,300014,亿纬锂能,a,cn
2022-07-29,000300,300015,爱尔眼科,a,cn
2022-07-29,000300,300033,同花顺,a,cn
2022-07-29,000300,300059,东方财富,a,cn
2022-07-29,000300,300122,智飞生物,a,cn
2022-07-29,000300,300124,汇川技术,a,cn
2022-07-29,000300,300142,沃森生物,a,cn
2022-07-29,000300,300207,欣旺达,a,cn
2022-07-29,000300,300223,北京君正,a,cn
2022-07-29,000300,300274,阳光电源,a,cn
2022-07-29,000300,300316,晶盛机电,a,cn
2022-07-29,000300,300347,泰格医药,a,cn
2022-07-29,000300,300408,三环集团,a,cn
2022-07-29,000300,300413,芒果超媒,a,cn
2022-07-29,000300,300433,蓝思科技,a,cn
2022-07-29,000300,300450,先导智能,a,cn
2022-07-29,000300,300454,深信服,a,cn
2022-07-29,000300,300496,中科创达,a,cn
2022-07-29,000300,300498,温氏股份,a,cn
2022-07-29,000300,300529,健帆生物,a,cn
2022-07-29,000300,300595,欧普康视,a,cn
2022-07-29,000300,300601,康泰生物,a,cn
2022-07-29,000300,300628,亿联网络,a,cn
2022-07-29,000300,300661,圣邦股份,a,cn
2022-07-29,000300,300750,宁德时代,a,cn
2022-07-29,000300,300751,迈为股份,a,cn
2022-07-29,000300,300759,康龙化成,a,cn
2022-07-29,000300,300760,迈瑞医疗,a,cn
2022-07-29,000300,300763,锦浪科技,a,cn
2022-07-29,000300,300782,卓胜微,a,cn
2022-07-29,000300,300866,安克创新,a,cn
2022-07-29,000300,300896,爱美客,a,cn
2022-07-29,000300,300919,中伟新材,a,cn
2022-07-29,000300,300957,贝泰妮,a,cn
2022-07-29,000300,300979,华利集团,a,cn
2022-07-29,000300,300999,金龙鱼,a,cn
2022-07-29,000300,600000,浦发银行,a,cn
2022-07-29,000300,600009,上海机场,a,cn
2022-07-29,000300,600010,包钢股份,a,cn
2022-07-29,000300,600011,华能国际,a,cn
2022-07-29,000300,600015,华夏银行,a,cn
2022-07-29,000300,600016,民生银行,a,cn
2022-07-29,000300,600018,上港集团,a,cn
2022-07-29,000300,600019,宝钢股份,a,cn
2022-07-29,000300,600025,华能水电,a,cn
2022-07-29,000300,600028,中国石化,a,cn
2022-07-29,000300,600029,南方航空,a,cn
2022-07-29,000300,600030,中信证券,a,cn
2022-07-29,000300,600031,三一重工,a,cn
2022-07-29,000300,600036,招商银行,a,cn
2022-07-29,000300,600048,保利发展,a,cn
2022-07-29,000300,600050,中国联通,a,cn
2022-07-29,000300,600061,国投资本,a,cn
2022-07-29,000300,600085,同仁堂,a,cn
2022-07-29,000300,600089,特变电工,a,cn
2022-07-29,000300,600104,上汽集团,a,cn
2022-07-29,000300,600111,北方稀土,a,cn
2022-07-29,000300,600115,中国东航,a,cn
2022-07-29,000300,600132,重庆啤酒,a,cn
2022-07-29,000300,600150,中国船舶,a,cn
2022-07-29,000300,600161,天坛生物,a,cn
2022-07-29,000300,600176,中国巨石,a,cn
2022-07-29,000300,600183,生益科技,a,cn
2022-07-29,000300,600188,兖矿能源,a,cn
2022-07-29,000300,600196,复星医药,a,cn
2022-07-29,000300,600219,南山铝业,a,cn
2022-07-29,000300,600276,恒瑞医药,a,cn
2022-07-29,000300,600309,万华化学,a,cn
2022-07-29,000300,600332,白云山,a,cn
2022-07-29,000300,600346,恒力石化,a,cn
2022-07-29,000300,600352,浙江龙盛,a,cn
2022-07-29,000300,600362,江西铜业,a,cn
2022-07-29,000300,600383,金地集团,a,cn
2022-07-29,000300,600406,国电南瑞,a,cn
2022-07-29,000300,600426,华鲁恒升,a,cn
2022-07-29,000300,600436,片仔癀,a,cn
2022-07-29,000300,600438,通威股份,a,cn
2022-07-29,000300,600460,士兰微,a,cn
2022-07-29,000300,600489,中金黄金,a,cn
2022-07-29,000300,600519,贵州茅台,a,cn
2022-07-29,000300,600547,山东黄金,a,cn
2022-07-29,000300,600570,恒生电子,a,cn
2022-07-29,000300,600584,长电科技,a,cn
2022-07-29,000300,600585,海螺水泥,a,cn
2022-07-29,000300,600588,用友网络,a,cn
2022-07-29,000300,600600,青岛啤酒,a,cn
2022-07-29,000300,600606,绿地控股,a,cn
2022-07-29,000300,600655,豫园股份,a,cn
2022-07-29,000300,600660,福耀玻璃,a,cn
2022-07-29,000300,600690,海尔智家,a,cn
2022-07-29,000300,600741,华域汽车,a,cn
2022-07-29,000300,600745,*ST闻泰,a,cn
2022-07-29,000300,600760,中航沈飞,a,cn
2022-07-29,000300,600763,通策医疗,a,cn
2022-07-29,000300,600795,国电电力,a,cn
2022-07-29,000300,600809,山西汾酒,a,cn
2022-07-29,000300,600837,海通证券,a,cn
2022-07-29,000300,600845,宝信软件,a,cn
2022-07-29,000300,600886,国投电力,a,cn
2022-07-29,000300,600887,伊利股份,a,cn
2022-07-29,000300,600893,航发动力,a,cn
2022-07-29,000300,600900,长江电力,a,cn
2022-07-29,000300,600905,三峡能源,a,cn
2022-07-29,000300,600918,中泰证券,a,cn
2022-07-29,000300,600919,江苏银行,a,cn
2022-07-29,000300,600926,杭州银行,a,cn
2022-07-29,000300,600941,中国移动,a,cn
2022-07-29,000300,600958,东方证券,a,cn
2022-07-29,000300,600989,宝丰能源,a,cn
2022-07-29,000300,600999,招商证券,a,cn
2022-07-29,000300,601006,大秦铁路,a,cn
2022-07-29,000300,601009,南京银行,a,cn
2022-07-29,000300,601012,隆基绿能,a,cn
2022-07-29,000300,601021,春秋航空,a,cn
2022-07-29,000300,601066,中信建投,a,cn
2022-07-29,000300,601088,中国神华,a,cn
2022-07-29,000300,601100,恒立液压,a,cn
2022-07-29,000300,601111,中国国航,a,cn
2022-07-29,000300,601117,中国化学,a,cn
2022-07-29,000300,601138,工业富联,a,cn
2022-07-29,000300,601155,新城控股,a,cn
2022-07-29,000300,601166,兴业银行,a,cn
2022-07-29,000300,601169,北京银行,a,cn
2022-07-29,000300,601186,中国铁建,a,cn
2022-07-29,000300,601211,国泰海通,a,cn
2022-07-29,000300,601216,君正集团,a,cn
2022-07-29,000300,601225,陕西煤业,a,cn
2022-07-29,000300,601229,上海银行,a,cn
2022-07-29,000300,601236,红塔证券,a,cn
2022-07-29,000300,601238,广汽集团,a,cn
2022-07-29,000300,601288,农业银行,a,cn
2022-07-29,000300,601318,中国平安,a,cn
2022-07-29,000300,601319,中国人保,a,cn
2022-07-29,000300,601328,交通银行,a,cn
2022-07-29,000300,601336,新华保险,a,cn
2022-07-29,000300,601360,三六零,a,cn
2022-07-29,000300,601377,兴业证券,a,cn
2022-07-29,000300,601390,中国中铁,a,cn
2022-07-29,000300,601398,工商银行,a,cn
2022-07-29,000300,601600,中国铝业,a,cn
2022-07-29,000300,601601,中国太保,a,cn
2022-07-29,000300,601618,中国中冶,a,cn
2022-07-29,000300,601628,中国人寿,a,cn
2022-07-29,000300,601633,长城汽车,a,cn
2022-07-29,000300,601658,邮储银行,a,cn
2022-07-29,000300,601668,中国建筑,a,cn
2022-07-29,000300,601669,中国电建,a,cn
2022-07-29,000300,601688,华泰证券,a,cn
2022-07-29,000300,601698,中国卫通,a,cn
2022-07-29,000300,601728,中国电信,a,cn
2022-07-29,000300,601766,中国中车,a,cn
2022-07-29,000300,601788,光大证券,a,cn
2022-07-29,000300,601799,星宇股份,a,cn
2022-07-29,000300,601800,中国交建,a,cn
2022-07-29,000300,601808,中海油服,a,cn
2022-07-29,000300,601816,京沪高铁,a,cn
2022-07-29,000300,601818,光大银行,a,cn
2022-07-29,000300,601825,沪农商行,a,cn
2022-07-29,000300,601838,成都银行,a,cn
2022-07-29,000300,601857,中国石油,a,cn
2022-07-29,000300,601865,福莱特,a,cn
2022-07-29,000300,601868,中国能建,a,cn
2022-07-29,000300,601877,正泰电器,a,cn
2022-07-29,000300,601878,浙商证券,a,cn
2022-07-29,000300,601881,中国银河,a,cn
2022-07-29,000300,601888,中国中免,a,cn
2022-07-29,000300,601898,中煤能源,a,cn
2022-07-29,000300,601899,紫金矿业,a,cn
2022-07-29,000300,601901,方正证券,a,cn
2022-07-29,000300,601916,浙商银行,a,cn
2022-07-29,000300,601919,中远海控,a,cn
2022-07-29,000300,601939,建设银行,a,cn
2022-07-29,000300,601966,玲珑轮胎,a,cn
2022-07-29,000300,601985,中国核电,a,cn
2022-07-29,000300,601988,中国银行,a,cn
2022-07-29,000300,601989,中国重工,a,cn
2022-07-29,000300,601995,中金公司,a,cn
2022-07-29,000300,601998,中信银行,a,cn
2022-07-29,000300,603019,中科曙光,a,cn
2022-07-29,000300,603087,甘李药业,a,cn
2022-07-29,000300,603160,汇顶科技,a,cn
2022-07-29,000300,603185,弘元绿能,a,cn
2022-07-29,000300,603195,公牛集团,a,cn
2022-07-29,000300,603259,药明康德,a,cn
2022-07-29,000300,603260,合盛硅业,a,cn
2022-07-29,000300,603288,海天味业,a,cn
2022-07-29,000300,603290,斯达半导,a,cn
2022-07-29,000300,603369,今世缘,a,cn
2022-07-29,000300,603392,万泰生物,a,cn
2022-07-29,000300,603486,科沃斯,a,cn
2022-07-29,000300,603501,豪威集团,a,cn
2022-07-29,000300,603659,璞泰来,a,cn
2022-07-29,000300,603799,华友钴业,a,cn
2022-07-29,000300,603806,福斯特,a,cn
2022-07-29,000300,603833,欧派家居,a,cn
2022-07-29,000300,603882,金域医学,a,cn
2022-07-29,000300,603899,晨光股份,a,cn
2022-07-29,000300,603986,兆易创新,a,cn
2022-07-29,000300,603993,洛阳钼业,a,cn
2022-07-29,000300,605499,东鹏饮料,a,cn
2022-07-29,000300,688005,容百科技,a,cn
2022-07-29,000300,688008,澜起科技,a,cn
2022-07-29,000300,688012,中微公司,a,cn
2022-07-29,000300,688036,传音控股,a,cn
2022-07-29,000300,688065,凯赛生物,a,cn
2022-07-29,000300,688111,金山办公,a,cn
2022-07-29,000300,688126,沪硅产业,a,cn
2022-07-29,000300,688169,石头科技,a,cn
2022-07-29,000300,688363,华熙生物,a,cn
2022-07-29,000300,688396,华润微,a,cn
2022-07-29,000300,688561,奇安信,a,cn
2022-07-29,000300,688599,天合光能,a,cn
2022-07-29,000300,688981,中芯国际,a,cn
2022-08-31,000300,000001,平安银行,a,cn
2022-08-31,000300,000002,万科A,a,cn
2022-08-31,000300,000063,中兴通讯,a,cn
2022-08-31,000300,000066,中国长城,a,cn
2022-08-31,000300,000069,华侨城A,a,cn
2022-08-31,000300,000100,TCL科技,a,cn
2022-08-31,000300,000157,中联重科,a,cn
2022-08-31,000300,000166,申万宏源,a,cn
2022-08-31,000300,000301,东方盛虹,a,cn
2022-08-31,000300,000333,美的集团,a,cn
2022-08-31,000300,000338,潍柴动力,a,cn
2022-08-31,000300,000408,藏格矿业,a,cn
2022-08-31,000300,000425,徐工机械,a,cn
2022-08-31,000300,000538,云南白药,a,cn
2022-08-31,000300,000568,泸州老窖,a,cn
2022-08-31,000300,000596,古井贡酒,a,cn
2022-08-31,000300,000625,长安汽车,a,cn
2022-08-31,000300,000651,格力电器,a,cn
2022-08-31,000300,000661,长春高新,a,cn
2022-08-31,000300,000703,恒逸石化,a,cn
2022-08-31,000300,000708,中信特钢,a,cn
2022-08-31,000300,000725,京东方A,a,cn
2022-08-31,000300,000768,中航西飞,a,cn
2022-08-31,000300,000776,广发证券,a,cn
2022-08-31,000300,000786,北新建材,a,cn
2022-08-31,000300,000792,盐湖股份,a,cn
2022-08-31,000300,000800,一汽解放,a,cn
2022-08-31,000300,000858,五粮液,a,cn
2022-08-31,000300,000876,新希望,a,cn
2022-08-31,000300,000877,天山股份,a,cn
2022-08-31,000300,000895,双汇发展,a,cn
2022-08-31,000300,000938,紫光股份,a,cn
2022-08-31,000300,000963,华东医药,a,cn
2022-08-31,000300,000977,浪潮信息,a,cn
2022-08-31,000300,001289,龙源电力,a,cn
2022-08-31,000300,001979,招商蛇口,a,cn
2022-08-31,000300,002001,新和成,a,cn
2022-08-31,000300,002007,华兰生物,a,cn
2022-08-31,000300,002008,大族激光,a,cn
2022-08-31,000300,002027,分众传媒,a,cn
2022-08-31,000300,002032,苏泊尔,a,cn
2022-08-31,000300,002049,紫光国微,a,cn
2022-08-31,000300,002050,三花智控,a,cn
2022-08-31,000300,002064,华峰化学,a,cn
2022-08-31,000300,002074,国轩高科,a,cn
2022-08-31,000300,002120,韵达股份,a,cn
2022-08-31,000300,002129,TCL中环,a,cn
2022-08-31,000300,002142,宁波银行,a,cn
2022-08-31,000300,002179,中航光电,a,cn
2022-08-31,000300,002202,金风科技,a,cn
2022-08-31,000300,002230,科大讯飞,a,cn
2022-08-31,000300,002236,大华股份,a,cn
2022-08-31,000300,002241,歌尔股份,a,cn
2022-08-31,000300,002252,上海莱士,a,cn
2022-08-31,000300,002271,东方雨虹,a,cn
2022-08-31,000300,002304,洋河股份,a,cn
2022-08-31,000300,002311,海大集团,a,cn
2022-08-31,000300,002352,顺丰控股,a,cn
2022-08-31,000300,002371,北方华创,a,cn
2022-08-31,000300,002410,广联达,a,cn
2022-08-31,000300,002414,高德红外,a,cn
2022-08-31,000300,002415,海康威视,a,cn
2022-08-31,000300,002459,晶澳科技,a,cn
2022-08-31,000300,002460,赣锋锂业,a,cn
2022-08-31,000300,002466,天齐锂业,a,cn
2022-08-31,000300,002475,立讯精密,a,cn
2022-08-31,000300,002493,荣盛石化,a,cn
2022-08-31,000300,002555,三七互娱,a,cn
2022-08-31,000300,002568,百润股份,a,cn
2022-08-31,000300,002594,比亚迪,a,cn
2022-08-31,000300,002600,领益智造,a,cn
2022-08-31,000300,002601,龙佰集团,a,cn
2022-08-31,000300,002602,世纪华通,a,cn
2022-08-31,000300,002607,中公教育,a,cn
2022-08-31,000300,002648,卫星化学,a,cn
2022-08-31,000300,002709,天赐材料,a,cn
2022-08-31,000300,002714,牧原股份,a,cn
2022-08-31,000300,002736,国信证券,a,cn
2022-08-31,000300,002791,坚朗五金,a,cn
2022-08-31,000300,002812,恩捷股份,a,cn
2022-08-31,000300,002821,凯莱英,a,cn
2022-08-31,000300,002841,视源股份,a,cn
2022-08-31,000300,002916,深南电路,a,cn
2022-08-31,000300,002920,德赛西威,a,cn
2022-08-31,000300,002938,鹏鼎控股,a,cn
2022-08-31,000300,003816,中国广核,a,cn
2022-08-31,000300,300003,乐普医疗,a,cn
2022-08-31,000300,300014,亿纬锂能,a,cn
2022-08-31,000300,300015,爱尔眼科,a,cn
2022-08-31,000300,300033,同花顺,a,cn
2022-08-31,000300,300059,东方财富,a,cn
2022-08-31,000300,300122,智飞生物,a,cn
2022-08-31,000300,300124,汇川技术,a,cn
2022-08-31,000300,300142,沃森生物,a,cn
2022-08-31,000300,300207,欣旺达,a,cn
2022-08-31,000300,300223,北京君正,a,cn
2022-08-31,000300,300274,阳光电源,a,cn
2022-08-31,000300,300316,晶盛机电,a,cn
2022-08-31,000300,300347,泰格医药,a,cn
2022-08-31,000300,300408,三环集团,a,cn
2022-08-31,000300,300413,芒果超媒,a,cn
2022-08-31,000300,300433,蓝思科技,a,cn
2022-08-31,000300,300450,先导智能,a,cn
2022-08-31,000300,300454,深信服,a,cn
2022-08-31,000300,300496,中科创达,a,cn
2022-08-31,000300,300498,温氏股份,a,cn
2022-08-31,000300,300529,健帆生物,a,cn
2022-08-31,000300,300595,欧普康视,a,cn
2022-08-31,000300,300601,康泰生物,a,cn
2022-08-31,000300,300628,亿联网络,a,cn
2022-08-31,000300,300661,圣邦股份,a,cn
2022-08-31,000300,300750,宁德时代,a,cn
2022-08-31,000300,300751,迈为股份,a,cn
2022-08-31,000300,300759,康龙化成,a,cn
2022-08-31,000300,300760,迈瑞医疗,a,cn
2022-08-31,000300,300763,锦浪科技,a,cn
2022-08-31,000300,300782,卓胜微,a,cn
2022-08-31,000300,300866,安克创新,a,cn
2022-08-31,000300,300896,爱美客,a,cn
2022-08-31,000300,300919,中伟新材,a,cn
2022-08-31,000300,300957,贝泰妮,a,cn
2022-08-31,000300,300979,华利集团,a,cn
2022-08-31,000300,300999,金龙鱼,a,cn
2022-08-31,000300,600000,浦发银行,a,cn
2022-08-31,000300,600009,上海机场,a,cn
2022-08-31,000300,600010,包钢股份,a,cn
2022-08-31,000300,600011,华能国际,a,cn
2022-08-31,000300,600015,华夏银行,a,cn
2022-08-31,000300,600016,民生银行,a,cn
2022-08-31,000300,600018,上港集团,a,cn
2022-08-31,000300,600019,宝钢股份,a,cn
2022-08-31,000300,600025,华能水电,a,cn
2022-08-31,000300,600028,中国石化,a,cn
2022-08-31,000300,600029,南方航空,a,cn
2022-08-31,000300,600030,中信证券,a,cn
2022-08-31,000300,600031,三一重工,a,cn
2022-08-31,000300,600036,招商银行,a,cn
2022-08-31,000300,600048,保利发展,a,cn
2022-08-31,000300,600050,中国联通,a,cn
2022-08-31,000300,600061,国投资本,a,cn
2022-08-31,000300,600085,同仁堂,a,cn
2022-08-31,000300,600089,特变电工,a,cn
2022-08-31,000300,600104,上汽集团,a,cn
2022-08-31,000300,600111,北方稀土,a,cn
2022-08-31,000300,600115,中国东航,a,cn
2022-08-31,000300,600132,重庆啤酒,a,cn
2022-08-31,000300,600150,中国船舶,a,cn
2022-08-31,000300,600161,天坛生物,a,cn
2022-08-31,000300,600176,中国巨石,a,cn
2022-08-31,000300,600183,生益科技,a,cn
2022-08-31,000300,600188,兖矿能源,a,cn
2022-08-31,000300,600196,复星医药,a,cn
2022-08-31,000300,600219,南山铝业,a,cn
2022-08-31,000300,600276,恒瑞医药,a,cn
2022-08-31,000300,600309,万华化学,a,cn
2022-08-31,000300,600332,白云山,a,cn
2022-08-31,000300,600346,恒力石化,a,cn
2022-08-31,000300,600352,浙江龙盛,a,cn
2022-08-31,000300,600362,江西铜业,a,cn
2022-08-31,000300,600383,金地集团,a,cn
2022-08-31,000300,600406,国电南瑞,a,cn
2022-08-31,000300,600426,华鲁恒升,a,cn
2022-08-31,000300,600436,片仔癀,a,cn
2022-08-31,000300,600438,通威股份,a,cn
2022-08-31,000300,600460,士兰微,a,cn
2022-08-31,000300,600489,中金黄金,a,cn
2022-08-31,000300,600519,贵州茅台,a,cn
2022-08-31,000300,600547,山东黄金,a,cn
2022-08-31,000300,600570,恒生电子,a,cn
2022-08-31,000300,600584,长电科技,a,cn
2022-08-31,000300,600585,海螺水泥,a,cn
2022-08-31,000300,600588,用友网络,a,cn
2022-08-31,000300,600600,青岛啤酒,a,cn
2022-08-31,000300,600606,绿地控股,a,cn
2022-08-31,000300,600655,豫园股份,a,cn
2022-08-31,000300,600660,福耀玻璃,a,cn
2022-08-31,000300,600690,海尔智家,a,cn
2022-08-31,000300,600741,华域汽车,a,cn
2022-08-31,000300,600745,*ST闻泰,a,cn
2022-08-31,000300,600760,中航沈飞,a,cn
2022-08-31,000300,600763,通策医疗,a,cn
2022-08-31,000300,600795,国电电力,a,cn
2022-08-31,000300,600809,山西汾酒,a,cn
2022-08-31,000300,600837,海通证券,a,cn
2022-08-31,000300,600845,宝信软件,a,cn
2022-08-31,000300,600886,国投电力,a,cn
2022-08-31,000300,600887,伊利股份,a,cn
2022-08-31,000300,600893,航发动力,a,cn
2022-08-31,000300,600900,长江电力,a,cn
2022-08-31,000300,600905,三峡能源,a,cn
2022-08-31,000300,600918,中泰证券,a,cn
2022-08-31,000300,600919,江苏银行,a,cn
2022-08-31,000300,600926,杭州银行,a,cn
2022-08-31,000300,600941,中国移动,a,cn
2022-08-31,000300,600958,东方证券,a,cn
2022-08-31,000300,600989,宝丰能源,a,cn
2022-08-31,000300,600999,招商证券,a,cn
2022-08-31,000300,601006,大秦铁路,a,cn
2022-08-31,000300,601009,南京银行,a,cn
2022-08-31,000300,601012,隆基绿能,a,cn
2022-08-31,000300,601021,春秋航空,a,cn
2022-08-31,000300,601066,中信建投,a,cn
2022-08-31,000300,601088,中国神华,a,cn
2022-08-31,000300,601100,恒立液压,a,cn
2022-08-31,000300,601111,中国国航,a,cn
2022-08-31,000300,601117,中国化学,a,cn
2022-08-31,000300,601138,工业富联,a,cn
2022-08-31,000300,601155,新城控股,a,cn
2022-08-31,000300,601166,兴业银行,a,cn
2022-08-31,000300,601169,北京银行,a,cn
2022-08-31,000300,601186,中国铁建,a,cn
2022-08-31,000300,601211,国泰海通,a,cn
2022-08-31,000300,601216,君正集团,a,cn
2022-08-31,000300,601225,陕西煤业,a,cn
2022-08-31,000300,601229,上海银行,a,cn
2022-08-31,000300,601236,红塔证券,a,cn
2022-08-31,000300,601238,广汽集团,a,cn
2022-08-31,000300,601288,农业银行,a,cn
2022-08-31,000300,601318,中国平安,a,cn
2022-08-31,000300,601319,中国人保,a,cn
2022-08-31,000300,601328,交通银行,a,cn
2022-08-31,000300,601336,新华保险,a,cn
2022-08-31,000300,601360,三六零,a,cn
2022-08-31,000300,601377,兴业证券,a,cn
2022-08-31,000300,601390,中国中铁,a,cn
2022-08-31,000300,601398,工商银行,a,cn
2022-08-31,000300,601600,中国铝业,a,cn
2022-08-31,000300,601601,中国太保,a,cn
2022-08-31,000300,601618,中国中冶,a,cn
2022-08-31,000300,601628,中国人寿,a,cn
2022-08-31,000300,601633,长城汽车,a,cn
2022-08-31,000300,601658,邮储银行,a,cn
2022-08-31,000300,601668,中国建筑,a,cn
2022-08-31,000300,601669,中国电建,a,cn
2022-08-31,000300,601688,华泰证券,a,cn
2022-08-31,000300,601698,中国卫通,a,cn
2022-08-31,000300,601728,中国电信,a,cn
2022-08-31,000300,601766,中国中车,a,cn
2022-08-31,000300,601788,光大证券,a,cn
2022-08-31,000300,601799,星宇股份,a,cn
2022-08-31,000300,601800,中国交建,a,cn
2022-08-31,000300,601808,中海油服,a,cn
2022-08-31,000300,601816,京沪高铁,a,cn
2022-08-31,000300,601818,光大银行,a,cn
2022-08-31,000300,601825,沪农商行,a,cn
2022-08-31,000300,601838,成都银行,a,cn
2022-08-31,000300,601857,中国石油,a,cn
2022-08-31,000300,601865,福莱特,a,cn
2022-08-31,000300,601868,中国能建,a,cn
2022-08-31,000300,601877,正泰电器,a,cn
2022-08-31,000300,601878,浙商证券,a,cn
2022-08-31,000300,601881,中国银河,a,cn
2022-08-31,000300,601888,中国中免,a,cn
2022-08-31,000300,601898,中煤能源,a,cn
2022-08-31,000300,601899,紫金矿业,a,cn
2022-08-31,000300,601901,方正证券,a,cn
2022-08-31,000300,601916,浙商银行,a,cn
2022-08-31,000300,601919,中远海控,a,cn
2022-08-31,000300,601939,建设银行,a,cn
2022-08-31,000300,601966,玲珑轮胎,a,cn
2022-08-31,000300,601985,中国核电,a,cn
2022-08-31,000300,601988,中国银行,a,cn
2022-08-31,000300,601989,中国重工,a,cn
2022-08-31,000300,601995,中金公司,a,cn
2022-08-31,000300,601998,中信银行,a,cn
2022-08-31,000300,603019,中科曙光,a,cn
2022-08-31,000300,603087,甘李药业,a,cn
2022-08-31,000300,603160,汇顶科技,a,cn
2022-08-31,000300,603185,弘元绿能,a,cn
2022-08-31,000300,603195,公牛集团,a,cn
2022-08-31,000300,603259,药明康德,a,cn
2022-08-31,000300,603260,合盛硅业,a,cn
2022-08-31,000300,603288,海天味业,a,cn
2022-08-31,000300,603290,斯达半导,a,cn
2022-08-31,000300,603369,今世缘,a,cn
2022-08-31,000300,603392,万泰生物,a,cn
2022-08-31,000300,603486,科沃斯,a,cn
2022-08-31,000300,603501,豪威集团,a,cn
2022-08-31,000300,603659,璞泰来,a,cn
2022-08-31,000300,603799,华友钴业,a,cn
2022-08-31,000300,603806,福斯特,a,cn
2022-08-31,000300,603833,欧派家居,a,cn
2022-08-31,000300,603882,金域医学,a,cn
2022-08-31,000300,603899,晨光股份,a,cn
2022-08-31,000300,603986,兆易创新,a,cn
2022-08-31,000300,603993,洛阳钼业,a,cn
2022-08-31,000300,605499,东鹏饮料,a,cn
2022-08-31,000300,688005,容百科技,a,cn
2022-08-31,000300,688008,澜起科技,a,cn
2022-08-31,000300,688012,中微公司,a,cn
2022-08-31,000300,688036,传音控股,a,cn
2022-08-31,000300,688065,凯赛生物,a,cn
2022-08-31,000300,688111,金山办公,a,cn
2022-08-31,000300,688126,沪硅产业,a,cn
2022-08-31,000300,688169,石头科技,a,cn
2022-08-31,000300,688363,华熙生物,a,cn
2022-08-31,000300,688396,华润微,a,cn
2022-08-31,000300,688561,奇安信,a,cn
2022-08-31,000300,688599,天合光能,a,cn
2022-08-31,000300,688981,中芯国际,a,cn
2022-09-30,000300,000001,平安银行,a,cn
2022-09-30,000300,000002,万科A,a,cn
2022-09-30,000300,000063,中兴通讯,a,cn
2022-09-30,000300,000066,中国长城,a,cn
2022-09-30,000300,000069,华侨城A,a,cn
2022-09-30,000300,000100,TCL科技,a,cn
2022-09-30,000300,000157,中联重科,a,cn
2022-09-30,000300,000166,申万宏源,a,cn
2022-09-30,000300,000301,东方盛虹,a,cn
2022-09-30,000300,000333,美的集团,a,cn
2022-09-30,000300,000338,潍柴动力,a,cn
2022-09-30,000300,000408,藏格矿业,a,cn
2022-09-30,000300,000425,徐工机械,a,cn
2022-09-30,000300,000538,云南白药,a,cn
2022-09-30,000300,000568,泸州老窖,a,cn
2022-09-30,000300,000596,古井贡酒,a,cn
2022-09-30,000300,000625,长安汽车,a,cn
2022-09-30,000300,000651,格力电器,a,cn
2022-09-30,000300,000661,长春高新,a,cn
2022-09-30,000300,000703,恒逸石化,a,cn
2022-09-30,000300,000708,中信特钢,a,cn
2022-09-30,000300,000725,京东方A,a,cn
2022-09-30,000300,000768,中航西飞,a,cn
2022-09-30,000300,000776,广发证券,a,cn
2022-09-30,000300,000786,北新建材,a,cn
2022-09-30,000300,000792,盐湖股份,a,cn
2022-09-30,000300,000800,一汽解放,a,cn
2022-09-30,000300,000858,五粮液,a,cn
2022-09-30,000300,000876,新希望,a,cn
2022-09-30,000300,000877,天山股份,a,cn
2022-09-30,000300,000895,双汇发展,a,cn
2022-09-30,000300,000938,紫光股份,a,cn
2022-09-30,000300,000963,华东医药,a,cn
2022-09-30,000300,000977,浪潮信息,a,cn
2022-09-30,000300,001289,龙源电力,a,cn
2022-09-30,000300,001979,招商蛇口,a,cn
2022-09-30,000300,002001,新和成,a,cn
2022-09-30,000300,002007,华兰生物,a,cn
2022-09-30,000300,002008,大族激光,a,cn
2022-09-30,000300,002027,分众传媒,a,cn
2022-09-30,000300,002032,苏泊尔,a,cn
2022-09-30,000300,002049,紫光国微,a,cn
2022-09-30,000300,002050,三花智控,a,cn
2022-09-30,000300,002064,华峰化学,a,cn
2022-09-30,000300,002074,国轩高科,a,cn
2022-09-30,000300,002120,韵达股份,a,cn
2022-09-30,000300,002129,TCL中环,a,cn
2022-09-30,000300,002142,宁波银行,a,cn
2022-09-30,000300,002179,中航光电,a,cn
2022-09-30,000300,002202,金风科技,a,cn
2022-09-30,000300,002230,科大讯飞,a,cn
2022-09-30,000300,002236,大华股份,a,cn
2022-09-30,000300,002241,歌尔股份,a,cn
2022-09-30,000300,002252,上海莱士,a,cn
2022-09-30,000300,002271,东方雨虹,a,cn
2022-09-30,000300,002304,洋河股份,a,cn
2022-09-30,000300,002311,海大集团,a,cn
2022-09-30,000300,002352,顺丰控股,a,cn
2022-09-30,000300,002371,北方华创,a,cn
2022-09-30,000300,002410,广联达,a,cn
2022-09-30,000300,002414,高德红外,a,cn
2022-09-30,000300,002415,海康威视,a,cn
2022-09-30,000300,002459,晶澳科技,a,cn
2022-09-30,000300,002460,赣锋锂业,a,cn
2022-09-30,000300,002466,天齐锂业,a,cn
2022-09-30,000300,002475,立讯精密,a,cn
2022-09-30,000300,002493,荣盛石化,a,cn
2022-09-30,000300,002555,三七互娱,a,cn
2022-09-30,000300,002568,百润股份,a,cn
2022-09-30,000300,002594,比亚迪,a,cn
2022-09-30,000300,002600,领益智造,a,cn
2022-09-30,000300,002601,龙佰集团,a,cn
2022-09-30,000300,002602,世纪华通,a,cn
2022-09-30,000300,002607,中公教育,a,cn
2022-09-30,000300,002648,卫星化学,a,cn
2022-09-30,000300,002709,天赐材料,a,cn
2022-09-30,000300,002714,牧原股份,a,cn
2022-09-30,000300,002736,国信证券,a,cn
2022-09-30,000300,002791,坚朗五金,a,cn
2022-09-30,000300,002812,恩捷股份,a,cn
2022-09-30,000300,002821,凯莱英,a,cn
2022-09-30,000300,002841,视源股份,a,cn
2022-09-30,000300,002916,深南电路,a,cn
2022-09-30,000300,002920,德赛西威,a,cn
2022-09-30,000300,002938,鹏鼎控股,a,cn
2022-09-30,000300,003816,中国广核,a,cn
2022-09-30,000300,300003,乐普医疗,a,cn
2022-09-30,000300,300014,亿纬锂能,a,cn
2022-09-30,000300,300015,爱尔眼科,a,cn
2022-09-30,000300,300033,同花顺,a,cn
2022-09-30,000300,300059,东方财富,a,cn
2022-09-30,000300,300122,智飞生物,a,cn
2022-09-30,000300,300124,汇川技术,a,cn
2022-09-30,000300,300142,沃森生物,a,cn
2022-09-30,000300,300207,欣旺达,a,cn
2022-09-30,000300,300223,北京君正,a,cn
2022-09-30,000300,300274,阳光电源,a,cn
2022-09-30,000300,300316,晶盛机电,a,cn
2022-09-30,000300,300347,泰格医药,a,cn
2022-09-30,000300,300408,三环集团,a,cn
2022-09-30,000300,300413,芒果超媒,a,cn
2022-09-30,000300,300433,蓝思科技,a,cn
2022-09-30,000300,300450,先导智能,a,cn
2022-09-30,000300,300454,深信服,a,cn
2022-09-30,000300,300496,中科创达,a,cn
2022-09-30,000300,300498,温氏股份,a,cn
2022-09-30,000300,300529,健帆生物,a,cn
2022-09-30,000300,300595,欧普康视,a,cn
2022-09-30,000300,300601,康泰生物,a,cn
2022-09-30,000300,300628,亿联网络,a,cn
2022-09-30,000300,300661,圣邦股份,a,cn
2022-09-30,000300,300750,宁德时代,a,cn
2022-09-30,000300,300751,迈为股份,a,cn
2022-09-30,000300,300759,康龙化成,a,cn
2022-09-30,000300,300760,迈瑞医疗,a,cn
2022-09-30,000300,300763,锦浪科技,a,cn
2022-09-30,000300,300782,卓胜微,a,cn
2022-09-30,000300,300866,安克创新,a,cn
2022-09-30,000300,300896,爱美客,a,cn
2022-09-30,000300,300919,中伟新材,a,cn
2022-09-30,000300,300957,贝泰妮,a,cn
2022-09-30,000300,300979,华利集团,a,cn
2022-09-30,000300,300999,金龙鱼,a,cn
2022-09-30,000300,600000,浦发银行,a,cn
2022-09-30,000300,600009,上海机场,a,cn
2022-09-30,000300,600010,包钢股份,a,cn
2022-09-30,000300,600011,华能国际,a,cn
2022-09-30,000300,600015,华夏银行,a,cn
2022-09-30,000300,600016,民生银行,a,cn
2022-09-30,000300,600018,上港集团,a,cn
2022-09-30,000300,600019,宝钢股份,a,cn
2022-09-30,000300,600025,华能水电,a,cn
2022-09-30,000300,600028,中国石化,a,cn
2022-09-30,000300,600029,南方航空,a,cn
2022-09-30,000300,600030,中信证券,a,cn
2022-09-30,000300,600031,三一重工,a,cn
2022-09-30,000300,600036,招商银行,a,cn
2022-09-30,000300,600048,保利发展,a,cn
2022-09-30,000300,600050,中国联通,a,cn
2022-09-30,000300,600061,国投资本,a,cn
2022-09-30,000300,600085,同仁堂,a,cn
2022-09-30,000300,600089,特变电工,a,cn
2022-09-30,000300,600104,上汽集团,a,cn
2022-09-30,000300,600111,北方稀土,a,cn
2022-09-30,000300,600115,中国东航,a,cn
2022-09-30,000300,600132,重庆啤酒,a,cn
2022-09-30,000300,600150,中国船舶,a,cn
2022-09-30,000300,600161,天坛生物,a,cn
2022-09-30,000300,600176,中国巨石,a,cn
2022-09-30,000300,600183,生益科技,a,cn
2022-09-30,000300,600188,兖矿能源,a,cn
2022-09-30,000300,600196,复星医药,a,cn
2022-09-30,000300,600219,南山铝业,a,cn
2022-09-30,000300,600276,恒瑞医药,a,cn
2022-09-30,000300,600309,万华化学,a,cn
2022-09-30,000300,600332,白云山,a,cn
2022-09-30,000300,600346,恒力石化,a,cn
2022-09-30,000300,600352,浙江龙盛,a,cn
2022-09-30,000300,600362,江西铜业,a,cn
2022-09-30,000300,600383,金地集团,a,cn
2022-09-30,000300,600406,国电南瑞,a,cn
2022-09-30,000300,600426,华鲁恒升,a,cn
2022-09-30,000300,600436,片仔癀,a,cn
2022-09-30,000300,600438,通威股份,a,cn
2022-09-30,000300,600460,士兰微,a,cn
2022-09-30,000300,600489,中金黄金,a,cn
2022-09-30,000300,600519,贵州茅台,a,cn
2022-09-30,000300,600547,山东黄金,a,cn
2022-09-30,000300,600570,恒生电子,a,cn
2022-09-30,000300,600584,长电科技,a,cn
2022-09-30,000300,600585,海螺水泥,a,cn
2022-09-30,000300,600588,用友网络,a,cn
2022-09-30,000300,600600,青岛啤酒,a,cn
2022-09-30,000300,600606,绿地控股,a,cn
2022-09-30,000300,600655,豫园股份,a,cn
2022-09-30,000300,600660,福耀玻璃,a,cn
2022-09-30,000300,600690,海尔智家,a,cn
2022-09-30,000300,600741,华域汽车,a,cn
2022-09-30,000300,600745,*ST闻泰,a,cn
2022-09-30,000300,600760,中航沈飞,a,cn
2022-09-30,000300,600763,通策医疗,a,cn
2022-09-30,000300,600795,国电电力,a,cn
2022-09-30,000300,600809,山西汾酒,a,cn
2022-09-30,000300,600837,海通证券,a,cn
2022-09-30,000300,600845,宝信软件,a,cn
2022-09-30,000300,600886,国投电力,a,cn
2022-09-30,000300,600887,伊利股份,a,cn
2022-09-30,000300,600893,航发动力,a,cn
2022-09-30,000300,600900,长江电力,a,cn
2022-09-30,000300,600905,三峡能源,a,cn
2022-09-30,000300,600918,中泰证券,a,cn
2022-09-30,000300,600919,江苏银行,a,cn
2022-09-30,000300,600926,杭州银行,a,cn
2022-09-30,000300,600941,中国移动,a,cn
2022-09-30,000300,600958,东方证券,a,cn
2022-09-30,000300,600989,宝丰能源,a,cn
2022-09-30,000300,600999,招商证券,a,cn
2022-09-30,000300,601006,大秦铁路,a,cn
2022-09-30,000300,601009,南京银行,a,cn
2022-09-30,000300,601012,隆基绿能,a,cn
2022-09-30,000300,601021,春秋航空,a,cn
2022-09-30,000300,601066,中信建投,a,cn
2022-09-30,000300,601088,中国神华,a,cn
2022-09-30,000300,601100,恒立液压,a,cn
2022-09-30,000300,601111,中国国航,a,cn
2022-09-30,000300,601117,中国化学,a,cn
2022-09-30,000300,601138,工业富联,a,cn
2022-09-30,000300,601155,新城控股,a,cn
2022-09-30,000300,601166,兴业银行,a,cn
2022-09-30,000300,601169,北京银行,a,cn
2022-09-30,000300,601186,中国铁建,a,cn
2022-09-30,000300,601211,国泰海通,a,cn
2022-09-30,000300,601216,君正集团,a,cn
2022-09-30,000300,601225,陕西煤业,a,cn
2022-09-30,000300,601229,上海银行,a,cn
2022-09-30,000300,601236,红塔证券,a,cn
2022-09-30,000300,601238,广汽集团,a,cn
2022-09-30,000300,601288,农业银行,a,cn
2022-09-30,000300,601318,中国平安,a,cn
2022-09-30,000300,601319,中国人保,a,cn
2022-09-30,000300,601328,交通银行,a,cn
2022-09-30,000300,601336,新华保险,a,cn
2022-09-30,000300,601360,三六零,a,cn
2022-09-30,000300,601377,兴业证券,a,cn
2022-09-30,000300,601390,中国中铁,a,cn
2022-09-30,000300,601398,工商银行,a,cn
2022-09-30,000300,601600,中国铝业,a,cn
2022-09-30,000300,601601,中国太保,a,cn
2022-09-30,000300,601618,中国中冶,a,cn
2022-09-30,000300,601628,中国人寿,a,cn
2022-09-30,000300,601633,长城汽车,a,cn
2022-09-30,000300,601658,邮储银行,a,cn
2022-09-30,000300,601668,中国建筑,a,cn
2022-09-30,000300,601669,中国电建,a,cn
2022-09-30,000300,601688,华泰证券,a,cn
2022-09-30,000300,601698,中国卫通,a,cn
2022-09-30,000300,601728,中国电信,a,cn
2022-09-30,000300,601766,中国中车,a,cn
2022-09-30,000300,601788,光大证券,a,cn
2022-09-30,000300,601799,星宇股份,a,cn
2022-09-30,000300,601800,中国交建,a,cn
2022-09-30,000300,601808,中海油服,a,cn
2022-09-30,000300,601816,京沪高铁,a,cn
2022-09-30,000300,601818,光大银行,a,cn
2022-09-30,000300,601825,沪农商行,a,cn
2022-09-30,000300,601838,成都银行,a,cn
2022-09-30,000300,601857,中国石油,a,cn
2022-09-30,000300,601865,福莱特,a,cn
2022-09-30,000300,601868,中国能建,a,cn
2022-09-30,000300,601877,正泰电器,a,cn
2022-09-30,000300,601878,浙商证券,a,cn
2022-09-30,000300,601881,中国银河,a,cn
2022-09-30,000300,601888,中国中免,a,cn
2022-09-30,000300,601898,中煤能源,a,cn
2022-09-30,000300,601899,紫金矿业,a,cn
2022-09-30,000300,601901,方正证券,a,cn
2022-09-30,000300,601916,浙商银行,a,cn
2022-09-30,000300,601919,中远海控,a,cn
2022-09-30,000300,601939,建设银行,a,cn
2022-09-30,000300,601966,玲珑轮胎,a,cn
2022-09-30,000300,601985,中国核电,a,cn
2022-09-30,000300,601988,中国银行,a,cn
2022-09-30,000300,601989,中国重工,a,cn
2022-09-30,000300,601995,中金公司,a,cn
2022-09-30,000300,601998,中信银行,a,cn
2022-09-30,000300,603019,中科曙光,a,cn
2022-09-30,000300,603087,甘李药业,a,cn
2022-09-30,000300,603160,汇顶科技,a,cn
2022-09-30,000300,603185,弘元绿能,a,cn
2022-09-30,000300,603195,公牛集团,a,cn
2022-09-30,000300,603259,药明康德,a,cn
2022-09-30,000300,603260,合盛硅业,a,cn
2022-09-30,000300,603288,海天味业,a,cn
2022-09-30,000300,603290,斯达半导,a,cn
2022-09-30,000300,603369,今世缘,a,cn
2022-09-30,000300,603392,万泰生物,a,cn
2022-09-30,000300,603486,科沃斯,a,cn
2022-09-30,000300,603501,豪威集团,a,cn
2022-09-30,000300,603659,璞泰来,a,cn
2022-09-30,000300,603799,华友钴业,a,cn
2022-09-30,000300,603806,福斯特,a,cn
2022-09-30,000300,603833,欧派家居,a,cn
2022-09-30,000300,603882,金域医学,a,cn
2022-09-30,000300,603899,晨光股份,a,cn
2022-09-30,000300,603986,兆易创新,a,cn
2022-09-30,000300,603993,洛阳钼业,a,cn
2022-09-30,000300,605499,东鹏饮料,a,cn
2022-09-30,000300,688005,容百科技,a,cn
2022-09-30,000300,688008,澜起科技,a,cn
2022-09-30,000300,688012,中微公司,a,cn
2022-09-30,000300,688036,传音控股,a,cn
2022-09-30,000300,688065,凯赛生物,a,cn
2022-09-30,000300,688111,金山办公,a,cn
2022-09-30,000300,688126,沪硅产业,a,cn
2022-09-30,000300,688169,石头科技,a,cn
2022-09-30,000300,688363,华熙生物,a,cn
2022-09-30,000300,688396,华润微,a,cn
2022-09-30,000300,688561,奇安信,a,cn
2022-09-30,000300,688599,天合光能,a,cn
2022-09-30,000300,688981,中芯国际,a,cn
2022-10-31,000300,000001,平安银行,a,cn
2022-10-31,000300,000002,万科A,a,cn
2022-10-31,000300,000063,中兴通讯,a,cn
2022-10-31,000300,000066,中国长城,a,cn
2022-10-31,000300,000069,华侨城A,a,cn
2022-10-31,000300,000100,TCL科技,a,cn
2022-10-31,000300,000157,中联重科,a,cn
2022-10-31,000300,000166,申万宏源,a,cn
2022-10-31,000300,000301,东方盛虹,a,cn
2022-10-31,000300,000333,美的集团,a,cn
2022-10-31,000300,000338,潍柴动力,a,cn
2022-10-31,000300,000408,藏格矿业,a,cn
2022-10-31,000300,000425,徐工机械,a,cn
2022-10-31,000300,000538,云南白药,a,cn
2022-10-31,000300,000568,泸州老窖,a,cn
2022-10-31,000300,000596,古井贡酒,a,cn
2022-10-31,000300,000625,长安汽车,a,cn
2022-10-31,000300,000651,格力电器,a,cn
2022-10-31,000300,000661,长春高新,a,cn
2022-10-31,000300,000703,恒逸石化,a,cn
2022-10-31,000300,000708,中信特钢,a,cn
2022-10-31,000300,000725,京东方A,a,cn
2022-10-31,000300,000768,中航西飞,a,cn
2022-10-31,000300,000776,广发证券,a,cn
2022-10-31,000300,000786,北新建材,a,cn
2022-10-31,000300,000792,盐湖股份,a,cn
2022-10-31,000300,000800,一汽解放,a,cn
2022-10-31,000300,000858,五粮液,a,cn
2022-10-31,000300,000876,新希望,a,cn
2022-10-31,000300,000877,天山股份,a,cn
2022-10-31,000300,000895,双汇发展,a,cn
2022-10-31,000300,000938,紫光股份,a,cn
2022-10-31,000300,000963,华东医药,a,cn
2022-10-31,000300,000977,浪潮信息,a,cn
2022-10-31,000300,001289,龙源电力,a,cn
2022-10-31,000300,001979,招商蛇口,a,cn
2022-10-31,000300,002001,新和成,a,cn
2022-10-31,000300,002007,华兰生物,a,cn
2022-10-31,000300,002008,大族激光,a,cn
2022-10-31,000300,002027,分众传媒,a,cn
2022-10-31,000300,002032,苏泊尔,a,cn
2022-10-31,000300,002049,紫光国微,a,cn
2022-10-31,000300,002050,三花智控,a,cn
2022-10-31,000300,002064,华峰化学,a,cn
2022-10-31,000300,002074,国轩高科,a,cn
2022-10-31,000300,002120,韵达股份,a,cn
2022-10-31,000300,002129,TCL中环,a,cn
2022-10-31,000300,002142,宁波银行,a,cn
2022-10-31,000300,002179,中航光电,a,cn
2022-10-31,000300,002202,金风科技,a,cn
2022-10-31,000300,002230,科大讯飞,a,cn
2022-10-31,000300,002236,大华股份,a,cn
2022-10-31,000300,002241,歌尔股份,a,cn
2022-10-31,000300,002252,上海莱士,a,cn
2022-10-31,000300,002271,东方雨虹,a,cn
2022-10-31,000300,002304,洋河股份,a,cn
2022-10-31,000300,002311,海大集团,a,cn
2022-10-31,000300,002352,顺丰控股,a,cn
2022-10-31,000300,002371,北方华创,a,cn
2022-10-31,000300,002410,广联达,a,cn
2022-10-31,000300,002414,高德红外,a,cn
2022-10-31,000300,002415,海康威视,a,cn
2022-10-31,000300,002459,晶澳科技,a,cn
2022-10-31,000300,002460,赣锋锂业,a,cn
2022-10-31,000300,002466,天齐锂业,a,cn
2022-10-31,000300,002475,立讯精密,a,cn
2022-10-31,000300,002493,荣盛石化,a,cn
2022-10-31,000300,002555,三七互娱,a,cn
2022-10-31,000300,002568,百润股份,a,cn
2022-10-31,000300,002594,比亚迪,a,cn
2022-10-31,000300,002600,领益智造,a,cn
2022-10-31,000300,002601,龙佰集团,a,cn
2022-10-31,000300,002602,世纪华通,a,cn
2022-10-31,000300,002607,中公教育,a,cn
2022-10-31,000300,002648,卫星化学,a,cn
2022-10-31,000300,002709,天赐材料,a,cn
2022-10-31,000300,002714,牧原股份,a,cn
2022-10-31,000300,002736,国信证券,a,cn
2022-10-31,000300,002791,坚朗五金,a,cn
2022-10-31,000300,002812,恩捷股份,a,cn
2022-10-31,000300,002821,凯莱英,a,cn
2022-10-31,000300,002841,视源股份,a,cn
2022-10-31,000300,002916,深南电路,a,cn
2022-10-31,000300,002920,德赛西威,a,cn
2022-10-31,000300,002938,鹏鼎控股,a,cn
2022-10-31,000300,003816,中国广核,a,cn
2022-10-31,000300,300003,乐普医疗,a,cn
2022-10-31,000300,300014,亿纬锂能,a,cn
2022-10-31,000300,300015,爱尔眼科,a,cn
2022-10-31,000300,300033,同花顺,a,cn
2022-10-31,000300,300059,东方财富,a,cn
2022-10-31,000300,300122,智飞生物,a,cn
2022-10-31,000300,300124,汇川技术,a,cn
2022-10-31,000300,300142,沃森生物,a,cn
2022-10-31,000300,300207,欣旺达,a,cn
2022-10-31,000300,300223,北京君正,a,cn
2022-10-31,000300,300274,阳光电源,a,cn
2022-10-31,000300,300316,晶盛机电,a,cn
2022-10-31,000300,300347,泰格医药,a,cn
2022-10-31,000300,300408,三环集团,a,cn
2022-10-31,000300,300413,芒果超媒,a,cn
2022-10-31,000300,300433,蓝思科技,a,cn
2022-10-31,000300,300450,先导智能,a,cn
2022-10-31,000300,300454,深信服,a,cn
2022-10-31,000300,300496,中科创达,a,cn
2022-10-31,000300,300498,温氏股份,a,cn
2022-10-31,000300,300529,健帆生物,a,cn
2022-10-31,000300,300595,欧普康视,a,cn
2022-10-31,000300,300601,康泰生物,a,cn
2022-10-31,000300,300628,亿联网络,a,cn
2022-10-31,000300,300661,圣邦股份,a,cn
2022-10-31,000300,300750,宁德时代,a,cn
2022-10-31,000300,300751,迈为股份,a,cn
2022-10-31,000300,300759,康龙化成,a,cn
2022-10-31,000300,300760,迈瑞医疗,a,cn
2022-10-31,000300,300763,锦浪科技,a,cn
2022-10-31,000300,300782,卓胜微,a,cn
2022-10-31,000300,300866,安克创新,a,cn
2022-10-31,000300,300896,爱美客,a,cn
2022-10-31,000300,300919,中伟新材,a,cn
2022-10-31,000300,300957,贝泰妮,a,cn
2022-10-31,000300,300979,华利集团,a,cn
2022-10-31,000300,300999,金龙鱼,a,cn
2022-10-31,000300,600000,浦发银行,a,cn
2022-10-31,000300,600009,上海机场,a,cn
2022-10-31,000300,600010,包钢股份,a,cn
2022-10-31,000300,600011,华能国际,a,cn
2022-10-31,000300,600015,华夏银行,a,cn
2022-10-31,000300,600016,民生银行,a,cn
2022-10-31,000300,600018,上港集团,a,cn
2022-10-31,000300,600019,宝钢股份,a,cn
2022-10-31,000300,600025,华能水电,a,cn
2022-10-31,000300,600028,中国石化,a,cn
2022-10-31,000300,600029,南方航空,a,cn
2022-10-31,000300,600030,中信证券,a,cn
2022-10-31,000300,600031,三一重工,a,cn
2022-10-31,000300,600036,招商银行,a,cn
2022-10-31,000300,600048,保利发展,a,cn
2022-10-31,000300,600050,中国联通,a,cn
2022-10-31,000300,600061,国投资本,a,cn
2022-10-31,000300,600085,同仁堂,a,cn
2022-10-31,000300,600089,特变电工,a,cn
2022-10-31,000300,600104,上汽集团,a,cn
2022-10-31,000300,600111,北方稀土,a,cn
2022-10-31,000300,600115,中国东航,a,cn
2022-10-31,000300,600132,重庆啤酒,a,cn
2022-10-31,000300,600150,中国船舶,a,cn
2022-10-31,000300,600161,天坛生物,a,cn
2022-10-31,000300,600176,中国巨石,a,cn
2022-10-31,000300,600183,生益科技,a,cn
2022-10-31,000300,600188,兖矿能源,a,cn
2022-10-31,000300,600196,复星医药,a,cn
2022-10-31,000300,600219,南山铝业,a,cn
2022-10-31,000300,600276,恒瑞医药,a,cn
2022-10-31,000300,600309,万华化学,a,cn
2022-10-31,000300,600332,白云山,a,cn
2022-10-31,000300,600346,恒力石化,a,cn
2022-10-31,000300,600352,浙江龙盛,a,cn
2022-10-31,000300,600362,江西铜业,a,cn
2022-10-31,000300,600383,金地集团,a,cn
2022-10-31,000300,600406,国电南瑞,a,cn
2022-10-31,000300,600426,华鲁恒升,a,cn
2022-10-31,000300,600436,片仔癀,a,cn
2022-10-31,000300,600438,通威股份,a,cn
2022-10-31,000300,600460,士兰微,a,cn
2022-10-31,000300,600489,中金黄金,a,cn
2022-10-31,000300,600519,贵州茅台,a,cn
2022-10-31,000300,600547,山东黄金,a,cn
2022-10-31,000300,600570,恒生电子,a,cn
2022-10-31,000300,600584,长电科技,a,cn
2022-10-31,000300,600585,海螺水泥,a,cn
2022-10-31,000300,600588,用友网络,a,cn
2022-10-31,000300,600600,青岛啤酒,a,cn
2022-10-31,000300,600606,绿地控股,a,cn
2022-10-31,000300,600655,豫园股份,a,cn
2022-10-31,000300,600660,福耀玻璃,a,cn
2022-10-31,000300,600690,海尔智家,a,cn
2022-10-31,000300,600741,华域汽车,a,cn
2022-10-31,000300,600745,*ST闻泰,a,cn
2022-10-31,000300,600760,中航沈飞,a,cn
2022-10-31,000300,600763,通策医疗,a,cn
2022-10-31,000300,600795,国电电力,a,cn
2022-10-31,000300,600809,山西汾酒,a,cn
2022-10-31,000300,600837,海通证券,a,cn
2022-10-31,000300,600845,宝信软件,a,cn
2022-10-31,000300,600886,国投电力,a,cn
2022-10-31,000300,600887,伊利股份,a,cn
2022-10-31,000300,600893,航发动力,a,cn
2022-10-31,000300,600900,长江电力,a,cn
2022-10-31,000300,600905,三峡能源,a,cn
2022-10-31,000300,600918,中泰证券,a,cn
2022-10-31,000300,600919,江苏银行,a,cn
2022-10-31,000300,600926,杭州银行,a,cn
2022-10-31,000300,600941,中国移动,a,cn
2022-10-31,000300,600958,东方证券,a,cn
2022-10-31,000300,600989,宝丰能源,a,cn
2022-10-31,000300,600999,招商证券,a,cn
2022-10-31,000300,601006,大秦铁路,a,cn
2022-10-31,000300,601009,南京银行,a,cn
2022-10-31,000300,601012,隆基绿能,a,cn
2022-10-31,000300,601021,春秋航空,a,cn
2022-10-31,000300,601066,中信建投,a,cn
2022-10-31,000300,601088,中国神华,a,cn
2022-10-31,000300,601100,恒立液压,a,cn
2022-10-31,000300,601111,中国国航,a,cn
2022-10-31,000300,601117,中国化学,a,cn
2022-10-31,000300,601138,工业富联,a,cn
2022-10-31,000300,601155,新城控股,a,cn
2022-10-31,000300,601166,兴业银行,a,cn
2022-10-31,000300,601169,北京银行,a,cn
2022-10-31,000300,601186,中国铁建,a,cn
2022-10-31,000300,601211,国泰海通,a,cn
2022-10-31,000300,601216,君正集团,a,cn
2022-10-31,000300,601225,陕西煤业,a,cn
2022-10-31,000300,601229,上海银行,a,cn
2022-10-31,000300,601236,红塔证券,a,cn
2022-10-31,000300,601238,广汽集团,a,cn
2022-10-31,000300,601288,农业银行,a,cn
2022-10-31,000300,601318,中国平安,a,cn
2022-10-31,000300,601319,中国人保,a,cn
2022-10-31,000300,601328,交通银行,a,cn
2022-10-31,000300,601336,新华保险,a,cn
2022-10-31,000300,601360,三六零,a,cn
2022-10-31,000300,601377,兴业证券,a,cn
2022-10-31,000300,601390,中国中铁,a,cn
2022-10-31,000300,601398,工商银行,a,cn
2022-10-31,000300,601600,中国铝业,a,cn
2022-10-31,000300,601601,中国太保,a,cn
2022-10-31,000300,601618,中国中冶,a,cn
2022-10-31,000300,601628,中国人寿,a,cn
2022-10-31,000300,601633,长城汽车,a,cn
2022-10-31,000300,601658,邮储银行,a,cn
2022-10-31,000300,601668,中国建筑,a,cn
2022-10-31,000300,601669,中国电建,a,cn
2022-10-31,000300,601688,华泰证券,a,cn
2022-10-31,000300,601698,中国卫通,a,cn
2022-10-31,000300,601728,中国电信,a,cn
2022-10-31,000300,601766,中国中车,a,cn
2022-10-31,000300,601788,光大证券,a,cn
2022-10-31,000300,601799,星宇股份,a,cn
2022-10-31,000300,601800,中国交建,a,cn
2022-10-31,000300,601808,中海油服,a,cn
2022-10-31,000300,601816,京沪高铁,a,cn
2022-10-31,000300,601818,光大银行,a,cn
2022-10-31,000300,601825,沪农商行,a,cn
2022-10-31,000300,601838,成都银行,a,cn
2022-10-31,000300,601857,中国石油,a,cn
2022-10-31,000300,601865,福莱特,a,cn
2022-10-31,000300,601868,中国能建,a,cn
2022-10-31,000300,601877,正泰电器,a,cn
2022-10-31,000300,601878,浙商证券,a,cn
2022-10-31,000300,601881,中国银河,a,cn
2022-10-31,000300,601888,中国中免,a,cn
2022-10-31,000300,601898,中煤能源,a,cn
2022-10-31,000300,601899,紫金矿业,a,cn
2022-10-31,000300,601901,方正证券,a,cn
2022-10-31,000300,601916,浙商银行,a,cn
2022-10-31,000300,601919,中远海控,a,cn
2022-10-31,000300,601939,建设银行,a,cn
2022-10-31,000300,601966,玲珑轮胎,a,cn
2022-10-31,000300,601985,中国核电,a,cn
2022-10-31,000300,601988,中国银行,a,cn
2022-10-31,000300,601989,中国重工,a,cn
2022-10-31,000300,601995,中金公司,a,cn
2022-10-31,000300,601998,中信银行,a,cn
2022-10-31,000300,603019,中科曙光,a,cn
2022-10-31,000300,603087,甘李药业,a,cn
2022-10-31,000300,603160,汇顶科技,a,cn
2022-10-31,000300,603185,弘元绿能,a,cn
2022-10-31,000300,603195,公牛集团,a,cn
2022-10-31,000300,603259,药明康德,a,cn
2022-10-31,000300,603260,合盛硅业,a,cn
2022-10-31,000300,603288,海天味业,a,cn
2022-10-31,000300,603290,斯达半导,a,cn
2022-10-31,000300,603369,今世缘,a,cn
2022-10-31,000300,603392,万泰生物,a,cn
2022-10-31,000300,603486,科沃斯,a,cn
2022-10-31,000300,603501,豪威集团,a,cn
2022-10-31,000300,603659,璞泰来,a,cn
2022-10-31,000300,603799,华友钴业,a,cn
2022-10-31,000300,603806,福斯特,a,cn
2022-10-31,000300,603833,欧派家居,a,cn
2022-10-31,000300,603882,金域医学,a,cn
2022-10-31,000300,603899,晨光股份,a,cn
2022-10-31,000300,603986,兆易创新,a,cn
2022-10-31,000300,603993,洛阳钼业,a,cn
2022-10-31,000300,605499,东鹏饮料,a,cn
2022-10-31,000300,688005,容百科技,a,cn
2022-10-31,000300,688008,澜起科技,a,cn
2022-10-31,000300,688012,中微公司,a,cn
2022-10-31,000300,688036,传音控股,a,cn
2022-10-31,000300,688065,凯赛生物,a,cn
2022-10-31,000300,688111,金山办公,a,cn
2022-10-31,000300,688126,沪硅产业,a,cn
2022-10-31,000300,688169,石头科技,a,cn
2022-10-31,000300,688363,华熙生物,a,cn
2022-10-31,000300,688396,华润微,a,cn
2022-10-31,000300,688561,奇安信,a,cn
2022-10-31,000300,688599,天合光能,a,cn
2022-10-31,000300,688981,中芯国际,a,cn
2022-11-30,000300,000001,平安银行,a,cn
2022-11-30,000300,000002,万科A,a,cn
2022-11-30,000300,000063,中兴通讯,a,cn
2022-11-30,000300,000066,中国长城,a,cn
2022-11-30,000300,000069,华侨城A,a,cn
2022-11-30,000300,000100,TCL科技,a,cn
2022-11-30,000300,000157,中联重科,a,cn
2022-11-30,000300,000166,申万宏源,a,cn
2022-11-30,000300,000301,东方盛虹,a,cn
2022-11-30,000300,000333,美的集团,a,cn
2022-11-30,000300,000338,潍柴动力,a,cn
2022-11-30,000300,000408,藏格矿业,a,cn
2022-11-30,000300,000425,徐工机械,a,cn
2022-11-30,000300,000538,云南白药,a,cn
2022-11-30,000300,000568,泸州老窖,a,cn
2022-11-30,000300,000596,古井贡酒,a,cn
2022-11-30,000300,000625,长安汽车,a,cn
2022-11-30,000300,000651,格力电器,a,cn
2022-11-30,000300,000661,长春高新,a,cn
2022-11-30,000300,000703,恒逸石化,a,cn
2022-11-30,000300,000708,中信特钢,a,cn
2022-11-30,000300,000725,京东方A,a,cn
2022-11-30,000300,000768,中航西飞,a,cn
2022-11-30,000300,000776,广发证券,a,cn
2022-11-30,000300,000786,北新建材,a,cn
2022-11-30,000300,000792,盐湖股份,a,cn
2022-11-30,000300,000800,一汽解放,a,cn
2022-11-30,000300,000858,五粮液,a,cn
2022-11-30,000300,000876,新希望,a,cn
2022-11-30,000300,000877,天山股份,a,cn
2022-11-30,000300,000895,双汇发展,a,cn
2022-11-30,000300,000938,紫光股份,a,cn
2022-11-30,000300,000963,华东医药,a,cn
2022-11-30,000300,000977,浪潮信息,a,cn
2022-11-30,000300,001289,龙源电力,a,cn
2022-11-30,000300,001979,招商蛇口,a,cn
2022-11-30,000300,002001,新和成,a,cn
2022-11-30,000300,002007,华兰生物,a,cn
2022-11-30,000300,002008,大族激光,a,cn
2022-11-30,000300,002027,分众传媒,a,cn
2022-11-30,000300,002032,苏泊尔,a,cn
2022-11-30,000300,002049,紫光国微,a,cn
2022-11-30,000300,002050,三花智控,a,cn
2022-11-30,000300,002064,华峰化学,a,cn
2022-11-30,000300,002074,国轩高科,a,cn
2022-11-30,000300,002120,韵达股份,a,cn
2022-11-30,000300,002129,TCL中环,a,cn
2022-11-30,000300,002142,宁波银行,a,cn
2022-11-30,000300,002179,中航光电,a,cn
2022-11-30,000300,002202,金风科技,a,cn
2022-11-30,000300,002230,科大讯飞,a,cn
2022-11-30,000300,002236,大华股份,a,cn
2022-11-30,000300,002241,歌尔股份,a,cn
2022-11-30,000300,002252,上海莱士,a,cn
2022-11-30,000300,002271,东方雨虹,a,cn
2022-11-30,000300,002304,洋河股份,a,cn
2022-11-30,000300,002311,海大集团,a,cn
2022-11-30,000300,002352,顺丰控股,a,cn
2022-11-30,000300,002371,北方华创,a,cn
2022-11-30,000300,002410,广联达,a,cn
2022-11-30,000300,002414,高德红外,a,cn
2022-11-30,000300,002415,海康威视,a,cn
2022-11-30,000300,002459,晶澳科技,a,cn
2022-11-30,000300,002460,赣锋锂业,a,cn
2022-11-30,000300,002466,天齐锂业,a,cn
2022-11-30,000300,002475,立讯精密,a,cn
2022-11-30,000300,002493,荣盛石化,a,cn
2022-11-30,000300,002555,三七互娱,a,cn
2022-11-30,000300,002568,百润股份,a,cn
2022-11-30,000300,002594,比亚迪,a,cn
2022-11-30,000300,002600,领益智造,a,cn
2022-11-30,000300,002601,龙佰集团,a,cn
2022-11-30,000300,002602,世纪华通,a,cn
2022-11-30,000300,002607,中公教育,a,cn
2022-11-30,000300,002648,卫星化学,a,cn
2022-11-30,000300,002709,天赐材料,a,cn
2022-11-30,000300,002714,牧原股份,a,cn
2022-11-30,000300,002736,国信证券,a,cn
2022-11-30,000300,002791,坚朗五金,a,cn
2022-11-30,000300,002812,恩捷股份,a,cn
2022-11-30,000300,002821,凯莱英,a,cn
2022-11-30,000300,002841,视源股份,a,cn
2022-11-30,000300,002916,深南电路,a,cn
2022-11-30,000300,002920,德赛西威,a,cn
2022-11-30,000300,002938,鹏鼎控股,a,cn
2022-11-30,000300,003816,中国广核,a,cn
2022-11-30,000300,300003,乐普医疗,a,cn
2022-11-30,000300,300014,亿纬锂能,a,cn
2022-11-30,000300,300015,爱尔眼科,a,cn
2022-11-30,000300,300033,同花顺,a,cn
2022-11-30,000300,300059,东方财富,a,cn
2022-11-30,000300,300122,智飞生物,a,cn
2022-11-30,000300,300124,汇川技术,a,cn
2022-11-30,000300,300142,沃森生物,a,cn
2022-11-30,000300,300207,欣旺达,a,cn
2022-11-30,000300,300223,北京君正,a,cn
2022-11-30,000300,300274,阳光电源,a,cn
2022-11-30,000300,300316,晶盛机电,a,cn
2022-11-30,000300,300347,泰格医药,a,cn
2022-11-30,000300,300408,三环集团,a,cn
2022-11-30,000300,300413,芒果超媒,a,cn
2022-11-30,000300,300433,蓝思科技,a,cn
2022-11-30,000300,300450,先导智能,a,cn
2022-11-30,000300,300454,深信服,a,cn
2022-11-30,000300,300496,中科创达,a,cn
2022-11-30,000300,300498,温氏股份,a,cn
2022-11-30,000300,300529,健帆生物,a,cn
2022-11-30,000300,300595,欧普康视,a,cn
2022-11-30,000300,300601,康泰生物,a,cn
2022-11-30,000300,300628,亿联网络,a,cn
2022-11-30,000300,300661,圣邦股份,a,cn
2022-11-30,000300,300750,宁德时代,a,cn
2022-11-30,000300,300751,迈为股份,a,cn
2022-11-30,000300,300759,康龙化成,a,cn
2022-11-30,000300,300760,迈瑞医疗,a,cn
2022-11-30,000300,300763,锦浪科技,a,cn
2022-11-30,000300,300782,卓胜微,a,cn
2022-11-30,000300,300866,安克创新,a,cn
2022-11-30,000300,300896,爱美客,a,cn
2022-11-30,000300,300919,中伟新材,a,cn
2022-11-30,000300,300957,贝泰妮,a,cn
2022-11-30,000300,300979,华利集团,a,cn
2022-11-30,000300,300999,金龙鱼,a,cn
2022-11-30,000300,600000,浦发银行,a,cn
2022-11-30,000300,600009,上海机场,a,cn
2022-11-30,000300,600010,包钢股份,a,cn
2022-11-30,000300,600011,华能国际,a,cn
2022-11-30,000300,600015,华夏银行,a,cn
2022-11-30,000300,600016,民生银行,a,cn
2022-11-30,000300,600018,上港集团,a,cn
2022-11-30,000300,600019,宝钢股份,a,cn
2022-11-30,000300,600025,华能水电,a,cn
2022-11-30,000300,600028,中国石化,a,cn
2022-11-30,000300,600029,南方航空,a,cn
2022-11-30,000300,600030,中信证券,a,cn
2022-11-30,000300,600031,三一重工,a,cn
2022-11-30,000300,600036,招商银行,a,cn
2022-11-30,000300,600048,保利发展,a,cn
2022-11-30,000300,600050,中国联通,a,cn
2022-11-30,000300,600061,国投资本,a,cn
2022-11-30,000300,600085,同仁堂,a,cn
2022-11-30,000300,600089,特变电工,a,cn
2022-11-30,000300,600104,上汽集团,a,cn
2022-11-30,000300,600111,北方稀土,a,cn
2022-11-30,000300,600115,中国东航,a,cn
2022-11-30,000300,600132,重庆啤酒,a,cn
2022-11-30,000300,600150,中国船舶,a,cn
2022-11-30,000300,600161,天坛生物,a,cn
2022-11-30,000300,600176,中国巨石,a,cn
2022-11-30,000300,600183,生益科技,a,cn
2022-11-30,000300,600188,兖矿能源,a,cn
2022-11-30,000300,600196,复星医药,a,cn
2022-11-30,000300,600219,南山铝业,a,cn
2022-11-30,000300,600276,恒瑞医药,a,cn
2022-11-30,000300,600309,万华化学,a,cn
2022-11-30,000300,600332,白云山,a,cn
2022-11-30,000300,600346,恒力石化,a,cn
2022-11-30,000300,600352,浙江龙盛,a,cn
2022-11-30,000300,600362,江西铜业,a,cn
2022-11-30,000300,600383,金地集团,a,cn
2022-11-30,000300,600406,国电南瑞,a,cn
2022-11-30,000300,600426,华鲁恒升,a,cn
2022-11-30,000300,600436,片仔癀,a,cn
2022-11-30,000300,600438,通威股份,a,cn
2022-11-30,000300,600460,士兰微,a,cn
2022-11-30,000300,600489,中金黄金,a,cn
2022-11-30,000300,600519,贵州茅台,a,cn
2022-11-30,000300,600547,山东黄金,a,cn
2022-11-30,000300,600570,恒生电子,a,cn
2022-11-30,000300,600584,长电科技,a,cn
2022-11-30,000300,600585,海螺水泥,a,cn
2022-11-30,000300,600588,用友网络,a,cn
2022-11-30,000300,600600,青岛啤酒,a,cn
2022-11-30,000300,600606,绿地控股,a,cn
2022-11-30,000300,600655,豫园股份,a,cn
2022-11-30,000300,600660,福耀玻璃,a,cn
2022-11-30,000300,600690,海尔智家,a,cn
2022-11-30,000300,600741,华域汽车,a,cn
2022-11-30,000300,600745,*ST闻泰,a,cn
2022-11-30,000300,600760,中航沈飞,a,cn
2022-11-30,000300,600763,通策医疗,a,cn
2022-11-30,000300,600795,国电电力,a,cn
2022-11-30,000300,600809,山西汾酒,a,cn
2022-11-30,000300,600837,海通证券,a,cn
2022-11-30,000300,600845,宝信软件,a,cn
2022-11-30,000300,600886,国投电力,a,cn
2022-11-30,000300,600887,伊利股份,a,cn
2022-11-30,000300,600893,航发动力,a,cn
2022-11-30,000300,600900,长江电力,a,cn
2022-11-30,000300,600905,三峡能源,a,cn
2022-11-30,000300,600918,中泰证券,a,cn
2022-11-30,000300,600919,江苏银行,a,cn
2022-11-30,000300,600926,杭州银行,a,cn
2022-11-30,000300,600941,中国移动,a,cn
2022-11-30,000300,600958,东方证券,a,cn
2022-11-30,000300,600989,宝丰能源,a,cn
2022-11-30,000300,600999,招商证券,a,cn
2022-11-30,000300,601006,大秦铁路,a,cn
2022-11-30,000300,601009,南京银行,a,cn
2022-11-30,000300,601012,隆基绿能,a,cn
2022-11-30,000300,601021,春秋航空,a,cn
2022-11-30,000300,601066,中信建投,a,cn
2022-11-30,000300,601088,中国神华,a,cn
2022-11-30,000300,601100,恒立液压,a,cn
2022-11-30,000300,601111,中国国航,a,cn
2022-11-30,000300,601117,中国化学,a,cn
2022-11-30,000300,601138,工业富联,a,cn
2022-11-30,000300,601155,新城控股,a,cn
2022-11-30,000300,601166,兴业银行,a,cn
2022-11-30,000300,601169,北京银行,a,cn
2022-11-30,000300,601186,中国铁建,a,cn
2022-11-30,000300,601211,国泰海通,a,cn
2022-11-30,000300,601216,君正集团,a,cn
2022-11-30,000300,601225,陕西煤业,a,cn
2022-11-30,000300,601229,上海银行,a,cn
2022-11-30,000300,601236,红塔证券,a,cn
2022-11-30,000300,601238,广汽集团,a,cn
2022-11-30,000300,601288,农业银行,a,cn
2022-11-30,000300,601318,中国平安,a,cn
2022-11-30,000300,601319,中国人保,a,cn
2022-11-30,000300,601328,交通银行,a,cn
2022-11-30,000300,601336,新华保险,a,cn
2022-11-30,000300,601360,三六零,a,cn
2022-11-30,000300,601377,兴业证券,a,cn
2022-11-30,000300,601390,中国中铁,a,cn
2022-11-30,000300,601398,工商银行,a,cn
2022-11-30,000300,601600,中国铝业,a,cn
2022-11-30,000300,601601,中国太保,a,cn
2022-11-30,000300,601618,中国中冶,a,cn
2022-11-30,000300,601628,中国人寿,a,cn
2022-11-30,000300,601633,长城汽车,a,cn
2022-11-30,000300,601658,邮储银行,a,cn
2022-11-30,000300,601668,中国建筑,a,cn
2022-11-30,000300,601669,中国电建,a,cn
2022-11-30,000300,601688,华泰证券,a,cn
2022-11-30,000300,601698,中国卫通,a,cn
2022-11-30,000300,601728,中国电信,a,cn
2022-11-30,000300,601766,中国中车,a,cn
2022-11-30,000300,601788,光大证券,a,cn
2022-11-30,000300,601799,星宇股份,a,cn
2022-11-30,000300,601800,中国交建,a,cn
2022-11-30,000300,601808,中海油服,a,cn
2022-11-30,000300,601816,京沪高铁,a,cn
2022-11-30,000300,601818,光大银行,a,cn
2022-11-30,000300,601825,沪农商行,a,cn
2022-11-30,000300,601838,成都银行,a,cn
2022-11-30,000300,601857,中国石油,a,cn
2022-11-30,000300,601865,福莱特,a,cn
2022-11-30,000300,601868,中国能建,a,cn
2022-11-30,000300,601877,正泰电器,a,cn
2022-11-30,000300,601878,浙商证券,a,cn
2022-11-30,000300,601881,中国银河,a,cn
2022-11-30,000300,601888,中国中免,a,cn
2022-11-30,000300,601898,中煤能源,a,cn
2022-11-30,000300,601899,紫金矿业,a,cn
2022-11-30,000300,601901,方正证券,a,cn
2022-11-30,000300,601916,浙商银行,a,cn
2022-11-30,000300,601919,中远海控,a,cn
2022-11-30,000300,601939,建设银行,a,cn
2022-11-30,000300,601966,玲珑轮胎,a,cn
2022-11-30,000300,601985,中国核电,a,cn
2022-11-30,000300,601988,中国银行,a,cn
2022-11-30,000300,601989,中国重工,a,cn
2022-11-30,000300,601995,中金公司,a,cn
2022-11-30,000300,601998,中信银行,a,cn
2022-11-30,000300,603019,中科曙光,a,cn
2022-11-30,000300,603087,甘李药业,a,cn
2022-11-30,000300,603160,汇顶科技,a,cn
2022-11-30,000300,603185,弘元绿能,a,cn
2022-11-30,000300,603195,公牛集团,a,cn
2022-11-30,000300,603259,药明康德,a,cn
2022-11-30,000300,603260,合盛硅业,a,cn
2022-11-30,000300,603288,海天味业,a,cn
2022-11-30,000300,603290,斯达半导,a,cn
2022-11-30,000300,603369,今世缘,a,cn
2022-11-30,000300,603392,万泰生物,a,cn
2022-11-30,000300,603486,科沃斯,a,cn
2022-11-30,000300,603501,豪威集团,a,cn
2022-11-30,000300,603659,璞泰来,a,cn
2022-11-30,000300,603799,华友钴业,a,cn
2022-11-30,000300,603806,福斯特,a,cn
2022-11-30,000300,603833,欧派家居,a,cn
2022-11-30,000300,603882,金域医学,a,cn
2022-11-30,000300,603899,晨光股份,a,cn
2022-11-30,000300,603986,兆易创新,a,cn
2022-11-30,000300,603993,洛阳钼业,a,cn
2022-11-30,000300,605499,东鹏饮料,a,cn
2022-11-30,000300,688005,容百科技,a,cn
2022-11-30,000300,688008,澜起科技,a,cn
2022-11-30,000300,688012,中微公司,a,cn
2022-11-30,000300,688036,传音控股,a,cn
2022-11-30,000300,688065,凯赛生物,a,cn
2022-11-30,000300,688111,金山办公,a,cn
2022-11-30,000300,688126,沪硅产业,a,cn
2022-11-30,000300,688169,石头科技,a,cn
2022-11-30,000300,688363,华熙生物,a,cn
2022-11-30,000300,688396,华润微,a,cn
2022-11-30,000300,688561,奇安信,a,cn
2022-11-30,000300,688599,天合光能,a,cn
2022-11-30,000300,688981,中芯国际,a,cn
2022-12-30,000300,000001,平安银行,a,cn
2022-12-30,000300,000002,万科A,a,cn
2022-12-30,000300,000063,中兴通讯,a,cn
2022-12-30,000300,000069,华侨城A,a,cn
2022-12-30,000300,000100,TCL科技,a,cn
2022-12-30,000300,000157,中联重科,a,cn
2022-12-30,000300,000166,申万宏源,a,cn
2022-12-30,000300,000301,东方盛虹,a,cn
2022-12-30,000300,000333,美的集团,a,cn
2022-12-30,000300,000338,潍柴动力,a,cn
2022-12-30,000300,000408,藏格矿业,a,cn
2022-12-30,000300,000425,徐工机械,a,cn
2022-12-30,000300,000538,云南白药,a,cn
2022-12-30,000300,000568,泸州老窖,a,cn
2022-12-30,000300,000596,古井贡酒,a,cn
2022-12-30,000300,000625,长安汽车,a,cn
2022-12-30,000300,000651,格力电器,a,cn
2022-12-30,000300,000661,长春高新,a,cn
2022-12-30,000300,000708,中信特钢,a,cn
2022-12-30,000300,000723,美锦能源,a,cn
2022-12-30,000300,000725,京东方A,a,cn
2022-12-30,000300,000733,振华科技,a,cn
2022-12-30,000300,000768,中航西飞,a,cn
2022-12-30,000300,000776,广发证券,a,cn
2022-12-30,000300,000786,北新建材,a,cn
2022-12-30,000300,000792,盐湖股份,a,cn
2022-12-30,000300,000800,一汽解放,a,cn
2022-12-30,000300,000858,五粮液,a,cn
2022-12-30,000300,000876,新希望,a,cn
2022-12-30,000300,000877,天山股份,a,cn
2022-12-30,000300,000895,双汇发展,a,cn
2022-12-30,000300,000938,紫光股份,a,cn
2022-12-30,000300,000963,华东医药,a,cn
2022-12-30,000300,000977,浪潮信息,a,cn
2022-12-30,000300,001289,龙源电力,a,cn
2022-12-30,000300,001979,招商蛇口,a,cn
2022-12-30,000300,002001,新和成,a,cn
2022-12-30,000300,002007,华兰生物,a,cn
2022-12-30,000300,002008,大族激光,a,cn
2022-12-30,000300,002027,分众传媒,a,cn
2022-12-30,000300,002032,苏泊尔,a,cn
2022-12-30,000300,002049,紫光国微,a,cn
2022-12-30,000300,002050,三花智控,a,cn
2022-12-30,000300,002064,华峰化学,a,cn
2022-12-30,000300,002074,国轩高科,a,cn
2022-12-30,000300,002120,韵达股份,a,cn
2022-12-30,000300,002129,TCL中环,a,cn
2022-12-30,000300,002142,宁波银行,a,cn
2022-12-30,000300,002179,中航光电,a,cn
2022-12-30,000300,002180,奔图科技,a,cn
2022-12-30,000300,002202,金风科技,a,cn
2022-12-30,000300,002230,科大讯飞,a,cn
2022-12-30,000300,002236,大华股份,a,cn
2022-12-30,000300,002241,歌尔股份,a,cn
2022-12-30,000300,002252,上海莱士,a,cn
2022-12-30,000300,002271,东方雨虹,a,cn
2022-12-30,000300,002304,洋河股份,a,cn
2022-12-30,000300,002311,海大集团,a,cn
2022-12-30,000300,002352,顺丰控股,a,cn
2022-12-30,000300,002371,北方华创,a,cn
2022-12-30,000300,002410,广联达,a,cn
2022-12-30,000300,002414,高德红外,a,cn
2022-12-30,000300,002415,海康威视,a,cn
2022-12-30,000300,002459,晶澳科技,a,cn
2022-12-30,000300,002460,赣锋锂业,a,cn
2022-12-30,000300,002466,天齐锂业,a,cn
2022-12-30,000300,002475,立讯精密,a,cn
2022-12-30,000300,002493,荣盛石化,a,cn
2022-12-30,000300,002555,三七互娱,a,cn
2022-12-30,000300,002594,比亚迪,a,cn
2022-12-30,000300,002600,领益智造,a,cn
2022-12-30,000300,002601,龙佰集团,a,cn
2022-12-30,000300,002602,世纪华通,a,cn
2022-12-30,000300,002648,卫星化学,a,cn
2022-12-30,000300,002709,天赐材料,a,cn
2022-12-30,000300,002714,牧原股份,a,cn
2022-12-30,000300,002736,国信证券,a,cn
2022-12-30,000300,002756,永兴材料,a,cn
2022-12-30,000300,002812,恩捷股份,a,cn
2022-12-30,000300,002821,凯莱英,a,cn
2022-12-30,000300,002841,视源股份,a,cn
2022-12-30,000300,002916,深南电路,a,cn
2022-12-30,000300,002920,德赛西威,a,cn
2022-12-30,000300,002938,鹏鼎控股,a,cn
2022-12-30,000300,003816,中国广核,a,cn
2022-12-30,000300,300014,亿纬锂能,a,cn
2022-12-30,000300,300015,爱尔眼科,a,cn
2022-12-30,000300,300033,同花顺,a,cn
2022-12-30,000300,300059,东方财富,a,cn
2022-12-30,000300,300122,智飞生物,a,cn
2022-12-30,000300,300124,汇川技术,a,cn
2022-12-30,000300,300142,沃森生物,a,cn
2022-12-30,000300,300207,欣旺达,a,cn
2022-12-30,000300,300223,北京君正,a,cn
2022-12-30,000300,300274,阳光电源,a,cn
2022-12-30,000300,300316,晶盛机电,a,cn
2022-12-30,000300,300347,泰格医药,a,cn
2022-12-30,000300,300408,三环集团,a,cn
2022-12-30,000300,300413,芒果超媒,a,cn
2022-12-30,000300,300433,蓝思科技,a,cn
2022-12-30,000300,300450,先导智能,a,cn
2022-12-30,000300,300454,深信服,a,cn
2022-12-30,000300,300496,中科创达,a,cn
2022-12-30,000300,300498,温氏股份,a,cn
2022-12-30,000300,300529,健帆生物,a,cn
2022-12-30,000300,300595,欧普康视,a,cn
2022-12-30,000300,300601,康泰生物,a,cn
2022-12-30,000300,300628,亿联网络,a,cn
2022-12-30,000300,300661,圣邦股份,a,cn
2022-12-30,000300,300750,宁德时代,a,cn
2022-12-30,000300,300751,迈为股份,a,cn
2022-12-30,000300,300759,康龙化成,a,cn
2022-12-30,000300,300760,迈瑞医疗,a,cn
2022-12-30,000300,300763,锦浪科技,a,cn
2022-12-30,000300,300769,德方纳米,a,cn
2022-12-30,000300,300782,卓胜微,a,cn
2022-12-30,000300,300896,爱美客,a,cn
2022-12-30,000300,300919,中伟新材,a,cn
2022-12-30,000300,300957,贝泰妮,a,cn
2022-12-30,000300,300979,华利集团,a,cn
2022-12-30,000300,300999,金龙鱼,a,cn
2022-12-30,000300,600000,浦发银行,a,cn
2022-12-30,000300,600009,上海机场,a,cn
2022-12-30,000300,600010,包钢股份,a,cn
2022-12-30,000300,600011,华能国际,a,cn
2022-12-30,000300,600015,华夏银行,a,cn
2022-12-30,000300,600016,民生银行,a,cn
2022-12-30,000300,600018,上港集团,a,cn
2022-12-30,000300,600019,宝钢股份,a,cn
2022-12-30,000300,600025,华能水电,a,cn
2022-12-30,000300,600028,中国石化,a,cn
2022-12-30,000300,600029,南方航空,a,cn
2022-12-30,000300,600030,中信证券,a,cn
2022-12-30,000300,600031,三一重工,a,cn
2022-12-30,000300,600036,招商银行,a,cn
2022-12-30,000300,600039,四川路桥,a,cn
2022-12-30,000300,600048,保利发展,a,cn
2022-12-30,000300,600050,中国联通,a,cn
2022-12-30,000300,600061,国投资本,a,cn
2022-12-30,000300,600085,同仁堂,a,cn
2022-12-30,000300,600089,特变电工,a,cn
2022-12-30,000300,600104,上汽集团,a,cn
2022-12-30,000300,600111,北方稀土,a,cn
2022-12-30,000300,600115,中国东航,a,cn
2022-12-30,000300,600132,重庆啤酒,a,cn
2022-12-30,000300,600150,中国船舶,a,cn
2022-12-30,000300,600176,中国巨石,a,cn
2022-12-30,000300,600183,生益科技,a,cn
2022-12-30,000300,600188,兖矿能源,a,cn
2022-12-30,000300,600196,复星医药,a,cn
2022-12-30,000300,600219,南山铝业,a,cn
2022-12-30,000300,600233,圆通速递,a,cn
2022-12-30,000300,600276,恒瑞医药,a,cn
2022-12-30,000300,600309,万华化学,a,cn
2022-12-30,000300,600332,白云山,a,cn
2022-12-30,000300,600346,恒力石化,a,cn
2022-12-30,000300,600362,江西铜业,a,cn
2022-12-30,000300,600383,金地集团,a,cn
2022-12-30,000300,600406,国电南瑞,a,cn
2022-12-30,000300,600426,华鲁恒升,a,cn
2022-12-30,000300,600436,片仔癀,a,cn
2022-12-30,000300,600438,通威股份,a,cn
2022-12-30,000300,600460,士兰微,a,cn
2022-12-30,000300,600519,贵州茅台,a,cn
2022-12-30,000300,600547,山东黄金,a,cn
2022-12-30,000300,600570,恒生电子,a,cn
2022-12-30,000300,600584,长电科技,a,cn
2022-12-30,000300,600585,海螺水泥,a,cn
2022-12-30,000300,600588,用友网络,a,cn
2022-12-30,000300,600600,青岛啤酒,a,cn
2022-12-30,000300,600606,绿地控股,a,cn
2022-12-30,000300,600660,福耀玻璃,a,cn
2022-12-30,000300,600674,川投能源,a,cn
2022-12-30,000300,600690,海尔智家,a,cn
2022-12-30,000300,600741,华域汽车,a,cn
2022-12-30,000300,600745,*ST闻泰,a,cn
2022-12-30,000300,600760,中航沈飞,a,cn
2022-12-30,000300,600763,通策医疗,a,cn
2022-12-30,000300,600795,国电电力,a,cn
2022-12-30,000300,600803,新奥股份,a,cn
2022-12-30,000300,600809,山西汾酒,a,cn
2022-12-30,000300,600837,海通证券,a,cn
2022-12-30,000300,600845,宝信软件,a,cn
2022-12-30,000300,600884,杉杉股份,a,cn
2022-12-30,000300,600886,国投电力,a,cn
2022-12-30,000300,600887,伊利股份,a,cn
2022-12-30,000300,600893,航发动力,a,cn
2022-12-30,000300,600900,长江电力,a,cn
2022-12-30,000300,600905,三峡能源,a,cn
2022-12-30,000300,600918,中泰证券,a,cn
2022-12-30,000300,600919,江苏银行,a,cn
2022-12-30,000300,600926,杭州银行,a,cn
2022-12-30,000300,600941,中国移动,a,cn
2022-12-30,000300,600958,东方证券,a,cn
2022-12-30,000300,600989,宝丰能源,a,cn
2022-12-30,000300,600999,招商证券,a,cn
2022-12-30,000300,601006,大秦铁路,a,cn
2022-12-30,000300,601009,南京银行,a,cn
2022-12-30,000300,601012,隆基绿能,a,cn
2022-12-30,000300,601021,春秋航空,a,cn
2022-12-30,000300,601066,中信建投,a,cn
2022-12-30,000300,601088,中国神华,a,cn
2022-12-30,000300,601100,恒立液压,a,cn
2022-12-30,000300,601111,中国国航,a,cn
2022-12-30,000300,601117,中国化学,a,cn
2022-12-30,000300,601138,工业富联,a,cn
2022-12-30,000300,601155,新城控股,a,cn
2022-12-30,000300,601166,兴业银行,a,cn
2022-12-30,000300,601169,北京银行,a,cn
2022-12-30,000300,601186,中国铁建,a,cn
2022-12-30,000300,601211,国泰海通,a,cn
2022-12-30,000300,601216,君正集团,a,cn
2022-12-30,000300,601225,陕西煤业,a,cn
2022-12-30,000300,601229,上海银行,a,cn
2022-12-30,000300,601236,红塔证券,a,cn
2022-12-30,000300,601238,广汽集团,a,cn
2022-12-30,000300,601288,农业银行,a,cn
2022-12-30,000300,601318,中国平安,a,cn
2022-12-30,000300,601319,中国人保,a,cn
2022-12-30,000300,601328,交通银行,a,cn
2022-12-30,000300,601336,新华保险,a,cn
2022-12-30,000300,601360,三六零,a,cn
2022-12-30,000300,601377,兴业证券,a,cn
2022-12-30,000300,601390,中国中铁,a,cn
2022-12-30,000300,601398,工商银行,a,cn
2022-12-30,000300,601600,中国铝业,a,cn
2022-12-30,000300,601601,中国太保,a,cn
2022-12-30,000300,601615,明阳智能,a,cn
2022-12-30,000300,601618,中国中冶,a,cn
2022-12-30,000300,601628,中国人寿,a,cn
2022-12-30,000300,601633,长城汽车,a,cn
2022-12-30,000300,601658,邮储银行,a,cn
2022-12-30,000300,601668,中国建筑,a,cn
2022-12-30,000300,601669,中国电建,a,cn
2022-12-30,000300,601688,华泰证券,a,cn
2022-12-30,000300,601689,拓普集团,a,cn
2022-12-30,000300,601698,中国卫通,a,cn
2022-12-30,000300,601728,中国电信,a,cn
2022-12-30,000300,601766,中国中车,a,cn
2022-12-30,000300,601788,光大证券,a,cn
2022-12-30,000300,601799,星宇股份,a,cn
2022-12-30,000300,601800,中国交建,a,cn
2022-12-30,000300,601808,中海油服,a,cn
2022-12-30,000300,601816,京沪高铁,a,cn
2022-12-30,000300,601818,光大银行,a,cn
2022-12-30,000300,601838,成都银行,a,cn
2022-12-30,000300,601857,中国石油,a,cn
2022-12-30,000300,601865,福莱特,a,cn
2022-12-30,000300,601868,中国能建,a,cn
2022-12-30,000300,601877,正泰电器,a,cn
2022-12-30,000300,601878,浙商证券,a,cn
2022-12-30,000300,601881,中国银河,a,cn
2022-12-30,000300,601888,中国中免,a,cn
2022-12-30,000300,601898,中煤能源,a,cn
2022-12-30,000300,601899,紫金矿业,a,cn
2022-12-30,000300,601901,方正证券,a,cn
2022-12-30,000300,601919,中远海控,a,cn
2022-12-30,000300,601939,建设银行,a,cn
2022-12-30,000300,601966,玲珑轮胎,a,cn
2022-12-30,000300,601985,中国核电,a,cn
2022-12-30,000300,601988,中国银行,a,cn
2022-12-30,000300,601989,中国重工,a,cn
2022-12-30,000300,601995,中金公司,a,cn
2022-12-30,000300,601998,中信银行,a,cn
2022-12-30,000300,603019,中科曙光,a,cn
2022-12-30,000300,603185,弘元绿能,a,cn
2022-12-30,000300,603195,公牛集团,a,cn
2022-12-30,000300,603259,药明康德,a,cn
2022-12-30,000300,603260,合盛硅业,a,cn
2022-12-30,000300,603288,海天味业,a,cn
2022-12-30,000300,603290,斯达半导,a,cn
2022-12-30,000300,603369,今世缘,a,cn
2022-12-30,000300,603392,万泰生物,a,cn
2022-12-30,000300,603486,科沃斯,a,cn
2022-12-30,000300,603501,豪威集团,a,cn
2022-12-30,000300,603659,璞泰来,a,cn
2022-12-30,000300,603799,华友钴业,a,cn
2022-12-30,000300,603806,福斯特,a,cn
2022-12-30,000300,603833,欧派家居,a,cn
2022-12-30,000300,603882,金域医学,a,cn
2022-12-30,000300,603899,晨光股份,a,cn
2022-12-30,000300,603986,兆易创新,a,cn
2022-12-30,000300,603993,洛阳钼业,a,cn
2022-12-30,000300,605117,德业股份,a,cn
2022-12-30,000300,605499,东鹏饮料,a,cn
2022-12-30,000300,688005,容百科技,a,cn
2022-12-30,000300,688008,澜起科技,a,cn
2022-12-30,000300,688012,中微公司,a,cn
2022-12-30,000300,688036,传音控股,a,cn
2022-12-30,000300,688065,凯赛生物,a,cn
2022-12-30,000300,688111,金山办公,a,cn
2022-12-30,000300,688126,沪硅产业,a,cn
2022-12-30,000300,688169,石头科技,a,cn
2022-12-30,000300,688187,时代电气,a,cn
2022-12-30,000300,688303,大全能源,a,cn
2022-12-30,000300,688363,华熙生物,a,cn
2022-12-30,000300,688396,华润微,a,cn
2022-12-30,000300,688561,奇安信,a,cn
2022-12-30,000300,688599,天合光能,a,cn
2022-12-30,000300,688981,中芯国际,a,cn
2023-01-31,000300,000001,平安银行,a,cn
2023-01-31,000300,000002,万科A,a,cn
2023-01-31,000300,000063,中兴通讯,a,cn
2023-01-31,000300,000069,华侨城A,a,cn
2023-01-31,000300,000100,TCL科技,a,cn
2023-01-31,000300,000157,中联重科,a,cn
2023-01-31,000300,000166,申万宏源,a,cn
2023-01-31,000300,000301,东方盛虹,a,cn
2023-01-31,000300,000333,美的集团,a,cn
2023-01-31,000300,000338,潍柴动力,a,cn
2023-01-31,000300,000408,藏格矿业,a,cn
2023-01-31,000300,000425,徐工机械,a,cn
2023-01-31,000300,000538,云南白药,a,cn
2023-01-31,000300,000568,泸州老窖,a,cn
2023-01-31,000300,000596,古井贡酒,a,cn
2023-01-31,000300,000625,长安汽车,a,cn
2023-01-31,000300,000651,格力电器,a,cn
2023-01-31,000300,000661,长春高新,a,cn
2023-01-31,000300,000708,中信特钢,a,cn
2023-01-31,000300,000723,美锦能源,a,cn
2023-01-31,000300,000725,京东方A,a,cn
2023-01-31,000300,000733,振华科技,a,cn
2023-01-31,000300,000768,中航西飞,a,cn
2023-01-31,000300,000776,广发证券,a,cn
2023-01-31,000300,000786,北新建材,a,cn
2023-01-31,000300,000792,盐湖股份,a,cn
2023-01-31,000300,000800,一汽解放,a,cn
2023-01-31,000300,000858,五粮液,a,cn
2023-01-31,000300,000876,新希望,a,cn
2023-01-31,000300,000877,天山股份,a,cn
2023-01-31,000300,000895,双汇发展,a,cn
2023-01-31,000300,000938,紫光股份,a,cn
2023-01-31,000300,000963,华东医药,a,cn
2023-01-31,000300,000977,浪潮信息,a,cn
2023-01-31,000300,001289,龙源电力,a,cn
2023-01-31,000300,001979,招商蛇口,a,cn
2023-01-31,000300,002001,新和成,a,cn
2023-01-31,000300,002007,华兰生物,a,cn
2023-01-31,000300,002008,大族激光,a,cn
2023-01-31,000300,002027,分众传媒,a,cn
2023-01-31,000300,002032,苏泊尔,a,cn
2023-01-31,000300,002049,紫光国微,a,cn
2023-01-31,000300,002050,三花智控,a,cn
2023-01-31,000300,002064,华峰化学,a,cn
2023-01-31,000300,002074,国轩高科,a,cn
2023-01-31,000300,002120,韵达股份,a,cn
2023-01-31,000300,002129,TCL中环,a,cn
2023-01-31,000300,002142,宁波银行,a,cn
2023-01-31,000300,002179,中航光电,a,cn
2023-01-31,000300,002180,奔图科技,a,cn
2023-01-31,000300,002202,金风科技,a,cn
2023-01-31,000300,002230,科大讯飞,a,cn
2023-01-31,000300,002236,大华股份,a,cn
2023-01-31,000300,002241,歌尔股份,a,cn
2023-01-31,000300,002252,上海莱士,a,cn
2023-01-31,000300,002271,东方雨虹,a,cn
2023-01-31,000300,002304,洋河股份,a,cn
2023-01-31,000300,002311,海大集团,a,cn
2023-01-31,000300,002352,顺丰控股,a,cn
2023-01-31,000300,002371,北方华创,a,cn
2023-01-31,000300,002410,广联达,a,cn
2023-01-31,000300,002414,高德红外,a,cn
2023-01-31,000300,002415,海康威视,a,cn
2023-01-31,000300,002459,晶澳科技,a,cn
2023-01-31,000300,002460,赣锋锂业,a,cn
2023-01-31,000300,002466,天齐锂业,a,cn
2023-01-31,000300,002475,立讯精密,a,cn
2023-01-31,000300,002493,荣盛石化,a,cn
2023-01-31,000300,002555,三七互娱,a,cn
2023-01-31,000300,002594,比亚迪,a,cn
2023-01-31,000300,002600,领益智造,a,cn
2023-01-31,000300,002601,龙佰集团,a,cn
2023-01-31,000300,002602,世纪华通,a,cn
2023-01-31,000300,002648,卫星化学,a,cn
2023-01-31,000300,002709,天赐材料,a,cn
2023-01-31,000300,002714,牧原股份,a,cn
2023-01-31,000300,002736,国信证券,a,cn
2023-01-31,000300,002756,永兴材料,a,cn
2023-01-31,000300,002812,恩捷股份,a,cn
2023-01-31,000300,002821,凯莱英,a,cn
2023-01-31,000300,002841,视源股份,a,cn
2023-01-31,000300,002916,深南电路,a,cn
2023-01-31,000300,002920,德赛西威,a,cn
2023-01-31,000300,002938,鹏鼎控股,a,cn
2023-01-31,000300,003816,中国广核,a,cn
2023-01-31,000300,300014,亿纬锂能,a,cn
2023-01-31,000300,300015,爱尔眼科,a,cn
2023-01-31,000300,300033,同花顺,a,cn
2023-01-31,000300,300059,东方财富,a,cn
2023-01-31,000300,300122,智飞生物,a,cn
2023-01-31,000300,300124,汇川技术,a,cn
2023-01-31,000300,300142,沃森生物,a,cn
2023-01-31,000300,300207,欣旺达,a,cn
2023-01-31,000300,300223,北京君正,a,cn
2023-01-31,000300,300274,阳光电源,a,cn
2023-01-31,000300,300316,晶盛机电,a,cn
2023-01-31,000300,300347,泰格医药,a,cn
2023-01-31,000300,300408,三环集团,a,cn
2023-01-31,000300,300413,芒果超媒,a,cn
2023-01-31,000300,300433,蓝思科技,a,cn
2023-01-31,000300,300450,先导智能,a,cn
2023-01-31,000300,300454,深信服,a,cn
2023-01-31,000300,300496,中科创达,a,cn
2023-01-31,000300,300498,温氏股份,a,cn
2023-01-31,000300,300529,健帆生物,a,cn
2023-01-31,000300,300595,欧普康视,a,cn
2023-01-31,000300,300601,康泰生物,a,cn
2023-01-31,000300,300628,亿联网络,a,cn
2023-01-31,000300,300661,圣邦股份,a,cn
2023-01-31,000300,300750,宁德时代,a,cn
2023-01-31,000300,300751,迈为股份,a,cn
2023-01-31,000300,300759,康龙化成,a,cn
2023-01-31,000300,300760,迈瑞医疗,a,cn
2023-01-31,000300,300763,锦浪科技,a,cn
2023-01-31,000300,300769,德方纳米,a,cn
2023-01-31,000300,300782,卓胜微,a,cn
2023-01-31,000300,300896,爱美客,a,cn
2023-01-31,000300,300919,中伟新材,a,cn
2023-01-31,000300,300957,贝泰妮,a,cn
2023-01-31,000300,300979,华利集团,a,cn
2023-01-31,000300,300999,金龙鱼,a,cn
2023-01-31,000300,600000,浦发银行,a,cn
2023-01-31,000300,600009,上海机场,a,cn
2023-01-31,000300,600010,包钢股份,a,cn
2023-01-31,000300,600011,华能国际,a,cn
2023-01-31,000300,600015,华夏银行,a,cn
2023-01-31,000300,600016,民生银行,a,cn
2023-01-31,000300,600018,上港集团,a,cn
2023-01-31,000300,600019,宝钢股份,a,cn
2023-01-31,000300,600025,华能水电,a,cn
2023-01-31,000300,600028,中国石化,a,cn
2023-01-31,000300,600029,南方航空,a,cn
2023-01-31,000300,600030,中信证券,a,cn
2023-01-31,000300,600031,三一重工,a,cn
2023-01-31,000300,600036,招商银行,a,cn
2023-01-31,000300,600039,四川路桥,a,cn
2023-01-31,000300,600048,保利发展,a,cn
2023-01-31,000300,600050,中国联通,a,cn
2023-01-31,000300,600061,国投资本,a,cn
2023-01-31,000300,600085,同仁堂,a,cn
2023-01-31,000300,600089,特变电工,a,cn
2023-01-31,000300,600104,上汽集团,a,cn
2023-01-31,000300,600111,北方稀土,a,cn
2023-01-31,000300,600115,中国东航,a,cn
2023-01-31,000300,600132,重庆啤酒,a,cn
2023-01-31,000300,600150,中国船舶,a,cn
2023-01-31,000300,600176,中国巨石,a,cn
2023-01-31,000300,600183,生益科技,a,cn
2023-01-31,000300,600188,兖矿能源,a,cn
2023-01-31,000300,600196,复星医药,a,cn
2023-01-31,000300,600219,南山铝业,a,cn
2023-01-31,000300,600233,圆通速递,a,cn
2023-01-31,000300,600276,恒瑞医药,a,cn
2023-01-31,000300,600309,万华化学,a,cn
2023-01-31,000300,600332,白云山,a,cn
2023-01-31,000300,600346,恒力石化,a,cn
2023-01-31,000300,600362,江西铜业,a,cn
2023-01-31,000300,600383,金地集团,a,cn
2023-01-31,000300,600406,国电南瑞,a,cn
2023-01-31,000300,600426,华鲁恒升,a,cn
2023-01-31,000300,600436,片仔癀,a,cn
2023-01-31,000300,600438,通威股份,a,cn
2023-01-31,000300,600460,士兰微,a,cn
2023-01-31,000300,600519,贵州茅台,a,cn
2023-01-31,000300,600547,山东黄金,a,cn
2023-01-31,000300,600570,恒生电子,a,cn
2023-01-31,000300,600584,长电科技,a,cn
2023-01-31,000300,600585,海螺水泥,a,cn
2023-01-31,000300,600588,用友网络,a,cn
2023-01-31,000300,600600,青岛啤酒,a,cn
2023-01-31,000300,600606,绿地控股,a,cn
2023-01-31,000300,600660,福耀玻璃,a,cn
2023-01-31,000300,600674,川投能源,a,cn
2023-01-31,000300,600690,海尔智家,a,cn
2023-01-31,000300,600741,华域汽车,a,cn
2023-01-31,000300,600745,*ST闻泰,a,cn
2023-01-31,000300,600760,中航沈飞,a,cn
2023-01-31,000300,600763,通策医疗,a,cn
2023-01-31,000300,600795,国电电力,a,cn
2023-01-31,000300,600803,新奥股份,a,cn
2023-01-31,000300,600809,山西汾酒,a,cn
2023-01-31,000300,600837,海通证券,a,cn
2023-01-31,000300,600845,宝信软件,a,cn
2023-01-31,000300,600884,杉杉股份,a,cn
2023-01-31,000300,600886,国投电力,a,cn
2023-01-31,000300,600887,伊利股份,a,cn
2023-01-31,000300,600893,航发动力,a,cn
2023-01-31,000300,600900,长江电力,a,cn
2023-01-31,000300,600905,三峡能源,a,cn
2023-01-31,000300,600918,中泰证券,a,cn
2023-01-31,000300,600919,江苏银行,a,cn
2023-01-31,000300,600926,杭州银行,a,cn
2023-01-31,000300,600941,中国移动,a,cn
2023-01-31,000300,600958,东方证券,a,cn
2023-01-31,000300,600989,宝丰能源,a,cn
2023-01-31,000300,600999,招商证券,a,cn
2023-01-31,000300,601006,大秦铁路,a,cn
2023-01-31,000300,601009,南京银行,a,cn
2023-01-31,000300,601012,隆基绿能,a,cn
2023-01-31,000300,601021,春秋航空,a,cn
2023-01-31,000300,601066,中信建投,a,cn
2023-01-31,000300,601088,中国神华,a,cn
2023-01-31,000300,601100,恒立液压,a,cn
2023-01-31,000300,601111,中国国航,a,cn
2023-01-31,000300,601117,中国化学,a,cn
2023-01-31,000300,601138,工业富联,a,cn
2023-01-31,000300,601155,新城控股,a,cn
2023-01-31,000300,601166,兴业银行,a,cn
2023-01-31,000300,601169,北京银行,a,cn
2023-01-31,000300,601186,中国铁建,a,cn
2023-01-31,000300,601211,国泰海通,a,cn
2023-01-31,000300,601216,君正集团,a,cn
2023-01-31,000300,601225,陕西煤业,a,cn
2023-01-31,000300,601229,上海银行,a,cn
2023-01-31,000300,601236,红塔证券,a,cn
2023-01-31,000300,601238,广汽集团,a,cn
2023-01-31,000300,601288,农业银行,a,cn
2023-01-31,000300,601318,中国平安,a,cn
2023-01-31,000300,601319,中国人保,a,cn
2023-01-31,000300,601328,交通银行,a,cn
2023-01-31,000300,601336,新华保险,a,cn
2023-01-31,000300,601360,三六零,a,cn
2023-01-31,000300,601377,兴业证券,a,cn
2023-01-31,000300,601390,中国中铁,a,cn
2023-01-31,000300,601398,工商银行,a,cn
2023-01-31,000300,601600,中国铝业,a,cn
2023-01-31,000300,601601,中国太保,a,cn
2023-01-31,000300,601615,明阳智能,a,cn
2023-01-31,000300,601618,中国中冶,a,cn
2023-01-31,000300,601628,中国人寿,a,cn
2023-01-31,000300,601633,长城汽车,a,cn
2023-01-31,000300,601658,邮储银行,a,cn
2023-01-31,000300,601668,中国建筑,a,cn
2023-01-31,000300,601669,中国电建,a,cn
2023-01-31,000300,601688,华泰证券,a,cn
2023-01-31,000300,601689,拓普集团,a,cn
2023-01-31,000300,601698,中国卫通,a,cn
2023-01-31,000300,601728,中国电信,a,cn
2023-01-31,000300,601766,中国中车,a,cn
2023-01-31,000300,601788,光大证券,a,cn
2023-01-31,000300,601799,星宇股份,a,cn
2023-01-31,000300,601800,中国交建,a,cn
2023-01-31,000300,601808,中海油服,a,cn
2023-01-31,000300,601816,京沪高铁,a,cn
2023-01-31,000300,601818,光大银行,a,cn
2023-01-31,000300,601838,成都银行,a,cn
2023-01-31,000300,601857,中国石油,a,cn
2023-01-31,000300,601865,福莱特,a,cn
2023-01-31,000300,601868,中国能建,a,cn
2023-01-31,000300,601877,正泰电器,a,cn
2023-01-31,000300,601878,浙商证券,a,cn
2023-01-31,000300,601881,中国银河,a,cn
2023-01-31,000300,601888,中国中免,a,cn
2023-01-31,000300,601898,中煤能源,a,cn
2023-01-31,000300,601899,紫金矿业,a,cn
2023-01-31,000300,601901,方正证券,a,cn
2023-01-31,000300,601919,中远海控,a,cn
2023-01-31,000300,601939,建设银行,a,cn
2023-01-31,000300,601966,玲珑轮胎,a,cn
2023-01-31,000300,601985,中国核电,a,cn
2023-01-31,000300,601988,中国银行,a,cn
2023-01-31,000300,601989,中国重工,a,cn
2023-01-31,000300,601995,中金公司,a,cn
2023-01-31,000300,601998,中信银行,a,cn
2023-01-31,000300,603019,中科曙光,a,cn
2023-01-31,000300,603185,弘元绿能,a,cn
2023-01-31,000300,603195,公牛集团,a,cn
2023-01-31,000300,603259,药明康德,a,cn
2023-01-31,000300,603260,合盛硅业,a,cn
2023-01-31,000300,603288,海天味业,a,cn
2023-01-31,000300,603290,斯达半导,a,cn
2023-01-31,000300,603369,今世缘,a,cn
2023-01-31,000300,603392,万泰生物,a,cn
2023-01-31,000300,603486,科沃斯,a,cn
2023-01-31,000300,603501,豪威集团,a,cn
2023-01-31,000300,603659,璞泰来,a,cn
2023-01-31,000300,603799,华友钴业,a,cn
2023-01-31,000300,603806,福斯特,a,cn
2023-01-31,000300,603833,欧派家居,a,cn
2023-01-31,000300,603882,金域医学,a,cn
2023-01-31,000300,603899,晨光股份,a,cn
2023-01-31,000300,603986,兆易创新,a,cn
2023-01-31,000300,603993,洛阳钼业,a,cn
2023-01-31,000300,605117,德业股份,a,cn
2023-01-31,000300,605499,东鹏饮料,a,cn
2023-01-31,000300,688005,容百科技,a,cn
2023-01-31,000300,688008,澜起科技,a,cn
2023-01-31,000300,688012,中微公司,a,cn
2023-01-31,000300,688036,传音控股,a,cn
2023-01-31,000300,688065,凯赛生物,a,cn
2023-01-31,000300,688111,金山办公,a,cn
2023-01-31,000300,688126,沪硅产业,a,cn
2023-01-31,000300,688169,石头科技,a,cn
2023-01-31,000300,688187,时代电气,a,cn
2023-01-31,000300,688303,大全能源,a,cn
2023-01-31,000300,688363,华熙生物,a,cn
2023-01-31,000300,688396,华润微,a,cn
2023-01-31,000300,688561,奇安信,a,cn
2023-01-31,000300,688599,天合光能,a,cn
2023-01-31,000300,688981,中芯国际,a,cn
2023-02-28,000300,000001,平安银行,a,cn
2023-02-28,000300,000002,万科A,a,cn
2023-02-28,000300,000063,中兴通讯,a,cn
2023-02-28,000300,000069,华侨城A,a,cn
2023-02-28,000300,000100,TCL科技,a,cn
2023-02-28,000300,000157,中联重科,a,cn
2023-02-28,000300,000166,申万宏源,a,cn
2023-02-28,000300,000301,东方盛虹,a,cn
2023-02-28,000300,000333,美的集团,a,cn
2023-02-28,000300,000338,潍柴动力,a,cn
2023-02-28,000300,000408,藏格矿业,a,cn
2023-02-28,000300,000425,徐工机械,a,cn
2023-02-28,000300,000538,云南白药,a,cn
2023-02-28,000300,000568,泸州老窖,a,cn
2023-02-28,000300,000596,古井贡酒,a,cn
2023-02-28,000300,000625,长安汽车,a,cn
2023-02-28,000300,000651,格力电器,a,cn
2023-02-28,000300,000661,长春高新,a,cn
2023-02-28,000300,000708,中信特钢,a,cn
2023-02-28,000300,000723,美锦能源,a,cn
2023-02-28,000300,000725,京东方A,a,cn
2023-02-28,000300,000733,振华科技,a,cn
2023-02-28,000300,000768,中航西飞,a,cn
2023-02-28,000300,000776,广发证券,a,cn
2023-02-28,000300,000786,北新建材,a,cn
2023-02-28,000300,000792,盐湖股份,a,cn
2023-02-28,000300,000800,一汽解放,a,cn
2023-02-28,000300,000858,五粮液,a,cn
2023-02-28,000300,000876,新希望,a,cn
2023-02-28,000300,000877,天山股份,a,cn
2023-02-28,000300,000895,双汇发展,a,cn
2023-02-28,000300,000938,紫光股份,a,cn
2023-02-28,000300,000963,华东医药,a,cn
2023-02-28,000300,000977,浪潮信息,a,cn
2023-02-28,000300,001289,龙源电力,a,cn
2023-02-28,000300,001979,招商蛇口,a,cn
2023-02-28,000300,002001,新和成,a,cn
2023-02-28,000300,002007,华兰生物,a,cn
2023-02-28,000300,002008,大族激光,a,cn
2023-02-28,000300,002027,分众传媒,a,cn
2023-02-28,000300,002032,苏泊尔,a,cn
2023-02-28,000300,002049,紫光国微,a,cn
2023-02-28,000300,002050,三花智控,a,cn
2023-02-28,000300,002064,华峰化学,a,cn
2023-02-28,000300,002074,国轩高科,a,cn
2023-02-28,000300,002120,韵达股份,a,cn
2023-02-28,000300,002129,TCL中环,a,cn
2023-02-28,000300,002142,宁波银行,a,cn
2023-02-28,000300,002179,中航光电,a,cn
2023-02-28,000300,002180,奔图科技,a,cn
2023-02-28,000300,002202,金风科技,a,cn
2023-02-28,000300,002230,科大讯飞,a,cn
2023-02-28,000300,002236,大华股份,a,cn
2023-02-28,000300,002241,歌尔股份,a,cn
2023-02-28,000300,002252,上海莱士,a,cn
2023-02-28,000300,002271,东方雨虹,a,cn
2023-02-28,000300,002304,洋河股份,a,cn
2023-02-28,000300,002311,海大集团,a,cn
2023-02-28,000300,002352,顺丰控股,a,cn
2023-02-28,000300,002371,北方华创,a,cn
2023-02-28,000300,002410,广联达,a,cn
2023-02-28,000300,002414,高德红外,a,cn
2023-02-28,000300,002415,海康威视,a,cn
2023-02-28,000300,002459,晶澳科技,a,cn
2023-02-28,000300,002460,赣锋锂业,a,cn
2023-02-28,000300,002466,天齐锂业,a,cn
2023-02-28,000300,002475,立讯精密,a,cn
2023-02-28,000300,002493,荣盛石化,a,cn
2023-02-28,000300,002555,三七互娱,a,cn
2023-02-28,000300,002594,比亚迪,a,cn
2023-02-28,000300,002600,领益智造,a,cn
2023-02-28,000300,002601,龙佰集团,a,cn
2023-02-28,000300,002602,世纪华通,a,cn
2023-02-28,000300,002648,卫星化学,a,cn
2023-02-28,000300,002709,天赐材料,a,cn
2023-02-28,000300,002714,牧原股份,a,cn
2023-02-28,000300,002736,国信证券,a,cn
2023-02-28,000300,002756,永兴材料,a,cn
2023-02-28,000300,002812,恩捷股份,a,cn
2023-02-28,000300,002821,凯莱英,a,cn
2023-02-28,000300,002841,视源股份,a,cn
2023-02-28,000300,002916,深南电路,a,cn
2023-02-28,000300,002920,德赛西威,a,cn
2023-02-28,000300,002938,鹏鼎控股,a,cn
2023-02-28,000300,003816,中国广核,a,cn
2023-02-28,000300,300014,亿纬锂能,a,cn
2023-02-28,000300,300015,爱尔眼科,a,cn
2023-02-28,000300,300033,同花顺,a,cn
2023-02-28,000300,300059,东方财富,a,cn
2023-02-28,000300,300122,智飞生物,a,cn
2023-02-28,000300,300124,汇川技术,a,cn
2023-02-28,000300,300142,沃森生物,a,cn
2023-02-28,000300,300207,欣旺达,a,cn
2023-02-28,000300,300223,北京君正,a,cn
2023-02-28,000300,300274,阳光电源,a,cn
2023-02-28,000300,300316,晶盛机电,a,cn
2023-02-28,000300,300347,泰格医药,a,cn
2023-02-28,000300,300408,三环集团,a,cn
2023-02-28,000300,300413,芒果超媒,a,cn
2023-02-28,000300,300433,蓝思科技,a,cn
2023-02-28,000300,300450,先导智能,a,cn
2023-02-28,000300,300454,深信服,a,cn
2023-02-28,000300,300496,中科创达,a,cn
2023-02-28,000300,300498,温氏股份,a,cn
2023-02-28,000300,300529,健帆生物,a,cn
2023-02-28,000300,300595,欧普康视,a,cn
2023-02-28,000300,300601,康泰生物,a,cn
2023-02-28,000300,300628,亿联网络,a,cn
2023-02-28,000300,300661,圣邦股份,a,cn
2023-02-28,000300,300750,宁德时代,a,cn
2023-02-28,000300,300751,迈为股份,a,cn
2023-02-28,000300,300759,康龙化成,a,cn
2023-02-28,000300,300760,迈瑞医疗,a,cn
2023-02-28,000300,300763,锦浪科技,a,cn
2023-02-28,000300,300769,德方纳米,a,cn
2023-02-28,000300,300782,卓胜微,a,cn
2023-02-28,000300,300896,爱美客,a,cn
2023-02-28,000300,300919,中伟新材,a,cn
2023-02-28,000300,300957,贝泰妮,a,cn
2023-02-28,000300,300979,华利集团,a,cn
2023-02-28,000300,300999,金龙鱼,a,cn
2023-02-28,000300,600000,浦发银行,a,cn
2023-02-28,000300,600009,上海机场,a,cn
2023-02-28,000300,600010,包钢股份,a,cn
2023-02-28,000300,600011,华能国际,a,cn
2023-02-28,000300,600015,华夏银行,a,cn
2023-02-28,000300,600016,民生银行,a,cn
2023-02-28,000300,600018,上港集团,a,cn
2023-02-28,000300,600019,宝钢股份,a,cn
2023-02-28,000300,600025,华能水电,a,cn
2023-02-28,000300,600028,中国石化,a,cn
2023-02-28,000300,600029,南方航空,a,cn
2023-02-28,000300,600030,中信证券,a,cn
2023-02-28,000300,600031,三一重工,a,cn
2023-02-28,000300,600036,招商银行,a,cn
2023-02-28,000300,600039,四川路桥,a,cn
2023-02-28,000300,600048,保利发展,a,cn
2023-02-28,000300,600050,中国联通,a,cn
2023-02-28,000300,600061,国投资本,a,cn
2023-02-28,000300,600085,同仁堂,a,cn
2023-02-28,000300,600089,特变电工,a,cn
2023-02-28,000300,600104,上汽集团,a,cn
2023-02-28,000300,600111,北方稀土,a,cn
2023-02-28,000300,600115,中国东航,a,cn
2023-02-28,000300,600132,重庆啤酒,a,cn
2023-02-28,000300,600150,中国船舶,a,cn
2023-02-28,000300,600176,中国巨石,a,cn
2023-02-28,000300,600183,生益科技,a,cn
2023-02-28,000300,600188,兖矿能源,a,cn
2023-02-28,000300,600196,复星医药,a,cn
2023-02-28,000300,600219,南山铝业,a,cn
2023-02-28,000300,600233,圆通速递,a,cn
2023-02-28,000300,600276,恒瑞医药,a,cn
2023-02-28,000300,600309,万华化学,a,cn
2023-02-28,000300,600332,白云山,a,cn
2023-02-28,000300,600346,恒力石化,a,cn
2023-02-28,000300,600362,江西铜业,a,cn
2023-02-28,000300,600383,金地集团,a,cn
2023-02-28,000300,600406,国电南瑞,a,cn
2023-02-28,000300,600426,华鲁恒升,a,cn
2023-02-28,000300,600436,片仔癀,a,cn
2023-02-28,000300,600438,通威股份,a,cn
2023-02-28,000300,600460,士兰微,a,cn
2023-02-28,000300,600519,贵州茅台,a,cn
2023-02-28,000300,600547,山东黄金,a,cn
2023-02-28,000300,600570,恒生电子,a,cn
2023-02-28,000300,600584,长电科技,a,cn
2023-02-28,000300,600585,海螺水泥,a,cn
2023-02-28,000300,600588,用友网络,a,cn
2023-02-28,000300,600600,青岛啤酒,a,cn
2023-02-28,000300,600606,绿地控股,a,cn
2023-02-28,000300,600660,福耀玻璃,a,cn
2023-02-28,000300,600674,川投能源,a,cn
2023-02-28,000300,600690,海尔智家,a,cn
2023-02-28,000300,600741,华域汽车,a,cn
2023-02-28,000300,600745,*ST闻泰,a,cn
2023-02-28,000300,600760,中航沈飞,a,cn
2023-02-28,000300,600763,通策医疗,a,cn
2023-02-28,000300,600795,国电电力,a,cn
2023-02-28,000300,600803,新奥股份,a,cn
2023-02-28,000300,600809,山西汾酒,a,cn
2023-02-28,000300,600837,海通证券,a,cn
2023-02-28,000300,600845,宝信软件,a,cn
2023-02-28,000300,600884,杉杉股份,a,cn
2023-02-28,000300,600886,国投电力,a,cn
2023-02-28,000300,600887,伊利股份,a,cn
2023-02-28,000300,600893,航发动力,a,cn
2023-02-28,000300,600900,长江电力,a,cn
2023-02-28,000300,600905,三峡能源,a,cn
2023-02-28,000300,600918,中泰证券,a,cn
2023-02-28,000300,600919,江苏银行,a,cn
2023-02-28,000300,600926,杭州银行,a,cn
2023-02-28,000300,600941,中国移动,a,cn
2023-02-28,000300,600958,东方证券,a,cn
2023-02-28,000300,600989,宝丰能源,a,cn
2023-02-28,000300,600999,招商证券,a,cn
2023-02-28,000300,601006,大秦铁路,a,cn
2023-02-28,000300,601009,南京银行,a,cn
2023-02-28,000300,601012,隆基绿能,a,cn
2023-02-28,000300,601021,春秋航空,a,cn
2023-02-28,000300,601066,中信建投,a,cn
2023-02-28,000300,601088,中国神华,a,cn
2023-02-28,000300,601100,恒立液压,a,cn
2023-02-28,000300,601111,中国国航,a,cn
2023-02-28,000300,601117,中国化学,a,cn
2023-02-28,000300,601138,工业富联,a,cn
2023-02-28,000300,601155,新城控股,a,cn
2023-02-28,000300,601166,兴业银行,a,cn
2023-02-28,000300,601169,北京银行,a,cn
2023-02-28,000300,601186,中国铁建,a,cn
2023-02-28,000300,601211,国泰海通,a,cn
2023-02-28,000300,601216,君正集团,a,cn
2023-02-28,000300,601225,陕西煤业,a,cn
2023-02-28,000300,601229,上海银行,a,cn
2023-02-28,000300,601236,红塔证券,a,cn
2023-02-28,000300,601238,广汽集团,a,cn
2023-02-28,000300,601288,农业银行,a,cn
2023-02-28,000300,601318,中国平安,a,cn
2023-02-28,000300,601319,中国人保,a,cn
2023-02-28,000300,601328,交通银行,a,cn
2023-02-28,000300,601336,新华保险,a,cn
2023-02-28,000300,601360,三六零,a,cn
2023-02-28,000300,601377,兴业证券,a,cn
2023-02-28,000300,601390,中国中铁,a,cn
2023-02-28,000300,601398,工商银行,a,cn
2023-02-28,000300,601600,中国铝业,a,cn
2023-02-28,000300,601601,中国太保,a,cn
2023-02-28,000300,601615,明阳智能,a,cn
2023-02-28,000300,601618,中国中冶,a,cn
2023-02-28,000300,601628,中国人寿,a,cn
2023-02-28,000300,601633,长城汽车,a,cn
2023-02-28,000300,601658,邮储银行,a,cn
2023-02-28,000300,601668,中国建筑,a,cn
2023-02-28,000300,601669,中国电建,a,cn
2023-02-28,000300,601688,华泰证券,a,cn
2023-02-28,000300,601689,拓普集团,a,cn
2023-02-28,000300,601698,中国卫通,a,cn
2023-02-28,000300,601728,中国电信,a,cn
2023-02-28,000300,601766,中国中车,a,cn
2023-02-28,000300,601788,光大证券,a,cn
2023-02-28,000300,601799,星宇股份,a,cn
2023-02-28,000300,601800,中国交建,a,cn
2023-02-28,000300,601808,中海油服,a,cn
2023-02-28,000300,601816,京沪高铁,a,cn
2023-02-28,000300,601818,光大银行,a,cn
2023-02-28,000300,601838,成都银行,a,cn
2023-02-28,000300,601857,中国石油,a,cn
2023-02-28,000300,601865,福莱特,a,cn
2023-02-28,000300,601868,中国能建,a,cn
2023-02-28,000300,601877,正泰电器,a,cn
2023-02-28,000300,601878,浙商证券,a,cn
2023-02-28,000300,601881,中国银河,a,cn
2023-02-28,000300,601888,中国中免,a,cn
2023-02-28,000300,601898,中煤能源,a,cn
2023-02-28,000300,601899,紫金矿业,a,cn
2023-02-28,000300,601901,方正证券,a,cn
2023-02-28,000300,601919,中远海控,a,cn
2023-02-28,000300,601939,建设银行,a,cn
2023-02-28,000300,601966,玲珑轮胎,a,cn
2023-02-28,000300,601985,中国核电,a,cn
2023-02-28,000300,601988,中国银行,a,cn
2023-02-28,000300,601989,中国重工,a,cn
2023-02-28,000300,601995,中金公司,a,cn
2023-02-28,000300,601998,中信银行,a,cn
2023-02-28,000300,603019,中科曙光,a,cn
2023-02-28,000300,603185,弘元绿能,a,cn
2023-02-28,000300,603195,公牛集团,a,cn
2023-02-28,000300,603259,药明康德,a,cn
2023-02-28,000300,603260,合盛硅业,a,cn
2023-02-28,000300,603288,海天味业,a,cn
2023-02-28,000300,603290,斯达半导,a,cn
2023-02-28,000300,603369,今世缘,a,cn
2023-02-28,000300,603392,万泰生物,a,cn
2023-02-28,000300,603486,科沃斯,a,cn
2023-02-28,000300,603501,豪威集团,a,cn
2023-02-28,000300,603659,璞泰来,a,cn
2023-02-28,000300,603799,华友钴业,a,cn
2023-02-28,000300,603806,福斯特,a,cn
2023-02-28,000300,603833,欧派家居,a,cn
2023-02-28,000300,603882,金域医学,a,cn
2023-02-28,000300,603899,晨光股份,a,cn
2023-02-28,000300,603986,兆易创新,a,cn
2023-02-28,000300,603993,洛阳钼业,a,cn
2023-02-28,000300,605117,德业股份,a,cn
2023-02-28,000300,605499,东鹏饮料,a,cn
2023-02-28,000300,688005,容百科技,a,cn
2023-02-28,000300,688008,澜起科技,a,cn
2023-02-28,000300,688012,中微公司,a,cn
2023-02-28,000300,688036,传音控股,a,cn
2023-02-28,000300,688065,凯赛生物,a,cn
2023-02-28,000300,688111,金山办公,a,cn
2023-02-28,000300,688126,沪硅产业,a,cn
2023-02-28,000300,688169,石头科技,a,cn
2023-02-28,000300,688187,时代电气,a,cn
2023-02-28,000300,688303,大全能源,a,cn
2023-02-28,000300,688363,华熙生物,a,cn
2023-02-28,000300,688396,华润微,a,cn
2023-02-28,000300,688561,奇安信,a,cn
2023-02-28,000300,688599,天合光能,a,cn
2023-02-28,000300,688981,中芯国际,a,cn
2023-03-31,000300,000001,平安银行,a,cn
2023-03-31,000300,000002,万科A,a,cn
2023-03-31,000300,000063,中兴通讯,a,cn
2023-03-31,000300,000069,华侨城A,a,cn
2023-03-31,000300,000100,TCL科技,a,cn
2023-03-31,000300,000157,中联重科,a,cn
2023-03-31,000300,000166,申万宏源,a,cn
2023-03-31,000300,000301,东方盛虹,a,cn
2023-03-31,000300,000333,美的集团,a,cn
2023-03-31,000300,000338,潍柴动力,a,cn
2023-03-31,000300,000408,藏格矿业,a,cn
2023-03-31,000300,000425,徐工机械,a,cn
2023-03-31,000300,000538,云南白药,a,cn
2023-03-31,000300,000568,泸州老窖,a,cn
2023-03-31,000300,000596,古井贡酒,a,cn
2023-03-31,000300,000625,长安汽车,a,cn
2023-03-31,000300,000651,格力电器,a,cn
2023-03-31,000300,000661,长春高新,a,cn
2023-03-31,000300,000708,中信特钢,a,cn
2023-03-31,000300,000723,美锦能源,a,cn
2023-03-31,000300,000725,京东方A,a,cn
2023-03-31,000300,000733,振华科技,a,cn
2023-03-31,000300,000768,中航西飞,a,cn
2023-03-31,000300,000776,广发证券,a,cn
2023-03-31,000300,000786,北新建材,a,cn
2023-03-31,000300,000792,盐湖股份,a,cn
2023-03-31,000300,000800,一汽解放,a,cn
2023-03-31,000300,000858,五粮液,a,cn
2023-03-31,000300,000876,新希望,a,cn
2023-03-31,000300,000877,天山股份,a,cn
2023-03-31,000300,000895,双汇发展,a,cn
2023-03-31,000300,000938,紫光股份,a,cn
2023-03-31,000300,000963,华东医药,a,cn
2023-03-31,000300,000977,浪潮信息,a,cn
2023-03-31,000300,001289,龙源电力,a,cn
2023-03-31,000300,001979,招商蛇口,a,cn
2023-03-31,000300,002001,新和成,a,cn
2023-03-31,000300,002007,华兰生物,a,cn
2023-03-31,000300,002008,大族激光,a,cn
2023-03-31,000300,002027,分众传媒,a,cn
2023-03-31,000300,002032,苏泊尔,a,cn
2023-03-31,000300,002049,紫光国微,a,cn
2023-03-31,000300,002050,三花智控,a,cn
2023-03-31,000300,002064,华峰化学,a,cn
2023-03-31,000300,002074,国轩高科,a,cn
2023-03-31,000300,002120,韵达股份,a,cn
2023-03-31,000300,002129,TCL中环,a,cn
2023-03-31,000300,002142,宁波银行,a,cn
2023-03-31,000300,002179,中航光电,a,cn
2023-03-31,000300,002180,奔图科技,a,cn
2023-03-31,000300,002202,金风科技,a,cn
2023-03-31,000300,002230,科大讯飞,a,cn
2023-03-31,000300,002236,大华股份,a,cn
2023-03-31,000300,002241,歌尔股份,a,cn
2023-03-31,000300,002252,上海莱士,a,cn
2023-03-31,000300,002271,东方雨虹,a,cn
2023-03-31,000300,002304,洋河股份,a,cn
2023-03-31,000300,002311,海大集团,a,cn
2023-03-31,000300,002352,顺丰控股,a,cn
2023-03-31,000300,002371,北方华创,a,cn
2023-03-31,000300,002410,广联达,a,cn
2023-03-31,000300,002414,高德红外,a,cn
2023-03-31,000300,002415,海康威视,a,cn
2023-03-31,000300,002459,晶澳科技,a,cn
2023-03-31,000300,002460,赣锋锂业,a,cn
2023-03-31,000300,002466,天齐锂业,a,cn
2023-03-31,000300,002475,立讯精密,a,cn
2023-03-31,000300,002493,荣盛石化,a,cn
2023-03-31,000300,002555,三七互娱,a,cn
2023-03-31,000300,002594,比亚迪,a,cn
2023-03-31,000300,002600,领益智造,a,cn
2023-03-31,000300,002601,龙佰集团,a,cn
2023-03-31,000300,002602,世纪华通,a,cn
2023-03-31,000300,002648,卫星化学,a,cn
2023-03-31,000300,002709,天赐材料,a,cn
2023-03-31,000300,002714,牧原股份,a,cn
2023-03-31,000300,002736,国信证券,a,cn
2023-03-31,000300,002756,永兴材料,a,cn
2023-03-31,000300,002812,恩捷股份,a,cn
2023-03-31,000300,002821,凯莱英,a,cn
2023-03-31,000300,002841,视源股份,a,cn
2023-03-31,000300,002916,深南电路,a,cn
2023-03-31,000300,002920,德赛西威,a,cn
2023-03-31,000300,002938,鹏鼎控股,a,cn
2023-03-31,000300,003816,中国广核,a,cn
2023-03-31,000300,300014,亿纬锂能,a,cn
2023-03-31,000300,300015,爱尔眼科,a,cn
2023-03-31,000300,300033,同花顺,a,cn
2023-03-31,000300,300059,东方财富,a,cn
2023-03-31,000300,300122,智飞生物,a,cn
2023-03-31,000300,300124,汇川技术,a,cn
2023-03-31,000300,300142,沃森生物,a,cn
2023-03-31,000300,300207,欣旺达,a,cn
2023-03-31,000300,300223,北京君正,a,cn
2023-03-31,000300,300274,阳光电源,a,cn
2023-03-31,000300,300316,晶盛机电,a,cn
2023-03-31,000300,300347,泰格医药,a,cn
2023-03-31,000300,300408,三环集团,a,cn
2023-03-31,000300,300413,芒果超媒,a,cn
2023-03-31,000300,300433,蓝思科技,a,cn
2023-03-31,000300,300450,先导智能,a,cn
2023-03-31,000300,300454,深信服,a,cn
2023-03-31,000300,300496,中科创达,a,cn
2023-03-31,000300,300498,温氏股份,a,cn
2023-03-31,000300,300529,健帆生物,a,cn
2023-03-31,000300,300595,欧普康视,a,cn
2023-03-31,000300,300601,康泰生物,a,cn
2023-03-31,000300,300628,亿联网络,a,cn
2023-03-31,000300,300661,圣邦股份,a,cn
2023-03-31,000300,300750,宁德时代,a,cn
2023-03-31,000300,300751,迈为股份,a,cn
2023-03-31,000300,300759,康龙化成,a,cn
2023-03-31,000300,300760,迈瑞医疗,a,cn
2023-03-31,000300,300763,锦浪科技,a,cn
2023-03-31,000300,300769,德方纳米,a,cn
2023-03-31,000300,300782,卓胜微,a,cn
2023-03-31,000300,300896,爱美客,a,cn
2023-03-31,000300,300919,中伟新材,a,cn
2023-03-31,000300,300957,贝泰妮,a,cn
2023-03-31,000300,300979,华利集团,a,cn
2023-03-31,000300,300999,金龙鱼,a,cn
2023-03-31,000300,600000,浦发银行,a,cn
2023-03-31,000300,600009,上海机场,a,cn
2023-03-31,000300,600010,包钢股份,a,cn
2023-03-31,000300,600011,华能国际,a,cn
2023-03-31,000300,600015,华夏银行,a,cn
2023-03-31,000300,600016,民生银行,a,cn
2023-03-31,000300,600018,上港集团,a,cn
2023-03-31,000300,600019,宝钢股份,a,cn
2023-03-31,000300,600025,华能水电,a,cn
2023-03-31,000300,600028,中国石化,a,cn
2023-03-31,000300,600029,南方航空,a,cn
2023-03-31,000300,600030,中信证券,a,cn
2023-03-31,000300,600031,三一重工,a,cn
2023-03-31,000300,600036,招商银行,a,cn
2023-03-31,000300,600039,四川路桥,a,cn
2023-03-31,000300,600048,保利发展,a,cn
2023-03-31,000300,600050,中国联通,a,cn
2023-03-31,000300,600061,国投资本,a,cn
2023-03-31,000300,600085,同仁堂,a,cn
2023-03-31,000300,600089,特变电工,a,cn
2023-03-31,000300,600104,上汽集团,a,cn
2023-03-31,000300,600111,北方稀土,a,cn
2023-03-31,000300,600115,中国东航,a,cn
2023-03-31,000300,600132,重庆啤酒,a,cn
2023-03-31,000300,600150,中国船舶,a,cn
2023-03-31,000300,600176,中国巨石,a,cn
2023-03-31,000300,600183,生益科技,a,cn
2023-03-31,000300,600188,兖矿能源,a,cn
2023-03-31,000300,600196,复星医药,a,cn
2023-03-31,000300,600219,南山铝业,a,cn
2023-03-31,000300,600233,圆通速递,a,cn
2023-03-31,000300,600276,恒瑞医药,a,cn
2023-03-31,000300,600309,万华化学,a,cn
2023-03-31,000300,600332,白云山,a,cn
2023-03-31,000300,600346,恒力石化,a,cn
2023-03-31,000300,600362,江西铜业,a,cn
2023-03-31,000300,600383,金地集团,a,cn
2023-03-31,000300,600406,国电南瑞,a,cn
2023-03-31,000300,600426,华鲁恒升,a,cn
2023-03-31,000300,600436,片仔癀,a,cn
2023-03-31,000300,600438,通威股份,a,cn
2023-03-31,000300,600460,士兰微,a,cn
2023-03-31,000300,600519,贵州茅台,a,cn
2023-03-31,000300,600547,山东黄金,a,cn
2023-03-31,000300,600570,恒生电子,a,cn
2023-03-31,000300,600584,长电科技,a,cn
2023-03-31,000300,600585,海螺水泥,a,cn
2023-03-31,000300,600588,用友网络,a,cn
2023-03-31,000300,600600,青岛啤酒,a,cn
2023-03-31,000300,600606,绿地控股,a,cn
2023-03-31,000300,600660,福耀玻璃,a,cn
2023-03-31,000300,600674,川投能源,a,cn
2023-03-31,000300,600690,海尔智家,a,cn
2023-03-31,000300,600741,华域汽车,a,cn
2023-03-31,000300,600745,*ST闻泰,a,cn
2023-03-31,000300,600760,中航沈飞,a,cn
2023-03-31,000300,600763,通策医疗,a,cn
2023-03-31,000300,600795,国电电力,a,cn
2023-03-31,000300,600803,新奥股份,a,cn
2023-03-31,000300,600809,山西汾酒,a,cn
2023-03-31,000300,600837,海通证券,a,cn
2023-03-31,000300,600845,宝信软件,a,cn
2023-03-31,000300,600884,杉杉股份,a,cn
2023-03-31,000300,600886,国投电力,a,cn
2023-03-31,000300,600887,伊利股份,a,cn
2023-03-31,000300,600893,航发动力,a,cn
2023-03-31,000300,600900,长江电力,a,cn
2023-03-31,000300,600905,三峡能源,a,cn
2023-03-31,000300,600918,中泰证券,a,cn
2023-03-31,000300,600919,江苏银行,a,cn
2023-03-31,000300,600926,杭州银行,a,cn
2023-03-31,000300,600941,中国移动,a,cn
2023-03-31,000300,600958,东方证券,a,cn
2023-03-31,000300,600989,宝丰能源,a,cn
2023-03-31,000300,600999,招商证券,a,cn
2023-03-31,000300,601006,大秦铁路,a,cn
2023-03-31,000300,601009,南京银行,a,cn
2023-03-31,000300,601012,隆基绿能,a,cn
2023-03-31,000300,601021,春秋航空,a,cn
2023-03-31,000300,601066,中信建投,a,cn
2023-03-31,000300,601088,中国神华,a,cn
2023-03-31,000300,601100,恒立液压,a,cn
2023-03-31,000300,601111,中国国航,a,cn
2023-03-31,000300,601117,中国化学,a,cn
2023-03-31,000300,601138,工业富联,a,cn
2023-03-31,000300,601155,新城控股,a,cn
2023-03-31,000300,601166,兴业银行,a,cn
2023-03-31,000300,601169,北京银行,a,cn
2023-03-31,000300,601186,中国铁建,a,cn
2023-03-31,000300,601211,国泰海通,a,cn
2023-03-31,000300,601216,君正集团,a,cn
2023-03-31,000300,601225,陕西煤业,a,cn
2023-03-31,000300,601229,上海银行,a,cn
2023-03-31,000300,601236,红塔证券,a,cn
2023-03-31,000300,601238,广汽集团,a,cn
2023-03-31,000300,601288,农业银行,a,cn
2023-03-31,000300,601318,中国平安,a,cn
2023-03-31,000300,601319,中国人保,a,cn
2023-03-31,000300,601328,交通银行,a,cn
2023-03-31,000300,601336,新华保险,a,cn
2023-03-31,000300,601360,三六零,a,cn
2023-03-31,000300,601377,兴业证券,a,cn
2023-03-31,000300,601390,中国中铁,a,cn
2023-03-31,000300,601398,工商银行,a,cn
2023-03-31,000300,601600,中国铝业,a,cn
2023-03-31,000300,601601,中国太保,a,cn
2023-03-31,000300,601615,明阳智能,a,cn
2023-03-31,000300,601618,中国中冶,a,cn
2023-03-31,000300,601628,中国人寿,a,cn
2023-03-31,000300,601633,长城汽车,a,cn
2023-03-31,000300,601658,邮储银行,a,cn
2023-03-31,000300,601668,中国建筑,a,cn
2023-03-31,000300,601669,中国电建,a,cn
2023-03-31,000300,601688,华泰证券,a,cn
2023-03-31,000300,601689,拓普集团,a,cn
2023-03-31,000300,601698,中国卫通,a,cn
2023-03-31,000300,601728,中国电信,a,cn
2023-03-31,000300,601766,中国中车,a,cn
2023-03-31,000300,601788,光大证券,a,cn
2023-03-31,000300,601799,星宇股份,a,cn
2023-03-31,000300,601800,中国交建,a,cn
2023-03-31,000300,601808,中海油服,a,cn
2023-03-31,000300,601816,京沪高铁,a,cn
2023-03-31,000300,601818,光大银行,a,cn
2023-03-31,000300,601838,成都银行,a,cn
2023-03-31,000300,601857,中国石油,a,cn
2023-03-31,000300,601865,福莱特,a,cn
2023-03-31,000300,601868,中国能建,a,cn
2023-03-31,000300,601877,正泰电器,a,cn
2023-03-31,000300,601878,浙商证券,a,cn
2023-03-31,000300,601881,中国银河,a,cn
2023-03-31,000300,601888,中国中免,a,cn
2023-03-31,000300,601898,中煤能源,a,cn
2023-03-31,000300,601899,紫金矿业,a,cn
2023-03-31,000300,601901,方正证券,a,cn
2023-03-31,000300,601919,中远海控,a,cn
2023-03-31,000300,601939,建设银行,a,cn
2023-03-31,000300,601966,玲珑轮胎,a,cn
2023-03-31,000300,601985,中国核电,a,cn
2023-03-31,000300,601988,中国银行,a,cn
2023-03-31,000300,601989,中国重工,a,cn
2023-03-31,000300,601995,中金公司,a,cn
2023-03-31,000300,601998,中信银行,a,cn
2023-03-31,000300,603019,中科曙光,a,cn
2023-03-31,000300,603185,弘元绿能,a,cn
2023-03-31,000300,603195,公牛集团,a,cn
2023-03-31,000300,603259,药明康德,a,cn
2023-03-31,000300,603260,合盛硅业,a,cn
2023-03-31,000300,603288,海天味业,a,cn
2023-03-31,000300,603290,斯达半导,a,cn
2023-03-31,000300,603369,今世缘,a,cn
2023-03-31,000300,603392,万泰生物,a,cn
2023-03-31,000300,603486,科沃斯,a,cn
2023-03-31,000300,603501,豪威集团,a,cn
2023-03-31,000300,603659,璞泰来,a,cn
2023-03-31,000300,603799,华友钴业,a,cn
2023-03-31,000300,603806,福斯特,a,cn
2023-03-31,000300,603833,欧派家居,a,cn
2023-03-31,000300,603882,金域医学,a,cn
2023-03-31,000300,603899,晨光股份,a,cn
2023-03-31,000300,603986,兆易创新,a,cn
2023-03-31,000300,603993,洛阳钼业,a,cn
2023-03-31,000300,605117,德业股份,a,cn
2023-03-31,000300,605499,东鹏饮料,a,cn
2023-03-31,000300,688005,容百科技,a,cn
2023-03-31,000300,688008,澜起科技,a,cn
2023-03-31,000300,688012,中微公司,a,cn
2023-03-31,000300,688036,传音控股,a,cn
2023-03-31,000300,688065,凯赛生物,a,cn
2023-03-31,000300,688111,金山办公,a,cn
2023-03-31,000300,688126,沪硅产业,a,cn
2023-03-31,000300,688169,石头科技,a,cn
2023-03-31,000300,688187,时代电气,a,cn
2023-03-31,000300,688303,大全能源,a,cn
2023-03-31,000300,688363,华熙生物,a,cn
2023-03-31,000300,688396,华润微,a,cn
2023-03-31,000300,688561,奇安信,a,cn
2023-03-31,000300,688599,天合光能,a,cn
2023-03-31,000300,688981,中芯国际,a,cn
2023-04-28,000300,000001,平安银行,a,cn
2023-04-28,000300,000002,万科A,a,cn
2023-04-28,000300,000063,中兴通讯,a,cn
2023-04-28,000300,000069,华侨城A,a,cn
2023-04-28,000300,000100,TCL科技,a,cn
2023-04-28,000300,000157,中联重科,a,cn
2023-04-28,000300,000166,申万宏源,a,cn
2023-04-28,000300,000301,东方盛虹,a,cn
2023-04-28,000300,000333,美的集团,a,cn
2023-04-28,000300,000338,潍柴动力,a,cn
2023-04-28,000300,000408,藏格矿业,a,cn
2023-04-28,000300,000425,徐工机械,a,cn
2023-04-28,000300,000538,云南白药,a,cn
2023-04-28,000300,000568,泸州老窖,a,cn
2023-04-28,000300,000596,古井贡酒,a,cn
2023-04-28,000300,000625,长安汽车,a,cn
2023-04-28,000300,000651,格力电器,a,cn
2023-04-28,000300,000661,长春高新,a,cn
2023-04-28,000300,000708,中信特钢,a,cn
2023-04-28,000300,000723,美锦能源,a,cn
2023-04-28,000300,000725,京东方A,a,cn
2023-04-28,000300,000733,振华科技,a,cn
2023-04-28,000300,000768,中航西飞,a,cn
2023-04-28,000300,000776,广发证券,a,cn
2023-04-28,000300,000786,北新建材,a,cn
2023-04-28,000300,000792,盐湖股份,a,cn
2023-04-28,000300,000800,一汽解放,a,cn
2023-04-28,000300,000858,五粮液,a,cn
2023-04-28,000300,000876,新希望,a,cn
2023-04-28,000300,000877,天山股份,a,cn
2023-04-28,000300,000895,双汇发展,a,cn
2023-04-28,000300,000938,紫光股份,a,cn
2023-04-28,000300,000963,华东医药,a,cn
2023-04-28,000300,000977,浪潮信息,a,cn
2023-04-28,000300,001289,龙源电力,a,cn
2023-04-28,000300,001979,招商蛇口,a,cn
2023-04-28,000300,002001,新和成,a,cn
2023-04-28,000300,002007,华兰生物,a,cn
2023-04-28,000300,002008,大族激光,a,cn
2023-04-28,000300,002027,分众传媒,a,cn
2023-04-28,000300,002032,苏泊尔,a,cn
2023-04-28,000300,002049,紫光国微,a,cn
2023-04-28,000300,002050,三花智控,a,cn
2023-04-28,000300,002064,华峰化学,a,cn
2023-04-28,000300,002074,国轩高科,a,cn
2023-04-28,000300,002120,韵达股份,a,cn
2023-04-28,000300,002129,TCL中环,a,cn
2023-04-28,000300,002142,宁波银行,a,cn
2023-04-28,000300,002179,中航光电,a,cn
2023-04-28,000300,002180,奔图科技,a,cn
2023-04-28,000300,002202,金风科技,a,cn
2023-04-28,000300,002230,科大讯飞,a,cn
2023-04-28,000300,002236,大华股份,a,cn
2023-04-28,000300,002241,歌尔股份,a,cn
2023-04-28,000300,002252,上海莱士,a,cn
2023-04-28,000300,002271,东方雨虹,a,cn
2023-04-28,000300,002304,洋河股份,a,cn
2023-04-28,000300,002311,海大集团,a,cn
2023-04-28,000300,002352,顺丰控股,a,cn
2023-04-28,000300,002371,北方华创,a,cn
2023-04-28,000300,002410,广联达,a,cn
2023-04-28,000300,002414,高德红外,a,cn
2023-04-28,000300,002415,海康威视,a,cn
2023-04-28,000300,002459,晶澳科技,a,cn
2023-04-28,000300,002460,赣锋锂业,a,cn
2023-04-28,000300,002466,天齐锂业,a,cn
2023-04-28,000300,002475,立讯精密,a,cn
2023-04-28,000300,002493,荣盛石化,a,cn
2023-04-28,000300,002555,三七互娱,a,cn
2023-04-28,000300,002594,比亚迪,a,cn
2023-04-28,000300,002600,领益智造,a,cn
2023-04-28,000300,002601,龙佰集团,a,cn
2023-04-28,000300,002602,世纪华通,a,cn
2023-04-28,000300,002648,卫星化学,a,cn
2023-04-28,000300,002709,天赐材料,a,cn
2023-04-28,000300,002714,牧原股份,a,cn
2023-04-28,000300,002736,国信证券,a,cn
2023-04-28,000300,002756,永兴材料,a,cn
2023-04-28,000300,002812,恩捷股份,a,cn
2023-04-28,000300,002821,凯莱英,a,cn
2023-04-28,000300,002841,视源股份,a,cn
2023-04-28,000300,002916,深南电路,a,cn
2023-04-28,000300,002920,德赛西威,a,cn
2023-04-28,000300,002938,鹏鼎控股,a,cn
2023-04-28,000300,003816,中国广核,a,cn
2023-04-28,000300,300014,亿纬锂能,a,cn
2023-04-28,000300,300015,爱尔眼科,a,cn
2023-04-28,000300,300033,同花顺,a,cn
2023-04-28,000300,300059,东方财富,a,cn
2023-04-28,000300,300122,智飞生物,a,cn
2023-04-28,000300,300124,汇川技术,a,cn
2023-04-28,000300,300142,沃森生物,a,cn
2023-04-28,000300,300207,欣旺达,a,cn
2023-04-28,000300,300223,北京君正,a,cn
2023-04-28,000300,300274,阳光电源,a,cn
2023-04-28,000300,300316,晶盛机电,a,cn
2023-04-28,000300,300347,泰格医药,a,cn
2023-04-28,000300,300408,三环集团,a,cn
2023-04-28,000300,300413,芒果超媒,a,cn
2023-04-28,000300,300433,蓝思科技,a,cn
2023-04-28,000300,300450,先导智能,a,cn
2023-04-28,000300,300454,深信服,a,cn
2023-04-28,000300,300496,中科创达,a,cn
2023-04-28,000300,300498,温氏股份,a,cn
2023-04-28,000300,300529,健帆生物,a,cn
2023-04-28,000300,300595,欧普康视,a,cn
2023-04-28,000300,300601,康泰生物,a,cn
2023-04-28,000300,300628,亿联网络,a,cn
2023-04-28,000300,300661,圣邦股份,a,cn
2023-04-28,000300,300750,宁德时代,a,cn
2023-04-28,000300,300751,迈为股份,a,cn
2023-04-28,000300,300759,康龙化成,a,cn
2023-04-28,000300,300760,迈瑞医疗,a,cn
2023-04-28,000300,300763,锦浪科技,a,cn
2023-04-28,000300,300769,德方纳米,a,cn
2023-04-28,000300,300782,卓胜微,a,cn
2023-04-28,000300,300896,爱美客,a,cn
2023-04-28,000300,300919,中伟新材,a,cn
2023-04-28,000300,300957,贝泰妮,a,cn
2023-04-28,000300,300979,华利集团,a,cn
2023-04-28,000300,300999,金龙鱼,a,cn
2023-04-28,000300,600000,浦发银行,a,cn
2023-04-28,000300,600009,上海机场,a,cn
2023-04-28,000300,600010,包钢股份,a,cn
2023-04-28,000300,600011,华能国际,a,cn
2023-04-28,000300,600015,华夏银行,a,cn
2023-04-28,000300,600016,民生银行,a,cn
2023-04-28,000300,600018,上港集团,a,cn
2023-04-28,000300,600019,宝钢股份,a,cn
2023-04-28,000300,600025,华能水电,a,cn
2023-04-28,000300,600028,中国石化,a,cn
2023-04-28,000300,600029,南方航空,a,cn
2023-04-28,000300,600030,中信证券,a,cn
2023-04-28,000300,600031,三一重工,a,cn
2023-04-28,000300,600036,招商银行,a,cn
2023-04-28,000300,600039,四川路桥,a,cn
2023-04-28,000300,600048,保利发展,a,cn
2023-04-28,000300,600050,中国联通,a,cn
2023-04-28,000300,600061,国投资本,a,cn
2023-04-28,000300,600085,同仁堂,a,cn
2023-04-28,000300,600089,特变电工,a,cn
2023-04-28,000300,600104,上汽集团,a,cn
2023-04-28,000300,600111,北方稀土,a,cn
2023-04-28,000300,600115,中国东航,a,cn
2023-04-28,000300,600132,重庆啤酒,a,cn
2023-04-28,000300,600150,中国船舶,a,cn
2023-04-28,000300,600176,中国巨石,a,cn
2023-04-28,000300,600183,生益科技,a,cn
2023-04-28,000300,600188,兖矿能源,a,cn
2023-04-28,000300,600196,复星医药,a,cn
2023-04-28,000300,600219,南山铝业,a,cn
2023-04-28,000300,600233,圆通速递,a,cn
2023-04-28,000300,600276,恒瑞医药,a,cn
2023-04-28,000300,600309,万华化学,a,cn
2023-04-28,000300,600332,白云山,a,cn
2023-04-28,000300,600346,恒力石化,a,cn
2023-04-28,000300,600362,江西铜业,a,cn
2023-04-28,000300,600383,金地集团,a,cn
2023-04-28,000300,600406,国电南瑞,a,cn
2023-04-28,000300,600426,华鲁恒升,a,cn
2023-04-28,000300,600436,片仔癀,a,cn
2023-04-28,000300,600438,通威股份,a,cn
2023-04-28,000300,600460,士兰微,a,cn
2023-04-28,000300,600519,贵州茅台,a,cn
2023-04-28,000300,600547,山东黄金,a,cn
2023-04-28,000300,600570,恒生电子,a,cn
2023-04-28,000300,600584,长电科技,a,cn
2023-04-28,000300,600585,海螺水泥,a,cn
2023-04-28,000300,600588,用友网络,a,cn
2023-04-28,000300,600600,青岛啤酒,a,cn
2023-04-28,000300,600606,绿地控股,a,cn
2023-04-28,000300,600660,福耀玻璃,a,cn
2023-04-28,000300,600674,川投能源,a,cn
2023-04-28,000300,600690,海尔智家,a,cn
2023-04-28,000300,600741,华域汽车,a,cn
2023-04-28,000300,600745,*ST闻泰,a,cn
2023-04-28,000300,600760,中航沈飞,a,cn
2023-04-28,000300,600763,通策医疗,a,cn
2023-04-28,000300,600795,国电电力,a,cn
2023-04-28,000300,600803,新奥股份,a,cn
2023-04-28,000300,600809,山西汾酒,a,cn
2023-04-28,000300,600837,海通证券,a,cn
2023-04-28,000300,600845,宝信软件,a,cn
2023-04-28,000300,600884,杉杉股份,a,cn
2023-04-28,000300,600886,国投电力,a,cn
2023-04-28,000300,600887,伊利股份,a,cn
2023-04-28,000300,600893,航发动力,a,cn
2023-04-28,000300,600900,长江电力,a,cn
2023-04-28,000300,600905,三峡能源,a,cn
2023-04-28,000300,600918,中泰证券,a,cn
2023-04-28,000300,600919,江苏银行,a,cn
2023-04-28,000300,600926,杭州银行,a,cn
2023-04-28,000300,600941,中国移动,a,cn
2023-04-28,000300,600958,东方证券,a,cn
2023-04-28,000300,600989,宝丰能源,a,cn
2023-04-28,000300,600999,招商证券,a,cn
2023-04-28,000300,601006,大秦铁路,a,cn
2023-04-28,000300,601009,南京银行,a,cn
2023-04-28,000300,601012,隆基绿能,a,cn
2023-04-28,000300,601021,春秋航空,a,cn
2023-04-28,000300,601066,中信建投,a,cn
2023-04-28,000300,601088,中国神华,a,cn
2023-04-28,000300,601100,恒立液压,a,cn
2023-04-28,000300,601111,中国国航,a,cn
2023-04-28,000300,601117,中国化学,a,cn
2023-04-28,000300,601138,工业富联,a,cn
2023-04-28,000300,601155,新城控股,a,cn
2023-04-28,000300,601166,兴业银行,a,cn
2023-04-28,000300,601169,北京银行,a,cn
2023-04-28,000300,601186,中国铁建,a,cn
2023-04-28,000300,601211,国泰海通,a,cn
2023-04-28,000300,601216,君正集团,a,cn
2023-04-28,000300,601225,陕西煤业,a,cn
2023-04-28,000300,601229,上海银行,a,cn
2023-04-28,000300,601236,红塔证券,a,cn
2023-04-28,000300,601238,广汽集团,a,cn
2023-04-28,000300,601288,农业银行,a,cn
2023-04-28,000300,601318,中国平安,a,cn
2023-04-28,000300,601319,中国人保,a,cn
2023-04-28,000300,601328,交通银行,a,cn
2023-04-28,000300,601336,新华保险,a,cn
2023-04-28,000300,601360,三六零,a,cn
2023-04-28,000300,601377,兴业证券,a,cn
2023-04-28,000300,601390,中国中铁,a,cn
2023-04-28,000300,601398,工商银行,a,cn
2023-04-28,000300,601600,中国铝业,a,cn
2023-04-28,000300,601601,中国太保,a,cn
2023-04-28,000300,601615,明阳智能,a,cn
2023-04-28,000300,601618,中国中冶,a,cn
2023-04-28,000300,601628,中国人寿,a,cn
2023-04-28,000300,601633,长城汽车,a,cn
2023-04-28,000300,601658,邮储银行,a,cn
2023-04-28,000300,601668,中国建筑,a,cn
2023-04-28,000300,601669,中国电建,a,cn
2023-04-28,000300,601688,华泰证券,a,cn
2023-04-28,000300,601689,拓普集团,a,cn
2023-04-28,000300,601698,中国卫通,a,cn
2023-04-28,000300,601728,中国电信,a,cn
2023-04-28,000300,601766,中国中车,a,cn
2023-04-28,000300,601788,光大证券,a,cn
2023-04-28,000300,601799,星宇股份,a,cn
2023-04-28,000300,601800,中国交建,a,cn
2023-04-28,000300,601808,中海油服,a,cn
2023-04-28,000300,601816,京沪高铁,a,cn
2023-04-28,000300,601818,光大银行,a,cn
2023-04-28,000300,601838,成都银行,a,cn
2023-04-28,000300,601857,中国石油,a,cn
2023-04-28,000300,601865,福莱特,a,cn
2023-04-28,000300,601868,中国能建,a,cn
2023-04-28,000300,601877,正泰电器,a,cn
2023-04-28,000300,601878,浙商证券,a,cn
2023-04-28,000300,601881,中国银河,a,cn
2023-04-28,000300,601888,中国中免,a,cn
2023-04-28,000300,601898,中煤能源,a,cn
2023-04-28,000300,601899,紫金矿业,a,cn
2023-04-28,000300,601901,方正证券,a,cn
2023-04-28,000300,601919,中远海控,a,cn
2023-04-28,000300,601939,建设银行,a,cn
2023-04-28,000300,601966,玲珑轮胎,a,cn
2023-04-28,000300,601985,中国核电,a,cn
2023-04-28,000300,601988,中国银行,a,cn
2023-04-28,000300,601989,中国重工,a,cn
2023-04-28,000300,601995,中金公司,a,cn
2023-04-28,000300,601998,中信银行,a,cn
2023-04-28,000300,603019,中科曙光,a,cn
2023-04-28,000300,603185,弘元绿能,a,cn
2023-04-28,000300,603195,公牛集团,a,cn
2023-04-28,000300,603259,药明康德,a,cn
2023-04-28,000300,603260,合盛硅业,a,cn
2023-04-28,000300,603288,海天味业,a,cn
2023-04-28,000300,603290,斯达半导,a,cn
2023-04-28,000300,603369,今世缘,a,cn
2023-04-28,000300,603392,万泰生物,a,cn
2023-04-28,000300,603486,科沃斯,a,cn
2023-04-28,000300,603501,豪威集团,a,cn
2023-04-28,000300,603659,璞泰来,a,cn
2023-04-28,000300,603799,华友钴业,a,cn
2023-04-28,000300,603806,福斯特,a,cn
2023-04-28,000300,603833,欧派家居,a,cn
2023-04-28,000300,603882,金域医学,a,cn
2023-04-28,000300,603899,晨光股份,a,cn
2023-04-28,000300,603986,兆易创新,a,cn
2023-04-28,000300,603993,洛阳钼业,a,cn
2023-04-28,000300,605117,德业股份,a,cn
2023-04-28,000300,605499,东鹏饮料,a,cn
2023-04-28,000300,688005,容百科技,a,cn
2023-04-28,000300,688008,澜起科技,a,cn
2023-04-28,000300,688012,中微公司,a,cn
2023-04-28,000300,688036,传音控股,a,cn
2023-04-28,000300,688065,凯赛生物,a,cn
2023-04-28,000300,688111,金山办公,a,cn
2023-04-28,000300,688126,沪硅产业,a,cn
2023-04-28,000300,688169,石头科技,a,cn
2023-04-28,000300,688187,时代电气,a,cn
2023-04-28,000300,688303,大全能源,a,cn
2023-04-28,000300,688363,华熙生物,a,cn
2023-04-28,000300,688396,华润微,a,cn
2023-04-28,000300,688561,奇安信,a,cn
2023-04-28,000300,688599,天合光能,a,cn
2023-04-28,000300,688981,中芯国际,a,cn
2023-05-31,000300,000001,平安银行,a,cn
2023-05-31,000300,000002,万科A,a,cn
2023-05-31,000300,000063,中兴通讯,a,cn
2023-05-31,000300,000069,华侨城A,a,cn
2023-05-31,000300,000100,TCL科技,a,cn
2023-05-31,000300,000157,中联重科,a,cn
2023-05-31,000300,000166,申万宏源,a,cn
2023-05-31,000300,000301,东方盛虹,a,cn
2023-05-31,000300,000333,美的集团,a,cn
2023-05-31,000300,000338,潍柴动力,a,cn
2023-05-31,000300,000408,藏格矿业,a,cn
2023-05-31,000300,000425,徐工机械,a,cn
2023-05-31,000300,000538,云南白药,a,cn
2023-05-31,000300,000568,泸州老窖,a,cn
2023-05-31,000300,000596,古井贡酒,a,cn
2023-05-31,000300,000625,长安汽车,a,cn
2023-05-31,000300,000651,格力电器,a,cn
2023-05-31,000300,000661,长春高新,a,cn
2023-05-31,000300,000708,中信特钢,a,cn
2023-05-31,000300,000723,美锦能源,a,cn
2023-05-31,000300,000725,京东方A,a,cn
2023-05-31,000300,000733,振华科技,a,cn
2023-05-31,000300,000768,中航西飞,a,cn
2023-05-31,000300,000776,广发证券,a,cn
2023-05-31,000300,000786,北新建材,a,cn
2023-05-31,000300,000792,盐湖股份,a,cn
2023-05-31,000300,000800,一汽解放,a,cn
2023-05-31,000300,000858,五粮液,a,cn
2023-05-31,000300,000876,新希望,a,cn
2023-05-31,000300,000877,天山股份,a,cn
2023-05-31,000300,000895,双汇发展,a,cn
2023-05-31,000300,000938,紫光股份,a,cn
2023-05-31,000300,000963,华东医药,a,cn
2023-05-31,000300,000977,浪潮信息,a,cn
2023-05-31,000300,001289,龙源电力,a,cn
2023-05-31,000300,001979,招商蛇口,a,cn
2023-05-31,000300,002001,新和成,a,cn
2023-05-31,000300,002007,华兰生物,a,cn
2023-05-31,000300,002008,大族激光,a,cn
2023-05-31,000300,002027,分众传媒,a,cn
2023-05-31,000300,002032,苏泊尔,a,cn
2023-05-31,000300,002049,紫光国微,a,cn
2023-05-31,000300,002050,三花智控,a,cn
2023-05-31,000300,002064,华峰化学,a,cn
2023-05-31,000300,002074,国轩高科,a,cn
2023-05-31,000300,002120,韵达股份,a,cn
2023-05-31,000300,002129,TCL中环,a,cn
2023-05-31,000300,002142,宁波银行,a,cn
2023-05-31,000300,002179,中航光电,a,cn
2023-05-31,000300,002180,奔图科技,a,cn
2023-05-31,000300,002202,金风科技,a,cn
2023-05-31,000300,002230,科大讯飞,a,cn
2023-05-31,000300,002236,大华股份,a,cn
2023-05-31,000300,002241,歌尔股份,a,cn
2023-05-31,000300,002252,上海莱士,a,cn
2023-05-31,000300,002271,东方雨虹,a,cn
2023-05-31,000300,002304,洋河股份,a,cn
2023-05-31,000300,002311,海大集团,a,cn
2023-05-31,000300,002352,顺丰控股,a,cn
2023-05-31,000300,002371,北方华创,a,cn
2023-05-31,000300,002410,广联达,a,cn
2023-05-31,000300,002414,高德红外,a,cn
2023-05-31,000300,002415,海康威视,a,cn
2023-05-31,000300,002459,晶澳科技,a,cn
2023-05-31,000300,002460,赣锋锂业,a,cn
2023-05-31,000300,002466,天齐锂业,a,cn
2023-05-31,000300,002475,立讯精密,a,cn
2023-05-31,000300,002493,荣盛石化,a,cn
2023-05-31,000300,002555,三七互娱,a,cn
2023-05-31,000300,002594,比亚迪,a,cn
2023-05-31,000300,002600,领益智造,a,cn
2023-05-31,000300,002601,龙佰集团,a,cn
2023-05-31,000300,002602,世纪华通,a,cn
2023-05-31,000300,002648,卫星化学,a,cn
2023-05-31,000300,002709,天赐材料,a,cn
2023-05-31,000300,002714,牧原股份,a,cn
2023-05-31,000300,002736,国信证券,a,cn
2023-05-31,000300,002756,永兴材料,a,cn
2023-05-31,000300,002812,恩捷股份,a,cn
2023-05-31,000300,002821,凯莱英,a,cn
2023-05-31,000300,002841,视源股份,a,cn
2023-05-31,000300,002916,深南电路,a,cn
2023-05-31,000300,002920,德赛西威,a,cn
2023-05-31,000300,002938,鹏鼎控股,a,cn
2023-05-31,000300,003816,中国广核,a,cn
2023-05-31,000300,300014,亿纬锂能,a,cn
2023-05-31,000300,300015,爱尔眼科,a,cn
2023-05-31,000300,300033,同花顺,a,cn
2023-05-31,000300,300059,东方财富,a,cn
2023-05-31,000300,300122,智飞生物,a,cn
2023-05-31,000300,300124,汇川技术,a,cn
2023-05-31,000300,300142,沃森生物,a,cn
2023-05-31,000300,300207,欣旺达,a,cn
2023-05-31,000300,300223,北京君正,a,cn
2023-05-31,000300,300274,阳光电源,a,cn
2023-05-31,000300,300316,晶盛机电,a,cn
2023-05-31,000300,300347,泰格医药,a,cn
2023-05-31,000300,300408,三环集团,a,cn
2023-05-31,000300,300413,芒果超媒,a,cn
2023-05-31,000300,300433,蓝思科技,a,cn
2023-05-31,000300,300450,先导智能,a,cn
2023-05-31,000300,300454,深信服,a,cn
2023-05-31,000300,300496,中科创达,a,cn
2023-05-31,000300,300498,温氏股份,a,cn
2023-05-31,000300,300529,健帆生物,a,cn
2023-05-31,000300,300595,欧普康视,a,cn
2023-05-31,000300,300601,康泰生物,a,cn
2023-05-31,000300,300628,亿联网络,a,cn
2023-05-31,000300,300661,圣邦股份,a,cn
2023-05-31,000300,300750,宁德时代,a,cn
2023-05-31,000300,300751,迈为股份,a,cn
2023-05-31,000300,300759,康龙化成,a,cn
2023-05-31,000300,300760,迈瑞医疗,a,cn
2023-05-31,000300,300763,锦浪科技,a,cn
2023-05-31,000300,300769,德方纳米,a,cn
2023-05-31,000300,300782,卓胜微,a,cn
2023-05-31,000300,300896,爱美客,a,cn
2023-05-31,000300,300919,中伟新材,a,cn
2023-05-31,000300,300957,贝泰妮,a,cn
2023-05-31,000300,300979,华利集团,a,cn
2023-05-31,000300,300999,金龙鱼,a,cn
2023-05-31,000300,600000,浦发银行,a,cn
2023-05-31,000300,600009,上海机场,a,cn
2023-05-31,000300,600010,包钢股份,a,cn
2023-05-31,000300,600011,华能国际,a,cn
2023-05-31,000300,600015,华夏银行,a,cn
2023-05-31,000300,600016,民生银行,a,cn
2023-05-31,000300,600018,上港集团,a,cn
2023-05-31,000300,600019,宝钢股份,a,cn
2023-05-31,000300,600025,华能水电,a,cn
2023-05-31,000300,600028,中国石化,a,cn
2023-05-31,000300,600029,南方航空,a,cn
2023-05-31,000300,600030,中信证券,a,cn
2023-05-31,000300,600031,三一重工,a,cn
2023-05-31,000300,600036,招商银行,a,cn
2023-05-31,000300,600039,四川路桥,a,cn
2023-05-31,000300,600048,保利发展,a,cn
2023-05-31,000300,600050,中国联通,a,cn
2023-05-31,000300,600061,国投资本,a,cn
2023-05-31,000300,600085,同仁堂,a,cn
2023-05-31,000300,600089,特变电工,a,cn
2023-05-31,000300,600104,上汽集团,a,cn
2023-05-31,000300,600111,北方稀土,a,cn
2023-05-31,000300,600115,中国东航,a,cn
2023-05-31,000300,600132,重庆啤酒,a,cn
2023-05-31,000300,600150,中国船舶,a,cn
2023-05-31,000300,600176,中国巨石,a,cn
2023-05-31,000300,600183,生益科技,a,cn
2023-05-31,000300,600188,兖矿能源,a,cn
2023-05-31,000300,600196,复星医药,a,cn
2023-05-31,000300,600219,南山铝业,a,cn
2023-05-31,000300,600233,圆通速递,a,cn
2023-05-31,000300,600276,恒瑞医药,a,cn
2023-05-31,000300,600309,万华化学,a,cn
2023-05-31,000300,600332,白云山,a,cn
2023-05-31,000300,600346,恒力石化,a,cn
2023-05-31,000300,600362,江西铜业,a,cn
2023-05-31,000300,600383,金地集团,a,cn
2023-05-31,000300,600406,国电南瑞,a,cn
2023-05-31,000300,600426,华鲁恒升,a,cn
2023-05-31,000300,600436,片仔癀,a,cn
2023-05-31,000300,600438,通威股份,a,cn
2023-05-31,000300,600460,士兰微,a,cn
2023-05-31,000300,600519,贵州茅台,a,cn
2023-05-31,000300,600547,山东黄金,a,cn
2023-05-31,000300,600570,恒生电子,a,cn
2023-05-31,000300,600584,长电科技,a,cn
2023-05-31,000300,600585,海螺水泥,a,cn
2023-05-31,000300,600588,用友网络,a,cn
2023-05-31,000300,600600,青岛啤酒,a,cn
2023-05-31,000300,600606,绿地控股,a,cn
2023-05-31,000300,600660,福耀玻璃,a,cn
2023-05-31,000300,600674,川投能源,a,cn
2023-05-31,000300,600690,海尔智家,a,cn
2023-05-31,000300,600741,华域汽车,a,cn
2023-05-31,000300,600745,*ST闻泰,a,cn
2023-05-31,000300,600760,中航沈飞,a,cn
2023-05-31,000300,600763,通策医疗,a,cn
2023-05-31,000300,600795,国电电力,a,cn
2023-05-31,000300,600803,新奥股份,a,cn
2023-05-31,000300,600809,山西汾酒,a,cn
2023-05-31,000300,600837,海通证券,a,cn
2023-05-31,000300,600845,宝信软件,a,cn
2023-05-31,000300,600884,杉杉股份,a,cn
2023-05-31,000300,600886,国投电力,a,cn
2023-05-31,000300,600887,伊利股份,a,cn
2023-05-31,000300,600893,航发动力,a,cn
2023-05-31,000300,600900,长江电力,a,cn
2023-05-31,000300,600905,三峡能源,a,cn
2023-05-31,000300,600918,中泰证券,a,cn
2023-05-31,000300,600919,江苏银行,a,cn
2023-05-31,000300,600926,杭州银行,a,cn
2023-05-31,000300,600941,中国移动,a,cn
2023-05-31,000300,600958,东方证券,a,cn
2023-05-31,000300,600989,宝丰能源,a,cn
2023-05-31,000300,600999,招商证券,a,cn
2023-05-31,000300,601006,大秦铁路,a,cn
2023-05-31,000300,601009,南京银行,a,cn
2023-05-31,000300,601012,隆基绿能,a,cn
2023-05-31,000300,601021,春秋航空,a,cn
2023-05-31,000300,601066,中信建投,a,cn
2023-05-31,000300,601088,中国神华,a,cn
2023-05-31,000300,601100,恒立液压,a,cn
2023-05-31,000300,601111,中国国航,a,cn
2023-05-31,000300,601117,中国化学,a,cn
2023-05-31,000300,601138,工业富联,a,cn
2023-05-31,000300,601155,新城控股,a,cn
2023-05-31,000300,601166,兴业银行,a,cn
2023-05-31,000300,601169,北京银行,a,cn
2023-05-31,000300,601186,中国铁建,a,cn
2023-05-31,000300,601211,国泰海通,a,cn
2023-05-31,000300,601216,君正集团,a,cn
2023-05-31,000300,601225,陕西煤业,a,cn
2023-05-31,000300,601229,上海银行,a,cn
2023-05-31,000300,601236,红塔证券,a,cn
2023-05-31,000300,601238,广汽集团,a,cn
2023-05-31,000300,601288,农业银行,a,cn
2023-05-31,000300,601318,中国平安,a,cn
2023-05-31,000300,601319,中国人保,a,cn
2023-05-31,000300,601328,交通银行,a,cn
2023-05-31,000300,601336,新华保险,a,cn
2023-05-31,000300,601360,三六零,a,cn
2023-05-31,000300,601377,兴业证券,a,cn
2023-05-31,000300,601390,中国中铁,a,cn
2023-05-31,000300,601398,工商银行,a,cn
2023-05-31,000300,601600,中国铝业,a,cn
2023-05-31,000300,601601,中国太保,a,cn
2023-05-31,000300,601615,明阳智能,a,cn
2023-05-31,000300,601618,中国中冶,a,cn
2023-05-31,000300,601628,中国人寿,a,cn
2023-05-31,000300,601633,长城汽车,a,cn
2023-05-31,000300,601658,邮储银行,a,cn
2023-05-31,000300,601668,中国建筑,a,cn
2023-05-31,000300,601669,中国电建,a,cn
2023-05-31,000300,601688,华泰证券,a,cn
2023-05-31,000300,601689,拓普集团,a,cn
2023-05-31,000300,601698,中国卫通,a,cn
2023-05-31,000300,601728,中国电信,a,cn
2023-05-31,000300,601766,中国中车,a,cn
2023-05-31,000300,601788,光大证券,a,cn
2023-05-31,000300,601799,星宇股份,a,cn
2023-05-31,000300,601800,中国交建,a,cn
2023-05-31,000300,601808,中海油服,a,cn
2023-05-31,000300,601816,京沪高铁,a,cn
2023-05-31,000300,601818,光大银行,a,cn
2023-05-31,000300,601838,成都银行,a,cn
2023-05-31,000300,601857,中国石油,a,cn
2023-05-31,000300,601865,福莱特,a,cn
2023-05-31,000300,601868,中国能建,a,cn
2023-05-31,000300,601877,正泰电器,a,cn
2023-05-31,000300,601878,浙商证券,a,cn
2023-05-31,000300,601881,中国银河,a,cn
2023-05-31,000300,601888,中国中免,a,cn
2023-05-31,000300,601898,中煤能源,a,cn
2023-05-31,000300,601899,紫金矿业,a,cn
2023-05-31,000300,601901,方正证券,a,cn
2023-05-31,000300,601919,中远海控,a,cn
2023-05-31,000300,601939,建设银行,a,cn
2023-05-31,000300,601966,玲珑轮胎,a,cn
2023-05-31,000300,601985,中国核电,a,cn
2023-05-31,000300,601988,中国银行,a,cn
2023-05-31,000300,601989,中国重工,a,cn
2023-05-31,000300,601995,中金公司,a,cn
2023-05-31,000300,601998,中信银行,a,cn
2023-05-31,000300,603019,中科曙光,a,cn
2023-05-31,000300,603185,弘元绿能,a,cn
2023-05-31,000300,603195,公牛集团,a,cn
2023-05-31,000300,603259,药明康德,a,cn
2023-05-31,000300,603260,合盛硅业,a,cn
2023-05-31,000300,603288,海天味业,a,cn
2023-05-31,000300,603290,斯达半导,a,cn
2023-05-31,000300,603369,今世缘,a,cn
2023-05-31,000300,603392,万泰生物,a,cn
2023-05-31,000300,603486,科沃斯,a,cn
2023-05-31,000300,603501,豪威集团,a,cn
2023-05-31,000300,603659,璞泰来,a,cn
2023-05-31,000300,603799,华友钴业,a,cn
2023-05-31,000300,603806,福斯特,a,cn
2023-05-31,000300,603833,欧派家居,a,cn
2023-05-31,000300,603882,金域医学,a,cn
2023-05-31,000300,603899,晨光股份,a,cn
2023-05-31,000300,603986,兆易创新,a,cn
2023-05-31,000300,603993,洛阳钼业,a,cn
2023-05-31,000300,605117,德业股份,a,cn
2023-05-31,000300,605499,东鹏饮料,a,cn
2023-05-31,000300,688005,容百科技,a,cn
2023-05-31,000300,688008,澜起科技,a,cn
2023-05-31,000300,688012,中微公司,a,cn
2023-05-31,000300,688036,传音控股,a,cn
2023-05-31,000300,688065,凯赛生物,a,cn
2023-05-31,000300,688111,金山办公,a,cn
2023-05-31,000300,688126,沪硅产业,a,cn
2023-05-31,000300,688169,石头科技,a,cn
2023-05-31,000300,688187,时代电气,a,cn
2023-05-31,000300,688303,大全能源,a,cn
2023-05-31,000300,688363,华熙生物,a,cn
2023-05-31,000300,688396,华润微,a,cn
2023-05-31,000300,688561,奇安信,a,cn
2023-05-31,000300,688599,天合光能,a,cn
2023-05-31,000300,688981,中芯国际,a,cn
2023-06-30,000300,000001,平安银行,a,cn
2023-06-30,000300,000002,万科A,a,cn
2023-06-30,000300,000063,中兴通讯,a,cn
2023-06-30,000300,000069,华侨城A,a,cn
2023-06-30,000300,000100,TCL科技,a,cn
2023-06-30,000300,000157,中联重科,a,cn
2023-06-30,000300,000166,申万宏源,a,cn
2023-06-30,000300,000301,东方盛虹,a,cn
2023-06-30,000300,000333,美的集团,a,cn
2023-06-30,000300,000338,潍柴动力,a,cn
2023-06-30,000300,000408,藏格矿业,a,cn
2023-06-30,000300,000425,徐工机械,a,cn
2023-06-30,000300,000538,云南白药,a,cn
2023-06-30,000300,000568,泸州老窖,a,cn
2023-06-30,000300,000596,古井贡酒,a,cn
2023-06-30,000300,000617,中油资本,a,cn
2023-06-30,000300,000625,长安汽车,a,cn
2023-06-30,000300,000651,格力电器,a,cn
2023-06-30,000300,000661,长春高新,a,cn
2023-06-30,000300,000708,中信特钢,a,cn
2023-06-30,000300,000723,美锦能源,a,cn
2023-06-30,000300,000725,京东方A,a,cn
2023-06-30,000300,000733,振华科技,a,cn
2023-06-30,000300,000768,中航西飞,a,cn
2023-06-30,000300,000776,广发证券,a,cn
2023-06-30,000300,000786,北新建材,a,cn
2023-06-30,000300,000792,盐湖股份,a,cn
2023-06-30,000300,000800,一汽解放,a,cn
2023-06-30,000300,000858,五粮液,a,cn
2023-06-30,000300,000876,新希望,a,cn
2023-06-30,000300,000877,天山股份,a,cn
2023-06-30,000300,000895,双汇发展,a,cn
2023-06-30,000300,000938,紫光股份,a,cn
2023-06-30,000300,000963,华东医药,a,cn
2023-06-30,000300,000977,浪潮信息,a,cn
2023-06-30,000300,000983,山西焦煤,a,cn
2023-06-30,000300,001289,龙源电力,a,cn
2023-06-30,000300,001979,招商蛇口,a,cn
2023-06-30,000300,002001,新和成,a,cn
2023-06-30,000300,002007,华兰生物,a,cn
2023-06-30,000300,002027,分众传媒,a,cn
2023-06-30,000300,002049,紫光国微,a,cn
2023-06-30,000300,002050,三花智控,a,cn
2023-06-30,000300,002064,华峰化学,a,cn
2023-06-30,000300,002074,国轩高科,a,cn
2023-06-30,000300,002120,韵达股份,a,cn
2023-06-30,000300,002129,TCL中环,a,cn
2023-06-30,000300,002142,宁波银行,a,cn
2023-06-30,000300,002179,中航光电,a,cn
2023-06-30,000300,002180,奔图科技,a,cn
2023-06-30,000300,002202,金风科技,a,cn
2023-06-30,000300,002230,科大讯飞,a,cn
2023-06-30,000300,002236,大华股份,a,cn
2023-06-30,000300,002241,歌尔股份,a,cn
2023-06-30,000300,002252,上海莱士,a,cn
2023-06-30,000300,002271,东方雨虹,a,cn
2023-06-30,000300,002304,洋河股份,a,cn
2023-06-30,000300,002311,海大集团,a,cn
2023-06-30,000300,002352,顺丰控股,a,cn
2023-06-30,000300,002371,北方华创,a,cn
2023-06-30,000300,002410,广联达,a,cn
2023-06-30,000300,002414,高德红外,a,cn
2023-06-30,000300,002415,海康威视,a,cn
2023-06-30,000300,002459,晶澳科技,a,cn
2023-06-30,000300,002460,赣锋锂业,a,cn
2023-06-30,000300,002466,天齐锂业,a,cn
2023-06-30,000300,002475,立讯精密,a,cn
2023-06-30,000300,002493,荣盛石化,a,cn
2023-06-30,000300,002555,三七互娱,a,cn
2023-06-30,000300,002594,比亚迪,a,cn
2023-06-30,000300,002601,龙佰集团,a,cn
2023-06-30,000300,002648,卫星化学,a,cn
2023-06-30,000300,002709,天赐材料,a,cn
2023-06-30,000300,002714,牧原股份,a,cn
2023-06-30,000300,002736,国信证券,a,cn
2023-06-30,000300,002756,永兴材料,a,cn
2023-06-30,000300,002812,恩捷股份,a,cn
2023-06-30,000300,002821,凯莱英,a,cn
2023-06-30,000300,002841,视源股份,a,cn
2023-06-30,000300,002916,深南电路,a,cn
2023-06-30,000300,002920,德赛西威,a,cn
2023-06-30,000300,002938,鹏鼎控股,a,cn
2023-06-30,000300,003816,中国广核,a,cn
2023-06-30,000300,300014,亿纬锂能,a,cn
2023-06-30,000300,300015,爱尔眼科,a,cn
2023-06-30,000300,300033,同花顺,a,cn
2023-06-30,000300,300059,东方财富,a,cn
2023-06-30,000300,300122,智飞生物,a,cn
2023-06-30,000300,300124,汇川技术,a,cn
2023-06-30,000300,300142,沃森生物,a,cn
2023-06-30,000300,300207,欣旺达,a,cn
2023-06-30,000300,300223,北京君正,a,cn
2023-06-30,000300,300274,阳光电源,a,cn
2023-06-30,000300,300316,晶盛机电,a,cn
2023-06-30,000300,300347,泰格医药,a,cn
2023-06-30,000300,300408,三环集团,a,cn
2023-06-30,000300,300413,芒果超媒,a,cn
2023-06-30,000300,300433,蓝思科技,a,cn
2023-06-30,000300,300450,先导智能,a,cn
2023-06-30,000300,300454,深信服,a,cn
2023-06-30,000300,300496,中科创达,a,cn
2023-06-30,000300,300498,温氏股份,a,cn
2023-06-30,000300,300601,康泰生物,a,cn
2023-06-30,000300,300628,亿联网络,a,cn
2023-06-30,000300,300661,圣邦股份,a,cn
2023-06-30,000300,300750,宁德时代,a,cn
2023-06-30,000300,300751,迈为股份,a,cn
2023-06-30,000300,300759,康龙化成,a,cn
2023-06-30,000300,300760,迈瑞医疗,a,cn
2023-06-30,000300,300763,锦浪科技,a,cn
2023-06-30,000300,300769,德方纳米,a,cn
2023-06-30,000300,300782,卓胜微,a,cn
2023-06-30,000300,300896,爱美客,a,cn
2023-06-30,000300,300919,中伟新材,a,cn
2023-06-30,000300,300957,贝泰妮,a,cn
2023-06-30,000300,300979,华利集团,a,cn
2023-06-30,000300,300999,金龙鱼,a,cn
2023-06-30,000300,600000,浦发银行,a,cn
2023-06-30,000300,600009,上海机场,a,cn
2023-06-30,000300,600010,包钢股份,a,cn
2023-06-30,000300,600011,华能国际,a,cn
2023-06-30,000300,600015,华夏银行,a,cn
2023-06-30,000300,600016,民生银行,a,cn
2023-06-30,000300,600018,上港集团,a,cn
2023-06-30,000300,600019,宝钢股份,a,cn
2023-06-30,000300,600025,华能水电,a,cn
2023-06-30,000300,600028,中国石化,a,cn
2023-06-30,000300,600029,南方航空,a,cn
2023-06-30,000300,600030,中信证券,a,cn
2023-06-30,000300,600031,三一重工,a,cn
2023-06-30,000300,600036,招商银行,a,cn
2023-06-30,000300,600039,四川路桥,a,cn
2023-06-30,000300,600048,保利发展,a,cn
2023-06-30,000300,600050,中国联通,a,cn
2023-06-30,000300,600061,国投资本,a,cn
2023-06-30,000300,600085,同仁堂,a,cn
2023-06-30,000300,600089,特变电工,a,cn
2023-06-30,000300,600104,上汽集团,a,cn
2023-06-30,000300,600111,北方稀土,a,cn
2023-06-30,000300,600115,中国东航,a,cn
2023-06-30,000300,600132,重庆啤酒,a,cn
2023-06-30,000300,600150,中国船舶,a,cn
2023-06-30,000300,600176,中国巨石,a,cn
2023-06-30,000300,600183,生益科技,a,cn
2023-06-30,000300,600188,兖矿能源,a,cn
2023-06-30,000300,600196,复星医药,a,cn
2023-06-30,000300,600219,南山铝业,a,cn
2023-06-30,000300,600233,圆通速递,a,cn
2023-06-30,000300,600276,恒瑞医药,a,cn
2023-06-30,000300,600309,万华化学,a,cn
2023-06-30,000300,600332,白云山,a,cn
2023-06-30,000300,600346,恒力石化,a,cn
2023-06-30,000300,600362,江西铜业,a,cn
2023-06-30,000300,600383,金地集团,a,cn
2023-06-30,000300,600406,国电南瑞,a,cn
2023-06-30,000300,600426,华鲁恒升,a,cn
2023-06-30,000300,600436,片仔癀,a,cn
2023-06-30,000300,600438,通威股份,a,cn
2023-06-30,000300,600460,士兰微,a,cn
2023-06-30,000300,600519,贵州茅台,a,cn
2023-06-30,000300,600547,山东黄金,a,cn
2023-06-30,000300,600570,恒生电子,a,cn
2023-06-30,000300,600584,长电科技,a,cn
2023-06-30,000300,600585,海螺水泥,a,cn
2023-06-30,000300,600588,用友网络,a,cn
2023-06-30,000300,600600,青岛啤酒,a,cn
2023-06-30,000300,600606,绿地控股,a,cn
2023-06-30,000300,600660,福耀玻璃,a,cn
2023-06-30,000300,600674,川投能源,a,cn
2023-06-30,000300,600690,海尔智家,a,cn
2023-06-30,000300,600732,爱旭股份,a,cn
2023-06-30,000300,600741,华域汽车,a,cn
2023-06-30,000300,600745,*ST闻泰,a,cn
2023-06-30,000300,600754,锦江酒店,a,cn
2023-06-30,000300,600760,中航沈飞,a,cn
2023-06-30,000300,600763,通策医疗,a,cn
2023-06-30,000300,600795,国电电力,a,cn
2023-06-30,000300,600803,新奥股份,a,cn
2023-06-30,000300,600809,山西汾酒,a,cn
2023-06-30,000300,600837,海通证券,a,cn
2023-06-30,000300,600845,宝信软件,a,cn
2023-06-30,000300,600875,东方电气,a,cn
2023-06-30,000300,600884,杉杉股份,a,cn
2023-06-30,000300,600886,国投电力,a,cn
2023-06-30,000300,600887,伊利股份,a,cn
2023-06-30,000300,600893,航发动力,a,cn
2023-06-30,000300,600900,长江电力,a,cn
2023-06-30,000300,600905,三峡能源,a,cn
2023-06-30,000300,600918,中泰证券,a,cn
2023-06-30,000300,600919,江苏银行,a,cn
2023-06-30,000300,600926,杭州银行,a,cn
2023-06-30,000300,600941,中国移动,a,cn
2023-06-30,000300,600958,东方证券,a,cn
2023-06-30,000300,600989,宝丰能源,a,cn
2023-06-30,000300,600999,招商证券,a,cn
2023-06-30,000300,601006,大秦铁路,a,cn
2023-06-30,000300,601009,南京银行,a,cn
2023-06-30,000300,601012,隆基绿能,a,cn
2023-06-30,000300,601021,春秋航空,a,cn
2023-06-30,000300,601066,中信建投,a,cn
2023-06-30,000300,601088,中国神华,a,cn
2023-06-30,000300,601100,恒立液压,a,cn
2023-06-30,000300,601111,中国国航,a,cn
2023-06-30,000300,601117,中国化学,a,cn
2023-06-30,000300,601138,工业富联,a,cn
2023-06-30,000300,601155,新城控股,a,cn
2023-06-30,000300,601166,兴业银行,a,cn
2023-06-30,000300,601169,北京银行,a,cn
2023-06-30,000300,601186,中国铁建,a,cn
2023-06-30,000300,601211,国泰海通,a,cn
2023-06-30,000300,601216,君正集团,a,cn
2023-06-30,000300,601225,陕西煤业,a,cn
2023-06-30,000300,601229,上海银行,a,cn
2023-06-30,000300,601236,红塔证券,a,cn
2023-06-30,000300,601238,广汽集团,a,cn
2023-06-30,000300,601288,农业银行,a,cn
2023-06-30,000300,601318,中国平安,a,cn
2023-06-30,000300,601319,中国人保,a,cn
2023-06-30,000300,601328,交通银行,a,cn
2023-06-30,000300,601336,新华保险,a,cn
2023-06-30,000300,601360,三六零,a,cn
2023-06-30,000300,601377,兴业证券,a,cn
2023-06-30,000300,601390,中国中铁,a,cn
2023-06-30,000300,601398,工商银行,a,cn
2023-06-30,000300,601600,中国铝业,a,cn
2023-06-30,000300,601601,中国太保,a,cn
2023-06-30,000300,601607,上海医药,a,cn
2023-06-30,000300,601615,明阳智能,a,cn
2023-06-30,000300,601618,中国中冶,a,cn
2023-06-30,000300,601628,中国人寿,a,cn
2023-06-30,000300,601633,长城汽车,a,cn
2023-06-30,000300,601658,邮储银行,a,cn
2023-06-30,000300,601668,中国建筑,a,cn
2023-06-30,000300,601669,中国电建,a,cn
2023-06-30,000300,601688,华泰证券,a,cn
2023-06-30,000300,601689,拓普集团,a,cn
2023-06-30,000300,601698,中国卫通,a,cn
2023-06-30,000300,601699,潞安环能,a,cn
2023-06-30,000300,601728,中国电信,a,cn
2023-06-30,000300,601766,中国中车,a,cn
2023-06-30,000300,601788,光大证券,a,cn
2023-06-30,000300,601799,星宇股份,a,cn
2023-06-30,000300,601800,中国交建,a,cn
2023-06-30,000300,601808,中海油服,a,cn
2023-06-30,000300,601816,京沪高铁,a,cn
2023-06-30,000300,601818,光大银行,a,cn
2023-06-30,000300,601838,成都银行,a,cn
2023-06-30,000300,601857,中国石油,a,cn
2023-06-30,000300,601865,福莱特,a,cn
2023-06-30,000300,601868,中国能建,a,cn
2023-06-30,000300,601872,招商轮船,a,cn
2023-06-30,000300,601877,正泰电器,a,cn
2023-06-30,000300,601878,浙商证券,a,cn
2023-06-30,000300,601881,中国银河,a,cn
2023-06-30,000300,601888,中国中免,a,cn
2023-06-30,000300,601898,中煤能源,a,cn
2023-06-30,000300,601899,紫金矿业,a,cn
2023-06-30,000300,601901,方正证券,a,cn
2023-06-30,000300,601919,中远海控,a,cn
2023-06-30,000300,601939,建设银行,a,cn
2023-06-30,000300,601985,中国核电,a,cn
2023-06-30,000300,601988,中国银行,a,cn
2023-06-30,000300,601989,中国重工,a,cn
2023-06-30,000300,601995,中金公司,a,cn
2023-06-30,000300,601998,中信银行,a,cn
2023-06-30,000300,603019,中科曙光,a,cn
2023-06-30,000300,603185,弘元绿能,a,cn
2023-06-30,000300,603195,公牛集团,a,cn
2023-06-30,000300,603259,药明康德,a,cn
2023-06-30,000300,603260,合盛硅业,a,cn
2023-06-30,000300,603288,海天味业,a,cn
2023-06-30,000300,603290,斯达半导,a,cn
2023-06-30,000300,603369,今世缘,a,cn
2023-06-30,000300,603392,万泰生物,a,cn
2023-06-30,000300,603486,科沃斯,a,cn
2023-06-30,000300,603501,豪威集团,a,cn
2023-06-30,000300,603659,璞泰来,a,cn
2023-06-30,000300,603799,华友钴业,a,cn
2023-06-30,000300,603806,福斯特,a,cn
2023-06-30,000300,603833,欧派家居,a,cn
2023-06-30,000300,603899,晨光股份,a,cn
2023-06-30,000300,603986,兆易创新,a,cn
2023-06-30,000300,603993,洛阳钼业,a,cn
2023-06-30,000300,605117,德业股份,a,cn
2023-06-30,000300,605499,东鹏饮料,a,cn
2023-06-30,000300,688005,容百科技,a,cn
2023-06-30,000300,688008,澜起科技,a,cn
2023-06-30,000300,688012,中微公司,a,cn
2023-06-30,000300,688036,传音控股,a,cn
2023-06-30,000300,688065,凯赛生物,a,cn
2023-06-30,000300,688111,金山办公,a,cn
2023-06-30,000300,688126,沪硅产业,a,cn
2023-06-30,000300,688187,时代电气,a,cn
2023-06-30,000300,688223,晶科能源,a,cn
2023-06-30,000300,688303,大全能源,a,cn
2023-06-30,000300,688363,华熙生物,a,cn
2023-06-30,000300,688396,华润微,a,cn
2023-06-30,000300,688561,奇安信,a,cn
2023-06-30,000300,688599,天合光能,a,cn
2023-06-30,000300,688981,中芯国际,a,cn
2023-07-31,000300,000001,平安银行,a,cn
2023-07-31,000300,000002,万科A,a,cn
2023-07-31,000300,000063,中兴通讯,a,cn
2023-07-31,000300,000069,华侨城A,a,cn
2023-07-31,000300,000100,TCL科技,a,cn
2023-07-31,000300,000157,中联重科,a,cn
2023-07-31,000300,000166,申万宏源,a,cn
2023-07-31,000300,000301,东方盛虹,a,cn
2023-07-31,000300,000333,美的集团,a,cn
2023-07-31,000300,000338,潍柴动力,a,cn
2023-07-31,000300,000408,藏格矿业,a,cn
2023-07-31,000300,000425,徐工机械,a,cn
2023-07-31,000300,000538,云南白药,a,cn
2023-07-31,000300,000568,泸州老窖,a,cn
2023-07-31,000300,000596,古井贡酒,a,cn
2023-07-31,000300,000617,中油资本,a,cn
2023-07-31,000300,000625,长安汽车,a,cn
2023-07-31,000300,000651,格力电器,a,cn
2023-07-31,000300,000661,长春高新,a,cn
2023-07-31,000300,000708,中信特钢,a,cn
2023-07-31,000300,000723,美锦能源,a,cn
2023-07-31,000300,000725,京东方A,a,cn
2023-07-31,000300,000733,振华科技,a,cn
2023-07-31,000300,000768,中航西飞,a,cn
2023-07-31,000300,000776,广发证券,a,cn
2023-07-31,000300,000786,北新建材,a,cn
2023-07-31,000300,000792,盐湖股份,a,cn
2023-07-31,000300,000800,一汽解放,a,cn
2023-07-31,000300,000858,五粮液,a,cn
2023-07-31,000300,000876,新希望,a,cn
2023-07-31,000300,000877,天山股份,a,cn
2023-07-31,000300,000895,双汇发展,a,cn
2023-07-31,000300,000938,紫光股份,a,cn
2023-07-31,000300,000963,华东医药,a,cn
2023-07-31,000300,000977,浪潮信息,a,cn
2023-07-31,000300,000983,山西焦煤,a,cn
2023-07-31,000300,001289,龙源电力,a,cn
2023-07-31,000300,001979,招商蛇口,a,cn
2023-07-31,000300,002001,新和成,a,cn
2023-07-31,000300,002007,华兰生物,a,cn
2023-07-31,000300,002027,分众传媒,a,cn
2023-07-31,000300,002049,紫光国微,a,cn
2023-07-31,000300,002050,三花智控,a,cn
2023-07-31,000300,002064,华峰化学,a,cn
2023-07-31,000300,002074,国轩高科,a,cn
2023-07-31,000300,002120,韵达股份,a,cn
2023-07-31,000300,002129,TCL中环,a,cn
2023-07-31,000300,002142,宁波银行,a,cn
2023-07-31,000300,002179,中航光电,a,cn
2023-07-31,000300,002180,奔图科技,a,cn
2023-07-31,000300,002202,金风科技,a,cn
2023-07-31,000300,002230,科大讯飞,a,cn
2023-07-31,000300,002236,大华股份,a,cn
2023-07-31,000300,002241,歌尔股份,a,cn
2023-07-31,000300,002252,上海莱士,a,cn
2023-07-31,000300,002271,东方雨虹,a,cn
2023-07-31,000300,002304,洋河股份,a,cn
2023-07-31,000300,002311,海大集团,a,cn
2023-07-31,000300,002352,顺丰控股,a,cn
2023-07-31,000300,002371,北方华创,a,cn
2023-07-31,000300,002410,广联达,a,cn
2023-07-31,000300,002414,高德红外,a,cn
2023-07-31,000300,002415,海康威视,a,cn
2023-07-31,000300,002459,晶澳科技,a,cn
2023-07-31,000300,002460,赣锋锂业,a,cn
2023-07-31,000300,002466,天齐锂业,a,cn
2023-07-31,000300,002475,立讯精密,a,cn
2023-07-31,000300,002493,荣盛石化,a,cn
2023-07-31,000300,002555,三七互娱,a,cn
2023-07-31,000300,002594,比亚迪,a,cn
2023-07-31,000300,002601,龙佰集团,a,cn
2023-07-31,000300,002648,卫星化学,a,cn
2023-07-31,000300,002709,天赐材料,a,cn
2023-07-31,000300,002714,牧原股份,a,cn
2023-07-31,000300,002736,国信证券,a,cn
2023-07-31,000300,002756,永兴材料,a,cn
2023-07-31,000300,002812,恩捷股份,a,cn
2023-07-31,000300,002821,凯莱英,a,cn
2023-07-31,000300,002841,视源股份,a,cn
2023-07-31,000300,002916,深南电路,a,cn
2023-07-31,000300,002920,德赛西威,a,cn
2023-07-31,000300,002938,鹏鼎控股,a,cn
2023-07-31,000300,003816,中国广核,a,cn
2023-07-31,000300,300014,亿纬锂能,a,cn
2023-07-31,000300,300015,爱尔眼科,a,cn
2023-07-31,000300,300033,同花顺,a,cn
2023-07-31,000300,300059,东方财富,a,cn
2023-07-31,000300,300122,智飞生物,a,cn
2023-07-31,000300,300124,汇川技术,a,cn
2023-07-31,000300,300142,沃森生物,a,cn
2023-07-31,000300,300207,欣旺达,a,cn
2023-07-31,000300,300223,北京君正,a,cn
2023-07-31,000300,300274,阳光电源,a,cn
2023-07-31,000300,300316,晶盛机电,a,cn
2023-07-31,000300,300347,泰格医药,a,cn
2023-07-31,000300,300408,三环集团,a,cn
2023-07-31,000300,300413,芒果超媒,a,cn
2023-07-31,000300,300433,蓝思科技,a,cn
2023-07-31,000300,300450,先导智能,a,cn
2023-07-31,000300,300454,深信服,a,cn
2023-07-31,000300,300496,中科创达,a,cn
2023-07-31,000300,300498,温氏股份,a,cn
2023-07-31,000300,300601,康泰生物,a,cn
2023-07-31,000300,300628,亿联网络,a,cn
2023-07-31,000300,300661,圣邦股份,a,cn
2023-07-31,000300,300750,宁德时代,a,cn
2023-07-31,000300,300751,迈为股份,a,cn
2023-07-31,000300,300759,康龙化成,a,cn
2023-07-31,000300,300760,迈瑞医疗,a,cn
2023-07-31,000300,300763,锦浪科技,a,cn
2023-07-31,000300,300769,德方纳米,a,cn
2023-07-31,000300,300782,卓胜微,a,cn
2023-07-31,000300,300896,爱美客,a,cn
2023-07-31,000300,300919,中伟新材,a,cn
2023-07-31,000300,300957,贝泰妮,a,cn
2023-07-31,000300,300979,华利集团,a,cn
2023-07-31,000300,300999,金龙鱼,a,cn
2023-07-31,000300,600000,浦发银行,a,cn
2023-07-31,000300,600009,上海机场,a,cn
2023-07-31,000300,600010,包钢股份,a,cn
2023-07-31,000300,600011,华能国际,a,cn
2023-07-31,000300,600015,华夏银行,a,cn
2023-07-31,000300,600016,民生银行,a,cn
2023-07-31,000300,600018,上港集团,a,cn
2023-07-31,000300,600019,宝钢股份,a,cn
2023-07-31,000300,600025,华能水电,a,cn
2023-07-31,000300,600028,中国石化,a,cn
2023-07-31,000300,600029,南方航空,a,cn
2023-07-31,000300,600030,中信证券,a,cn
2023-07-31,000300,600031,三一重工,a,cn
2023-07-31,000300,600036,招商银行,a,cn
2023-07-31,000300,600039,四川路桥,a,cn
2023-07-31,000300,600048,保利发展,a,cn
2023-07-31,000300,600050,中国联通,a,cn
2023-07-31,000300,600061,国投资本,a,cn
2023-07-31,000300,600085,同仁堂,a,cn
2023-07-31,000300,600089,特变电工,a,cn
2023-07-31,000300,600104,上汽集团,a,cn
2023-07-31,000300,600111,北方稀土,a,cn
2023-07-31,000300,600115,中国东航,a,cn
2023-07-31,000300,600132,重庆啤酒,a,cn
2023-07-31,000300,600150,中国船舶,a,cn
2023-07-31,000300,600176,中国巨石,a,cn
2023-07-31,000300,600183,生益科技,a,cn
2023-07-31,000300,600188,兖矿能源,a,cn
2023-07-31,000300,600196,复星医药,a,cn
2023-07-31,000300,600219,南山铝业,a,cn
2023-07-31,000300,600233,圆通速递,a,cn
2023-07-31,000300,600276,恒瑞医药,a,cn
2023-07-31,000300,600309,万华化学,a,cn
2023-07-31,000300,600332,白云山,a,cn
2023-07-31,000300,600346,恒力石化,a,cn
2023-07-31,000300,600362,江西铜业,a,cn
2023-07-31,000300,600383,金地集团,a,cn
2023-07-31,000300,600406,国电南瑞,a,cn
2023-07-31,000300,600426,华鲁恒升,a,cn
2023-07-31,000300,600436,片仔癀,a,cn
2023-07-31,000300,600438,通威股份,a,cn
2023-07-31,000300,600460,士兰微,a,cn
2023-07-31,000300,600519,贵州茅台,a,cn
2023-07-31,000300,600547,山东黄金,a,cn
2023-07-31,000300,600570,恒生电子,a,cn
2023-07-31,000300,600584,长电科技,a,cn
2023-07-31,000300,600585,海螺水泥,a,cn
2023-07-31,000300,600588,用友网络,a,cn
2023-07-31,000300,600600,青岛啤酒,a,cn
2023-07-31,000300,600606,绿地控股,a,cn
2023-07-31,000300,600660,福耀玻璃,a,cn
2023-07-31,000300,600674,川投能源,a,cn
2023-07-31,000300,600690,海尔智家,a,cn
2023-07-31,000300,600732,爱旭股份,a,cn
2023-07-31,000300,600741,华域汽车,a,cn
2023-07-31,000300,600745,*ST闻泰,a,cn
2023-07-31,000300,600754,锦江酒店,a,cn
2023-07-31,000300,600760,中航沈飞,a,cn
2023-07-31,000300,600763,通策医疗,a,cn
2023-07-31,000300,600795,国电电力,a,cn
2023-07-31,000300,600803,新奥股份,a,cn
2023-07-31,000300,600809,山西汾酒,a,cn
2023-07-31,000300,600837,海通证券,a,cn
2023-07-31,000300,600845,宝信软件,a,cn
2023-07-31,000300,600875,东方电气,a,cn
2023-07-31,000300,600884,杉杉股份,a,cn
2023-07-31,000300,600886,国投电力,a,cn
2023-07-31,000300,600887,伊利股份,a,cn
2023-07-31,000300,600893,航发动力,a,cn
2023-07-31,000300,600900,长江电力,a,cn
2023-07-31,000300,600905,三峡能源,a,cn
2023-07-31,000300,600918,中泰证券,a,cn
2023-07-31,000300,600919,江苏银行,a,cn
2023-07-31,000300,600926,杭州银行,a,cn
2023-07-31,000300,600941,中国移动,a,cn
2023-07-31,000300,600958,东方证券,a,cn
2023-07-31,000300,600989,宝丰能源,a,cn
2023-07-31,000300,600999,招商证券,a,cn
2023-07-31,000300,601006,大秦铁路,a,cn
2023-07-31,000300,601009,南京银行,a,cn
2023-07-31,000300,601012,隆基绿能,a,cn
2023-07-31,000300,601021,春秋航空,a,cn
2023-07-31,000300,601066,中信建投,a,cn
2023-07-31,000300,601088,中国神华,a,cn
2023-07-31,000300,601100,恒立液压,a,cn
2023-07-31,000300,601111,中国国航,a,cn
2023-07-31,000300,601117,中国化学,a,cn
2023-07-31,000300,601138,工业富联,a,cn
2023-07-31,000300,601155,新城控股,a,cn
2023-07-31,000300,601166,兴业银行,a,cn
2023-07-31,000300,601169,北京银行,a,cn
2023-07-31,000300,601186,中国铁建,a,cn
2023-07-31,000300,601211,国泰海通,a,cn
2023-07-31,000300,601216,君正集团,a,cn
2023-07-31,000300,601225,陕西煤业,a,cn
2023-07-31,000300,601229,上海银行,a,cn
2023-07-31,000300,601236,红塔证券,a,cn
2023-07-31,000300,601238,广汽集团,a,cn
2023-07-31,000300,601288,农业银行,a,cn
2023-07-31,000300,601318,中国平安,a,cn
2023-07-31,000300,601319,中国人保,a,cn
2023-07-31,000300,601328,交通银行,a,cn
2023-07-31,000300,601336,新华保险,a,cn
2023-07-31,000300,601360,三六零,a,cn
2023-07-31,000300,601377,兴业证券,a,cn
2023-07-31,000300,601390,中国中铁,a,cn
2023-07-31,000300,601398,工商银行,a,cn
2023-07-31,000300,601600,中国铝业,a,cn
2023-07-31,000300,601601,中国太保,a,cn
2023-07-31,000300,601607,上海医药,a,cn
2023-07-31,000300,601615,明阳智能,a,cn
2023-07-31,000300,601618,中国中冶,a,cn
2023-07-31,000300,601628,中国人寿,a,cn
2023-07-31,000300,601633,长城汽车,a,cn
2023-07-31,000300,601658,邮储银行,a,cn
2023-07-31,000300,601668,中国建筑,a,cn
2023-07-31,000300,601669,中国电建,a,cn
2023-07-31,000300,601688,华泰证券,a,cn
2023-07-31,000300,601689,拓普集团,a,cn
2023-07-31,000300,601698,中国卫通,a,cn
2023-07-31,000300,601699,潞安环能,a,cn
2023-07-31,000300,601728,中国电信,a,cn
2023-07-31,000300,601766,中国中车,a,cn
2023-07-31,000300,601788,光大证券,a,cn
2023-07-31,000300,601799,星宇股份,a,cn
2023-07-31,000300,601800,中国交建,a,cn
2023-07-31,000300,601808,中海油服,a,cn
2023-07-31,000300,601816,京沪高铁,a,cn
2023-07-31,000300,601818,光大银行,a,cn
2023-07-31,000300,601838,成都银行,a,cn
2023-07-31,000300,601857,中国石油,a,cn
2023-07-31,000300,601865,福莱特,a,cn
2023-07-31,000300,601868,中国能建,a,cn
2023-07-31,000300,601872,招商轮船,a,cn
2023-07-31,000300,601877,正泰电器,a,cn
2023-07-31,000300,601878,浙商证券,a,cn
2023-07-31,000300,601881,中国银河,a,cn
2023-07-31,000300,601888,中国中免,a,cn
2023-07-31,000300,601898,中煤能源,a,cn
2023-07-31,000300,601899,紫金矿业,a,cn
2023-07-31,000300,601901,方正证券,a,cn
2023-07-31,000300,601919,中远海控,a,cn
2023-07-31,000300,601939,建设银行,a,cn
2023-07-31,000300,601985,中国核电,a,cn
2023-07-31,000300,601988,中国银行,a,cn
2023-07-31,000300,601989,中国重工,a,cn
2023-07-31,000300,601995,中金公司,a,cn
2023-07-31,000300,601998,中信银行,a,cn
2023-07-31,000300,603019,中科曙光,a,cn
2023-07-31,000300,603185,弘元绿能,a,cn
2023-07-31,000300,603195,公牛集团,a,cn
2023-07-31,000300,603259,药明康德,a,cn
2023-07-31,000300,603260,合盛硅业,a,cn
2023-07-31,000300,603288,海天味业,a,cn
2023-07-31,000300,603290,斯达半导,a,cn
2023-07-31,000300,603369,今世缘,a,cn
2023-07-31,000300,603392,万泰生物,a,cn
2023-07-31,000300,603486,科沃斯,a,cn
2023-07-31,000300,603501,豪威集团,a,cn
2023-07-31,000300,603659,璞泰来,a,cn
2023-07-31,000300,603799,华友钴业,a,cn
2023-07-31,000300,603806,福斯特,a,cn
2023-07-31,000300,603833,欧派家居,a,cn
2023-07-31,000300,603899,晨光股份,a,cn
2023-07-31,000300,603986,兆易创新,a,cn
2023-07-31,000300,603993,洛阳钼业,a,cn
2023-07-31,000300,605117,德业股份,a,cn
2023-07-31,000300,605499,东鹏饮料,a,cn
2023-07-31,000300,688005,容百科技,a,cn
2023-07-31,000300,688008,澜起科技,a,cn
2023-07-31,000300,688012,中微公司,a,cn
2023-07-31,000300,688036,传音控股,a,cn
2023-07-31,000300,688065,凯赛生物,a,cn
2023-07-31,000300,688111,金山办公,a,cn
2023-07-31,000300,688126,沪硅产业,a,cn
2023-07-31,000300,688187,时代电气,a,cn
2023-07-31,000300,688223,晶科能源,a,cn
2023-07-31,000300,688303,大全能源,a,cn
2023-07-31,000300,688363,华熙生物,a,cn
2023-07-31,000300,688396,华润微,a,cn
2023-07-31,000300,688561,奇安信,a,cn
2023-07-31,000300,688599,天合光能,a,cn
2023-07-31,000300,688981,中芯国际,a,cn
2023-08-31,000300,000001,平安银行,a,cn
2023-08-31,000300,000002,万科A,a,cn
2023-08-31,000300,000063,中兴通讯,a,cn
2023-08-31,000300,000069,华侨城A,a,cn
2023-08-31,000300,000100,TCL科技,a,cn
2023-08-31,000300,000157,中联重科,a,cn
2023-08-31,000300,000166,申万宏源,a,cn
2023-08-31,000300,000301,东方盛虹,a,cn
2023-08-31,000300,000333,美的集团,a,cn
2023-08-31,000300,000338,潍柴动力,a,cn
2023-08-31,000300,000408,藏格矿业,a,cn
2023-08-31,000300,000425,徐工机械,a,cn
2023-08-31,000300,000538,云南白药,a,cn
2023-08-31,000300,000568,泸州老窖,a,cn
2023-08-31,000300,000596,古井贡酒,a,cn
2023-08-31,000300,000617,中油资本,a,cn
2023-08-31,000300,000625,长安汽车,a,cn
2023-08-31,000300,000651,格力电器,a,cn
2023-08-31,000300,000661,长春高新,a,cn
2023-08-31,000300,000708,中信特钢,a,cn
2023-08-31,000300,000723,美锦能源,a,cn
2023-08-31,000300,000725,京东方A,a,cn
2023-08-31,000300,000733,振华科技,a,cn
2023-08-31,000300,000768,中航西飞,a,cn
2023-08-31,000300,000776,广发证券,a,cn
2023-08-31,000300,000786,北新建材,a,cn
2023-08-31,000300,000792,盐湖股份,a,cn
2023-08-31,000300,000800,一汽解放,a,cn
2023-08-31,000300,000858,五粮液,a,cn
2023-08-31,000300,000876,新希望,a,cn
2023-08-31,000300,000877,天山股份,a,cn
2023-08-31,000300,000895,双汇发展,a,cn
2023-08-31,000300,000938,紫光股份,a,cn
2023-08-31,000300,000963,华东医药,a,cn
2023-08-31,000300,000977,浪潮信息,a,cn
2023-08-31,000300,000983,山西焦煤,a,cn
2023-08-31,000300,001289,龙源电力,a,cn
2023-08-31,000300,001979,招商蛇口,a,cn
2023-08-31,000300,002001,新和成,a,cn
2023-08-31,000300,002007,华兰生物,a,cn
2023-08-31,000300,002027,分众传媒,a,cn
2023-08-31,000300,002049,紫光国微,a,cn
2023-08-31,000300,002050,三花智控,a,cn
2023-08-31,000300,002064,华峰化学,a,cn
2023-08-31,000300,002074,国轩高科,a,cn
2023-08-31,000300,002120,韵达股份,a,cn
2023-08-31,000300,002129,TCL中环,a,cn
2023-08-31,000300,002142,宁波银行,a,cn
2023-08-31,000300,002179,中航光电,a,cn
2023-08-31,000300,002180,奔图科技,a,cn
2023-08-31,000300,002202,金风科技,a,cn
2023-08-31,000300,002230,科大讯飞,a,cn
2023-08-31,000300,002236,大华股份,a,cn
2023-08-31,000300,002241,歌尔股份,a,cn
2023-08-31,000300,002252,上海莱士,a,cn
2023-08-31,000300,002271,东方雨虹,a,cn
2023-08-31,000300,002304,洋河股份,a,cn
2023-08-31,000300,002311,海大集团,a,cn
2023-08-31,000300,002352,顺丰控股,a,cn
2023-08-31,000300,002371,北方华创,a,cn
2023-08-31,000300,002410,广联达,a,cn
2023-08-31,000300,002414,高德红外,a,cn
2023-08-31,000300,002415,海康威视,a,cn
2023-08-31,000300,002459,晶澳科技,a,cn
2023-08-31,000300,002460,赣锋锂业,a,cn
2023-08-31,000300,002466,天齐锂业,a,cn
2023-08-31,000300,002475,立讯精密,a,cn
2023-08-31,000300,002493,荣盛石化,a,cn
2023-08-31,000300,002555,三七互娱,a,cn
2023-08-31,000300,002594,比亚迪,a,cn
2023-08-31,000300,002601,龙佰集团,a,cn
2023-08-31,000300,002648,卫星化学,a,cn
2023-08-31,000300,002709,天赐材料,a,cn
2023-08-31,000300,002714,牧原股份,a,cn
2023-08-31,000300,002736,国信证券,a,cn
2023-08-31,000300,002756,永兴材料,a,cn
2023-08-31,000300,002812,恩捷股份,a,cn
2023-08-31,000300,002821,凯莱英,a,cn
2023-08-31,000300,002841,视源股份,a,cn
2023-08-31,000300,002916,深南电路,a,cn
2023-08-31,000300,002920,德赛西威,a,cn
2023-08-31,000300,002938,鹏鼎控股,a,cn
2023-08-31,000300,003816,中国广核,a,cn
2023-08-31,000300,300014,亿纬锂能,a,cn
2023-08-31,000300,300015,爱尔眼科,a,cn
2023-08-31,000300,300033,同花顺,a,cn
2023-08-31,000300,300059,东方财富,a,cn
2023-08-31,000300,300122,智飞生物,a,cn
2023-08-31,000300,300124,汇川技术,a,cn
2023-08-31,000300,300142,沃森生物,a,cn
2023-08-31,000300,300207,欣旺达,a,cn
2023-08-31,000300,300223,北京君正,a,cn
2023-08-31,000300,300274,阳光电源,a,cn
2023-08-31,000300,300316,晶盛机电,a,cn
2023-08-31,000300,300347,泰格医药,a,cn
2023-08-31,000300,300408,三环集团,a,cn
2023-08-31,000300,300413,芒果超媒,a,cn
2023-08-31,000300,300433,蓝思科技,a,cn
2023-08-31,000300,300450,先导智能,a,cn
2023-08-31,000300,300454,深信服,a,cn
2023-08-31,000300,300496,中科创达,a,cn
2023-08-31,000300,300498,温氏股份,a,cn
2023-08-31,000300,300601,康泰生物,a,cn
2023-08-31,000300,300628,亿联网络,a,cn
2023-08-31,000300,300661,圣邦股份,a,cn
2023-08-31,000300,300750,宁德时代,a,cn
2023-08-31,000300,300751,迈为股份,a,cn
2023-08-31,000300,300759,康龙化成,a,cn
2023-08-31,000300,300760,迈瑞医疗,a,cn
2023-08-31,000300,300763,锦浪科技,a,cn
2023-08-31,000300,300769,德方纳米,a,cn
2023-08-31,000300,300782,卓胜微,a,cn
2023-08-31,000300,300896,爱美客,a,cn
2023-08-31,000300,300919,中伟新材,a,cn
2023-08-31,000300,300957,贝泰妮,a,cn
2023-08-31,000300,300979,华利集团,a,cn
2023-08-31,000300,300999,金龙鱼,a,cn
2023-08-31,000300,600000,浦发银行,a,cn
2023-08-31,000300,600009,上海机场,a,cn
2023-08-31,000300,600010,包钢股份,a,cn
2023-08-31,000300,600011,华能国际,a,cn
2023-08-31,000300,600015,华夏银行,a,cn
2023-08-31,000300,600016,民生银行,a,cn
2023-08-31,000300,600018,上港集团,a,cn
2023-08-31,000300,600019,宝钢股份,a,cn
2023-08-31,000300,600025,华能水电,a,cn
2023-08-31,000300,600028,中国石化,a,cn
2023-08-31,000300,600029,南方航空,a,cn
2023-08-31,000300,600030,中信证券,a,cn
2023-08-31,000300,600031,三一重工,a,cn
2023-08-31,000300,600036,招商银行,a,cn
2023-08-31,000300,600039,四川路桥,a,cn
2023-08-31,000300,600048,保利发展,a,cn
2023-08-31,000300,600050,中国联通,a,cn
2023-08-31,000300,600061,国投资本,a,cn
2023-08-31,000300,600085,同仁堂,a,cn
2023-08-31,000300,600089,特变电工,a,cn
2023-08-31,000300,600104,上汽集团,a,cn
2023-08-31,000300,600111,北方稀土,a,cn
2023-08-31,000300,600115,中国东航,a,cn
2023-08-31,000300,600132,重庆啤酒,a,cn
2023-08-31,000300,600150,中国船舶,a,cn
2023-08-31,000300,600176,中国巨石,a,cn
2023-08-31,000300,600183,生益科技,a,cn
2023-08-31,000300,600188,兖矿能源,a,cn
2023-08-31,000300,600196,复星医药,a,cn
2023-08-31,000300,600219,南山铝业,a,cn
2023-08-31,000300,600233,圆通速递,a,cn
2023-08-31,000300,600276,恒瑞医药,a,cn
2023-08-31,000300,600309,万华化学,a,cn
2023-08-31,000300,600332,白云山,a,cn
2023-08-31,000300,600346,恒力石化,a,cn
2023-08-31,000300,600362,江西铜业,a,cn
2023-08-31,000300,600383,金地集团,a,cn
2023-08-31,000300,600406,国电南瑞,a,cn
2023-08-31,000300,600426,华鲁恒升,a,cn
2023-08-31,000300,600436,片仔癀,a,cn
2023-08-31,000300,600438,通威股份,a,cn
2023-08-31,000300,600460,士兰微,a,cn
2023-08-31,000300,600519,贵州茅台,a,cn
2023-08-31,000300,600547,山东黄金,a,cn
2023-08-31,000300,600570,恒生电子,a,cn
2023-08-31,000300,600584,长电科技,a,cn
2023-08-31,000300,600585,海螺水泥,a,cn
2023-08-31,000300,600588,用友网络,a,cn
2023-08-31,000300,600600,青岛啤酒,a,cn
2023-08-31,000300,600606,绿地控股,a,cn
2023-08-31,000300,600660,福耀玻璃,a,cn
2023-08-31,000300,600674,川投能源,a,cn
2023-08-31,000300,600690,海尔智家,a,cn
2023-08-31,000300,600732,爱旭股份,a,cn
2023-08-31,000300,600741,华域汽车,a,cn
2023-08-31,000300,600745,*ST闻泰,a,cn
2023-08-31,000300,600754,锦江酒店,a,cn
2023-08-31,000300,600760,中航沈飞,a,cn
2023-08-31,000300,600763,通策医疗,a,cn
2023-08-31,000300,600795,国电电力,a,cn
2023-08-31,000300,600803,新奥股份,a,cn
2023-08-31,000300,600809,山西汾酒,a,cn
2023-08-31,000300,600837,海通证券,a,cn
2023-08-31,000300,600845,宝信软件,a,cn
2023-08-31,000300,600875,东方电气,a,cn
2023-08-31,000300,600884,杉杉股份,a,cn
2023-08-31,000300,600886,国投电力,a,cn
2023-08-31,000300,600887,伊利股份,a,cn
2023-08-31,000300,600893,航发动力,a,cn
2023-08-31,000300,600900,长江电力,a,cn
2023-08-31,000300,600905,三峡能源,a,cn
2023-08-31,000300,600918,中泰证券,a,cn
2023-08-31,000300,600919,江苏银行,a,cn
2023-08-31,000300,600926,杭州银行,a,cn
2023-08-31,000300,600941,中国移动,a,cn
2023-08-31,000300,600958,东方证券,a,cn
2023-08-31,000300,600989,宝丰能源,a,cn
2023-08-31,000300,600999,招商证券,a,cn
2023-08-31,000300,601006,大秦铁路,a,cn
2023-08-31,000300,601009,南京银行,a,cn
2023-08-31,000300,601012,隆基绿能,a,cn
2023-08-31,000300,601021,春秋航空,a,cn
2023-08-31,000300,601066,中信建投,a,cn
2023-08-31,000300,601088,中国神华,a,cn
2023-08-31,000300,601100,恒立液压,a,cn
2023-08-31,000300,601111,中国国航,a,cn
2023-08-31,000300,601117,中国化学,a,cn
2023-08-31,000300,601138,工业富联,a,cn
2023-08-31,000300,601155,新城控股,a,cn
2023-08-31,000300,601166,兴业银行,a,cn
2023-08-31,000300,601169,北京银行,a,cn
2023-08-31,000300,601186,中国铁建,a,cn
2023-08-31,000300,601211,国泰海通,a,cn
2023-08-31,000300,601216,君正集团,a,cn
2023-08-31,000300,601225,陕西煤业,a,cn
2023-08-31,000300,601229,上海银行,a,cn
2023-08-31,000300,601236,红塔证券,a,cn
2023-08-31,000300,601238,广汽集团,a,cn
2023-08-31,000300,601288,农业银行,a,cn
2023-08-31,000300,601318,中国平安,a,cn
2023-08-31,000300,601319,中国人保,a,cn
2023-08-31,000300,601328,交通银行,a,cn
2023-08-31,000300,601336,新华保险,a,cn
2023-08-31,000300,601360,三六零,a,cn
2023-08-31,000300,601377,兴业证券,a,cn
2023-08-31,000300,601390,中国中铁,a,cn
2023-08-31,000300,601398,工商银行,a,cn
2023-08-31,000300,601600,中国铝业,a,cn
2023-08-31,000300,601601,中国太保,a,cn
2023-08-31,000300,601607,上海医药,a,cn
2023-08-31,000300,601615,明阳智能,a,cn
2023-08-31,000300,601618,中国中冶,a,cn
2023-08-31,000300,601628,中国人寿,a,cn
2023-08-31,000300,601633,长城汽车,a,cn
2023-08-31,000300,601658,邮储银行,a,cn
2023-08-31,000300,601668,中国建筑,a,cn
2023-08-31,000300,601669,中国电建,a,cn
2023-08-31,000300,601688,华泰证券,a,cn
2023-08-31,000300,601689,拓普集团,a,cn
2023-08-31,000300,601698,中国卫通,a,cn
2023-08-31,000300,601699,潞安环能,a,cn
2023-08-31,000300,601728,中国电信,a,cn
2023-08-31,000300,601766,中国中车,a,cn
2023-08-31,000300,601788,光大证券,a,cn
2023-08-31,000300,601799,星宇股份,a,cn
2023-08-31,000300,601800,中国交建,a,cn
2023-08-31,000300,601808,中海油服,a,cn
2023-08-31,000300,601816,京沪高铁,a,cn
2023-08-31,000300,601818,光大银行,a,cn
2023-08-31,000300,601838,成都银行,a,cn
2023-08-31,000300,601857,中国石油,a,cn
2023-08-31,000300,601865,福莱特,a,cn
2023-08-31,000300,601868,中国能建,a,cn
2023-08-31,000300,601872,招商轮船,a,cn
2023-08-31,000300,601877,正泰电器,a,cn
2023-08-31,000300,601878,浙商证券,a,cn
2023-08-31,000300,601881,中国银河,a,cn
2023-08-31,000300,601888,中国中免,a,cn
2023-08-31,000300,601898,中煤能源,a,cn
2023-08-31,000300,601899,紫金矿业,a,cn
2023-08-31,000300,601901,方正证券,a,cn
2023-08-31,000300,601919,中远海控,a,cn
2023-08-31,000300,601939,建设银行,a,cn
2023-08-31,000300,601985,中国核电,a,cn
2023-08-31,000300,601988,中国银行,a,cn
2023-08-31,000300,601989,中国重工,a,cn
2023-08-31,000300,601995,中金公司,a,cn
2023-08-31,000300,601998,中信银行,a,cn
2023-08-31,000300,603019,中科曙光,a,cn
2023-08-31,000300,603185,弘元绿能,a,cn
2023-08-31,000300,603195,公牛集团,a,cn
2023-08-31,000300,603259,药明康德,a,cn
2023-08-31,000300,603260,合盛硅业,a,cn
2023-08-31,000300,603288,海天味业,a,cn
2023-08-31,000300,603290,斯达半导,a,cn
2023-08-31,000300,603369,今世缘,a,cn
2023-08-31,000300,603392,万泰生物,a,cn
2023-08-31,000300,603486,科沃斯,a,cn
2023-08-31,000300,603501,豪威集团,a,cn
2023-08-31,000300,603659,璞泰来,a,cn
2023-08-31,000300,603799,华友钴业,a,cn
2023-08-31,000300,603806,福斯特,a,cn
2023-08-31,000300,603833,欧派家居,a,cn
2023-08-31,000300,603899,晨光股份,a,cn
2023-08-31,000300,603986,兆易创新,a,cn
2023-08-31,000300,603993,洛阳钼业,a,cn
2023-08-31,000300,605117,德业股份,a,cn
2023-08-31,000300,605499,东鹏饮料,a,cn
2023-08-31,000300,688005,容百科技,a,cn
2023-08-31,000300,688008,澜起科技,a,cn
2023-08-31,000300,688012,中微公司,a,cn
2023-08-31,000300,688036,传音控股,a,cn
2023-08-31,000300,688065,凯赛生物,a,cn
2023-08-31,000300,688111,金山办公,a,cn
2023-08-31,000300,688126,沪硅产业,a,cn
2023-08-31,000300,688187,时代电气,a,cn
2023-08-31,000300,688223,晶科能源,a,cn
2023-08-31,000300,688303,大全能源,a,cn
2023-08-31,000300,688363,华熙生物,a,cn
2023-08-31,000300,688396,华润微,a,cn
2023-08-31,000300,688561,奇安信,a,cn
2023-08-31,000300,688599,天合光能,a,cn
2023-08-31,000300,688981,中芯国际,a,cn
2023-09-28,000300,000001,平安银行,a,cn
2023-09-28,000300,000002,万科A,a,cn
2023-09-28,000300,000063,中兴通讯,a,cn
2023-09-28,000300,000069,华侨城A,a,cn
2023-09-28,000300,000100,TCL科技,a,cn
2023-09-28,000300,000157,中联重科,a,cn
2023-09-28,000300,000166,申万宏源,a,cn
2023-09-28,000300,000301,东方盛虹,a,cn
2023-09-28,000300,000333,美的集团,a,cn
2023-09-28,000300,000338,潍柴动力,a,cn
2023-09-28,000300,000408,藏格矿业,a,cn
2023-09-28,000300,000425,徐工机械,a,cn
2023-09-28,000300,000538,云南白药,a,cn
2023-09-28,000300,000568,泸州老窖,a,cn
2023-09-28,000300,000596,古井贡酒,a,cn
2023-09-28,000300,000617,中油资本,a,cn
2023-09-28,000300,000625,长安汽车,a,cn
2023-09-28,000300,000651,格力电器,a,cn
2023-09-28,000300,000661,长春高新,a,cn
2023-09-28,000300,000708,中信特钢,a,cn
2023-09-28,000300,000723,美锦能源,a,cn
2023-09-28,000300,000725,京东方A,a,cn
2023-09-28,000300,000733,振华科技,a,cn
2023-09-28,000300,000768,中航西飞,a,cn
2023-09-28,000300,000776,广发证券,a,cn
2023-09-28,000300,000786,北新建材,a,cn
2023-09-28,000300,000792,盐湖股份,a,cn
2023-09-28,000300,000800,一汽解放,a,cn
2023-09-28,000300,000858,五粮液,a,cn
2023-09-28,000300,000876,新希望,a,cn
2023-09-28,000300,000877,天山股份,a,cn
2023-09-28,000300,000895,双汇发展,a,cn
2023-09-28,000300,000938,紫光股份,a,cn
2023-09-28,000300,000963,华东医药,a,cn
2023-09-28,000300,000977,浪潮信息,a,cn
2023-09-28,000300,000983,山西焦煤,a,cn
2023-09-28,000300,001289,龙源电力,a,cn
2023-09-28,000300,001979,招商蛇口,a,cn
2023-09-28,000300,002001,新和成,a,cn
2023-09-28,000300,002007,华兰生物,a,cn
2023-09-28,000300,002027,分众传媒,a,cn
2023-09-28,000300,002049,紫光国微,a,cn
2023-09-28,000300,002050,三花智控,a,cn
2023-09-28,000300,002064,华峰化学,a,cn
2023-09-28,000300,002074,国轩高科,a,cn
2023-09-28,000300,002120,韵达股份,a,cn
2023-09-28,000300,002129,TCL中环,a,cn
2023-09-28,000300,002142,宁波银行,a,cn
2023-09-28,000300,002179,中航光电,a,cn
2023-09-28,000300,002180,奔图科技,a,cn
2023-09-28,000300,002202,金风科技,a,cn
2023-09-28,000300,002230,科大讯飞,a,cn
2023-09-28,000300,002236,大华股份,a,cn
2023-09-28,000300,002241,歌尔股份,a,cn
2023-09-28,000300,002252,上海莱士,a,cn
2023-09-28,000300,002271,东方雨虹,a,cn
2023-09-28,000300,002304,洋河股份,a,cn
2023-09-28,000300,002311,海大集团,a,cn
2023-09-28,000300,002352,顺丰控股,a,cn
2023-09-28,000300,002371,北方华创,a,cn
2023-09-28,000300,002410,广联达,a,cn
2023-09-28,000300,002414,高德红外,a,cn
2023-09-28,000300,002415,海康威视,a,cn
2023-09-28,000300,002459,晶澳科技,a,cn
2023-09-28,000300,002460,赣锋锂业,a,cn
2023-09-28,000300,002466,天齐锂业,a,cn
2023-09-28,000300,002475,立讯精密,a,cn
2023-09-28,000300,002493,荣盛石化,a,cn
2023-09-28,000300,002555,三七互娱,a,cn
2023-09-28,000300,002594,比亚迪,a,cn
2023-09-28,000300,002601,龙佰集团,a,cn
2023-09-28,000300,002648,卫星化学,a,cn
2023-09-28,000300,002709,天赐材料,a,cn
2023-09-28,000300,002714,牧原股份,a,cn
2023-09-28,000300,002736,国信证券,a,cn
2023-09-28,000300,002756,永兴材料,a,cn
2023-09-28,000300,002812,恩捷股份,a,cn
2023-09-28,000300,002821,凯莱英,a,cn
2023-09-28,000300,002841,视源股份,a,cn
2023-09-28,000300,002916,深南电路,a,cn
2023-09-28,000300,002920,德赛西威,a,cn
2023-09-28,000300,002938,鹏鼎控股,a,cn
2023-09-28,000300,003816,中国广核,a,cn
2023-09-28,000300,300014,亿纬锂能,a,cn
2023-09-28,000300,300015,爱尔眼科,a,cn
2023-09-28,000300,300033,同花顺,a,cn
2023-09-28,000300,300059,东方财富,a,cn
2023-09-28,000300,300122,智飞生物,a,cn
2023-09-28,000300,300124,汇川技术,a,cn
2023-09-28,000300,300142,沃森生物,a,cn
2023-09-28,000300,300207,欣旺达,a,cn
2023-09-28,000300,300223,北京君正,a,cn
2023-09-28,000300,300274,阳光电源,a,cn
2023-09-28,000300,300316,晶盛机电,a,cn
2023-09-28,000300,300347,泰格医药,a,cn
2023-09-28,000300,300408,三环集团,a,cn
2023-09-28,000300,300413,芒果超媒,a,cn
2023-09-28,000300,300433,蓝思科技,a,cn
2023-09-28,000300,300450,先导智能,a,cn
2023-09-28,000300,300454,深信服,a,cn
2023-09-28,000300,300496,中科创达,a,cn
2023-09-28,000300,300498,温氏股份,a,cn
2023-09-28,000300,300601,康泰生物,a,cn
2023-09-28,000300,300628,亿联网络,a,cn
2023-09-28,000300,300661,圣邦股份,a,cn
2023-09-28,000300,300750,宁德时代,a,cn
2023-09-28,000300,300751,迈为股份,a,cn
2023-09-28,000300,300759,康龙化成,a,cn
2023-09-28,000300,300760,迈瑞医疗,a,cn
2023-09-28,000300,300763,锦浪科技,a,cn
2023-09-28,000300,300769,德方纳米,a,cn
2023-09-28,000300,300782,卓胜微,a,cn
2023-09-28,000300,300896,爱美客,a,cn
2023-09-28,000300,300919,中伟新材,a,cn
2023-09-28,000300,300957,贝泰妮,a,cn
2023-09-28,000300,300979,华利集团,a,cn
2023-09-28,000300,300999,金龙鱼,a,cn
2023-09-28,000300,600000,浦发银行,a,cn
2023-09-28,000300,600009,上海机场,a,cn
2023-09-28,000300,600010,包钢股份,a,cn
2023-09-28,000300,600011,华能国际,a,cn
2023-09-28,000300,600015,华夏银行,a,cn
2023-09-28,000300,600016,民生银行,a,cn
2023-09-28,000300,600018,上港集团,a,cn
2023-09-28,000300,600019,宝钢股份,a,cn
2023-09-28,000300,600025,华能水电,a,cn
2023-09-28,000300,600028,中国石化,a,cn
2023-09-28,000300,600029,南方航空,a,cn
2023-09-28,000300,600030,中信证券,a,cn
2023-09-28,000300,600031,三一重工,a,cn
2023-09-28,000300,600036,招商银行,a,cn
2023-09-28,000300,600039,四川路桥,a,cn
2023-09-28,000300,600048,保利发展,a,cn
2023-09-28,000300,600050,中国联通,a,cn
2023-09-28,000300,600061,国投资本,a,cn
2023-09-28,000300,600085,同仁堂,a,cn
2023-09-28,000300,600089,特变电工,a,cn
2023-09-28,000300,600104,上汽集团,a,cn
2023-09-28,000300,600111,北方稀土,a,cn
2023-09-28,000300,600115,中国东航,a,cn
2023-09-28,000300,600132,重庆啤酒,a,cn
2023-09-28,000300,600150,中国船舶,a,cn
2023-09-28,000300,600176,中国巨石,a,cn
2023-09-28,000300,600183,生益科技,a,cn
2023-09-28,000300,600188,兖矿能源,a,cn
2023-09-28,000300,600196,复星医药,a,cn
2023-09-28,000300,600219,南山铝业,a,cn
2023-09-28,000300,600233,圆通速递,a,cn
2023-09-28,000300,600276,恒瑞医药,a,cn
2023-09-28,000300,600309,万华化学,a,cn
2023-09-28,000300,600332,白云山,a,cn
2023-09-28,000300,600346,恒力石化,a,cn
2023-09-28,000300,600362,江西铜业,a,cn
2023-09-28,000300,600383,金地集团,a,cn
2023-09-28,000300,600406,国电南瑞,a,cn
2023-09-28,000300,600426,华鲁恒升,a,cn
2023-09-28,000300,600436,片仔癀,a,cn
2023-09-28,000300,600438,通威股份,a,cn
2023-09-28,000300,600460,士兰微,a,cn
2023-09-28,000300,600519,贵州茅台,a,cn
2023-09-28,000300,600547,山东黄金,a,cn
2023-09-28,000300,600570,恒生电子,a,cn
2023-09-28,000300,600584,长电科技,a,cn
2023-09-28,000300,600585,海螺水泥,a,cn
2023-09-28,000300,600588,用友网络,a,cn
2023-09-28,000300,600600,青岛啤酒,a,cn
2023-09-28,000300,600606,绿地控股,a,cn
2023-09-28,000300,600660,福耀玻璃,a,cn
2023-09-28,000300,600674,川投能源,a,cn
2023-09-28,000300,600690,海尔智家,a,cn
2023-09-28,000300,600732,爱旭股份,a,cn
2023-09-28,000300,600741,华域汽车,a,cn
2023-09-28,000300,600745,*ST闻泰,a,cn
2023-09-28,000300,600754,锦江酒店,a,cn
2023-09-28,000300,600760,中航沈飞,a,cn
2023-09-28,000300,600763,通策医疗,a,cn
2023-09-28,000300,600795,国电电力,a,cn
2023-09-28,000300,600803,新奥股份,a,cn
2023-09-28,000300,600809,山西汾酒,a,cn
2023-09-28,000300,600837,海通证券,a,cn
2023-09-28,000300,600845,宝信软件,a,cn
2023-09-28,000300,600875,东方电气,a,cn
2023-09-28,000300,600884,杉杉股份,a,cn
2023-09-28,000300,600886,国投电力,a,cn
2023-09-28,000300,600887,伊利股份,a,cn
2023-09-28,000300,600893,航发动力,a,cn
2023-09-28,000300,600900,长江电力,a,cn
2023-09-28,000300,600905,三峡能源,a,cn
2023-09-28,000300,600918,中泰证券,a,cn
2023-09-28,000300,600919,江苏银行,a,cn
2023-09-28,000300,600926,杭州银行,a,cn
2023-09-28,000300,600941,中国移动,a,cn
2023-09-28,000300,600958,东方证券,a,cn
2023-09-28,000300,600989,宝丰能源,a,cn
2023-09-28,000300,600999,招商证券,a,cn
2023-09-28,000300,601006,大秦铁路,a,cn
2023-09-28,000300,601009,南京银行,a,cn
2023-09-28,000300,601012,隆基绿能,a,cn
2023-09-28,000300,601021,春秋航空,a,cn
2023-09-28,000300,601066,中信建投,a,cn
2023-09-28,000300,601088,中国神华,a,cn
2023-09-28,000300,601100,恒立液压,a,cn
2023-09-28,000300,601111,中国国航,a,cn
2023-09-28,000300,601117,中国化学,a,cn
2023-09-28,000300,601138,工业富联,a,cn
2023-09-28,000300,601155,新城控股,a,cn
2023-09-28,000300,601166,兴业银行,a,cn
2023-09-28,000300,601169,北京银行,a,cn
2023-09-28,000300,601186,中国铁建,a,cn
2023-09-28,000300,601211,国泰海通,a,cn
2023-09-28,000300,601216,君正集团,a,cn
2023-09-28,000300,601225,陕西煤业,a,cn
2023-09-28,000300,601229,上海银行,a,cn
2023-09-28,000300,601236,红塔证券,a,cn
2023-09-28,000300,601238,广汽集团,a,cn
2023-09-28,000300,601288,农业银行,a,cn
2023-09-28,000300,601318,中国平安,a,cn
2023-09-28,000300,601319,中国人保,a,cn
2023-09-28,000300,601328,交通银行,a,cn
2023-09-28,000300,601336,新华保险,a,cn
2023-09-28,000300,601360,三六零,a,cn
2023-09-28,000300,601377,兴业证券,a,cn
2023-09-28,000300,601390,中国中铁,a,cn
2023-09-28,000300,601398,工商银行,a,cn
2023-09-28,000300,601600,中国铝业,a,cn
2023-09-28,000300,601601,中国太保,a,cn
2023-09-28,000300,601607,上海医药,a,cn
2023-09-28,000300,601615,明阳智能,a,cn
2023-09-28,000300,601618,中国中冶,a,cn
2023-09-28,000300,601628,中国人寿,a,cn
2023-09-28,000300,601633,长城汽车,a,cn
2023-09-28,000300,601658,邮储银行,a,cn
2023-09-28,000300,601668,中国建筑,a,cn
2023-09-28,000300,601669,中国电建,a,cn
2023-09-28,000300,601688,华泰证券,a,cn
2023-09-28,000300,601689,拓普集团,a,cn
2023-09-28,000300,601698,中国卫通,a,cn
2023-09-28,000300,601699,潞安环能,a,cn
2023-09-28,000300,601728,中国电信,a,cn
2023-09-28,000300,601766,中国中车,a,cn
2023-09-28,000300,601788,光大证券,a,cn
2023-09-28,000300,601799,星宇股份,a,cn
2023-09-28,000300,601800,中国交建,a,cn
2023-09-28,000300,601808,中海油服,a,cn
2023-09-28,000300,601816,京沪高铁,a,cn
2023-09-28,000300,601818,光大银行,a,cn
2023-09-28,000300,601838,成都银行,a,cn
2023-09-28,000300,601857,中国石油,a,cn
2023-09-28,000300,601865,福莱特,a,cn
2023-09-28,000300,601868,中国能建,a,cn
2023-09-28,000300,601872,招商轮船,a,cn
2023-09-28,000300,601877,正泰电器,a,cn
2023-09-28,000300,601878,浙商证券,a,cn
2023-09-28,000300,601881,中国银河,a,cn
2023-09-28,000300,601888,中国中免,a,cn
2023-09-28,000300,601898,中煤能源,a,cn
2023-09-28,000300,601899,紫金矿业,a,cn
2023-09-28,000300,601901,方正证券,a,cn
2023-09-28,000300,601919,中远海控,a,cn
2023-09-28,000300,601939,建设银行,a,cn
2023-09-28,000300,601985,中国核电,a,cn
2023-09-28,000300,601988,中国银行,a,cn
2023-09-28,000300,601989,中国重工,a,cn
2023-09-28,000300,601995,中金公司,a,cn
2023-09-28,000300,601998,中信银行,a,cn
2023-09-28,000300,603019,中科曙光,a,cn
2023-09-28,000300,603185,弘元绿能,a,cn
2023-09-28,000300,603195,公牛集团,a,cn
2023-09-28,000300,603259,药明康德,a,cn
2023-09-28,000300,603260,合盛硅业,a,cn
2023-09-28,000300,603288,海天味业,a,cn
2023-09-28,000300,603290,斯达半导,a,cn
2023-09-28,000300,603369,今世缘,a,cn
2023-09-28,000300,603392,万泰生物,a,cn
2023-09-28,000300,603486,科沃斯,a,cn
2023-09-28,000300,603501,豪威集团,a,cn
2023-09-28,000300,603659,璞泰来,a,cn
2023-09-28,000300,603799,华友钴业,a,cn
2023-09-28,000300,603806,福斯特,a,cn
2023-09-28,000300,603833,欧派家居,a,cn
2023-09-28,000300,603899,晨光股份,a,cn
2023-09-28,000300,603986,兆易创新,a,cn
2023-09-28,000300,603993,洛阳钼业,a,cn
2023-09-28,000300,605117,德业股份,a,cn
2023-09-28,000300,605499,东鹏饮料,a,cn
2023-09-28,000300,688005,容百科技,a,cn
2023-09-28,000300,688008,澜起科技,a,cn
2023-09-28,000300,688012,中微公司,a,cn
2023-09-28,000300,688036,传音控股,a,cn
2023-09-28,000300,688065,凯赛生物,a,cn
2023-09-28,000300,688111,金山办公,a,cn
2023-09-28,000300,688126,沪硅产业,a,cn
2023-09-28,000300,688187,时代电气,a,cn
2023-09-28,000300,688223,晶科能源,a,cn
2023-09-28,000300,688303,大全能源,a,cn
2023-09-28,000300,688363,华熙生物,a,cn
2023-09-28,000300,688396,华润微,a,cn
2023-09-28,000300,688561,奇安信,a,cn
2023-09-28,000300,688599,天合光能,a,cn
2023-09-28,000300,688981,中芯国际,a,cn
2023-10-31,000300,000001,平安银行,a,cn
2023-10-31,000300,000002,万科A,a,cn
2023-10-31,000300,000063,中兴通讯,a,cn
2023-10-31,000300,000069,华侨城A,a,cn
2023-10-31,000300,000100,TCL科技,a,cn
2023-10-31,000300,000157,中联重科,a,cn
2023-10-31,000300,000166,申万宏源,a,cn
2023-10-31,000300,000301,东方盛虹,a,cn
2023-10-31,000300,000333,美的集团,a,cn
2023-10-31,000300,000338,潍柴动力,a,cn
2023-10-31,000300,000408,藏格矿业,a,cn
2023-10-31,000300,000425,徐工机械,a,cn
2023-10-31,000300,000538,云南白药,a,cn
2023-10-31,000300,000568,泸州老窖,a,cn
2023-10-31,000300,000596,古井贡酒,a,cn
2023-10-31,000300,000617,中油资本,a,cn
2023-10-31,000300,000625,长安汽车,a,cn
2023-10-31,000300,000651,格力电器,a,cn
2023-10-31,000300,000661,长春高新,a,cn
2023-10-31,000300,000708,中信特钢,a,cn
2023-10-31,000300,000723,美锦能源,a,cn
2023-10-31,000300,000725,京东方A,a,cn
2023-10-31,000300,000733,振华科技,a,cn
2023-10-31,000300,000768,中航西飞,a,cn
2023-10-31,000300,000776,广发证券,a,cn
2023-10-31,000300,000786,北新建材,a,cn
2023-10-31,000300,000792,盐湖股份,a,cn
2023-10-31,000300,000800,一汽解放,a,cn
2023-10-31,000300,000858,五粮液,a,cn
2023-10-31,000300,000876,新希望,a,cn
2023-10-31,000300,000877,天山股份,a,cn
2023-10-31,000300,000895,双汇发展,a,cn
2023-10-31,000300,000938,紫光股份,a,cn
2023-10-31,000300,000963,华东医药,a,cn
2023-10-31,000300,000977,浪潮信息,a,cn
2023-10-31,000300,000983,山西焦煤,a,cn
2023-10-31,000300,001289,龙源电力,a,cn
2023-10-31,000300,001979,招商蛇口,a,cn
2023-10-31,000300,002001,新和成,a,cn
2023-10-31,000300,002007,华兰生物,a,cn
2023-10-31,000300,002027,分众传媒,a,cn
2023-10-31,000300,002049,紫光国微,a,cn
2023-10-31,000300,002050,三花智控,a,cn
2023-10-31,000300,002064,华峰化学,a,cn
2023-10-31,000300,002074,国轩高科,a,cn
2023-10-31,000300,002120,韵达股份,a,cn
2023-10-31,000300,002129,TCL中环,a,cn
2023-10-31,000300,002142,宁波银行,a,cn
2023-10-31,000300,002179,中航光电,a,cn
2023-10-31,000300,002180,奔图科技,a,cn
2023-10-31,000300,002202,金风科技,a,cn
2023-10-31,000300,002230,科大讯飞,a,cn
2023-10-31,000300,002236,大华股份,a,cn
2023-10-31,000300,002241,歌尔股份,a,cn
2023-10-31,000300,002252,上海莱士,a,cn
2023-10-31,000300,002271,东方雨虹,a,cn
2023-10-31,000300,002304,洋河股份,a,cn
2023-10-31,000300,002311,海大集团,a,cn
2023-10-31,000300,002352,顺丰控股,a,cn
2023-10-31,000300,002371,北方华创,a,cn
2023-10-31,000300,002410,广联达,a,cn
2023-10-31,000300,002414,高德红外,a,cn
2023-10-31,000300,002415,海康威视,a,cn
2023-10-31,000300,002459,晶澳科技,a,cn
2023-10-31,000300,002460,赣锋锂业,a,cn
2023-10-31,000300,002466,天齐锂业,a,cn
2023-10-31,000300,002475,立讯精密,a,cn
2023-10-31,000300,002493,荣盛石化,a,cn
2023-10-31,000300,002555,三七互娱,a,cn
2023-10-31,000300,002594,比亚迪,a,cn
2023-10-31,000300,002601,龙佰集团,a,cn
2023-10-31,000300,002648,卫星化学,a,cn
2023-10-31,000300,002709,天赐材料,a,cn
2023-10-31,000300,002714,牧原股份,a,cn
2023-10-31,000300,002736,国信证券,a,cn
2023-10-31,000300,002756,永兴材料,a,cn
2023-10-31,000300,002812,恩捷股份,a,cn
2023-10-31,000300,002821,凯莱英,a,cn
2023-10-31,000300,002841,视源股份,a,cn
2023-10-31,000300,002916,深南电路,a,cn
2023-10-31,000300,002920,德赛西威,a,cn
2023-10-31,000300,002938,鹏鼎控股,a,cn
2023-10-31,000300,003816,中国广核,a,cn
2023-10-31,000300,300014,亿纬锂能,a,cn
2023-10-31,000300,300015,爱尔眼科,a,cn
2023-10-31,000300,300033,同花顺,a,cn
2023-10-31,000300,300059,东方财富,a,cn
2023-10-31,000300,300122,智飞生物,a,cn
2023-10-31,000300,300124,汇川技术,a,cn
2023-10-31,000300,300142,沃森生物,a,cn
2023-10-31,000300,300207,欣旺达,a,cn
2023-10-31,000300,300223,北京君正,a,cn
2023-10-31,000300,300274,阳光电源,a,cn
2023-10-31,000300,300316,晶盛机电,a,cn
2023-10-31,000300,300347,泰格医药,a,cn
2023-10-31,000300,300408,三环集团,a,cn
2023-10-31,000300,300413,芒果超媒,a,cn
2023-10-31,000300,300433,蓝思科技,a,cn
2023-10-31,000300,300450,先导智能,a,cn
2023-10-31,000300,300454,深信服,a,cn
2023-10-31,000300,300496,中科创达,a,cn
2023-10-31,000300,300498,温氏股份,a,cn
2023-10-31,000300,300601,康泰生物,a,cn
2023-10-31,000300,300628,亿联网络,a,cn
2023-10-31,000300,300661,圣邦股份,a,cn
2023-10-31,000300,300750,宁德时代,a,cn
2023-10-31,000300,300751,迈为股份,a,cn
2023-10-31,000300,300759,康龙化成,a,cn
2023-10-31,000300,300760,迈瑞医疗,a,cn
2023-10-31,000300,300763,锦浪科技,a,cn
2023-10-31,000300,300769,德方纳米,a,cn
2023-10-31,000300,300782,卓胜微,a,cn
2023-10-31,000300,300896,爱美客,a,cn
2023-10-31,000300,300919,中伟新材,a,cn
2023-10-31,000300,300957,贝泰妮,a,cn
2023-10-31,000300,300979,华利集团,a,cn
2023-10-31,000300,300999,金龙鱼,a,cn
2023-10-31,000300,600000,浦发银行,a,cn
2023-10-31,000300,600009,上海机场,a,cn
2023-10-31,000300,600010,包钢股份,a,cn
2023-10-31,000300,600011,华能国际,a,cn
2023-10-31,000300,600015,华夏银行,a,cn
2023-10-31,000300,600016,民生银行,a,cn
2023-10-31,000300,600018,上港集团,a,cn
2023-10-31,000300,600019,宝钢股份,a,cn
2023-10-31,000300,600025,华能水电,a,cn
2023-10-31,000300,600028,中国石化,a,cn
2023-10-31,000300,600029,南方航空,a,cn
2023-10-31,000300,600030,中信证券,a,cn
2023-10-31,000300,600031,三一重工,a,cn
2023-10-31,000300,600036,招商银行,a,cn
2023-10-31,000300,600039,四川路桥,a,cn
2023-10-31,000300,600048,保利发展,a,cn
2023-10-31,000300,600050,中国联通,a,cn
2023-10-31,000300,600061,国投资本,a,cn
2023-10-31,000300,600085,同仁堂,a,cn
2023-10-31,000300,600089,特变电工,a,cn
2023-10-31,000300,600104,上汽集团,a,cn
2023-10-31,000300,600111,北方稀土,a,cn
2023-10-31,000300,600115,中国东航,a,cn
2023-10-31,000300,600132,重庆啤酒,a,cn
2023-10-31,000300,600150,中国船舶,a,cn
2023-10-31,000300,600176,中国巨石,a,cn
2023-10-31,000300,600183,生益科技,a,cn
2023-10-31,000300,600188,兖矿能源,a,cn
2023-10-31,000300,600196,复星医药,a,cn
2023-10-31,000300,600219,南山铝业,a,cn
2023-10-31,000300,600233,圆通速递,a,cn
2023-10-31,000300,600276,恒瑞医药,a,cn
2023-10-31,000300,600309,万华化学,a,cn
2023-10-31,000300,600332,白云山,a,cn
2023-10-31,000300,600346,恒力石化,a,cn
2023-10-31,000300,600362,江西铜业,a,cn
2023-10-31,000300,600383,金地集团,a,cn
2023-10-31,000300,600406,国电南瑞,a,cn
2023-10-31,000300,600426,华鲁恒升,a,cn
2023-10-31,000300,600436,片仔癀,a,cn
2023-10-31,000300,600438,通威股份,a,cn
2023-10-31,000300,600460,士兰微,a,cn
2023-10-31,000300,600519,贵州茅台,a,cn
2023-10-31,000300,600547,山东黄金,a,cn
2023-10-31,000300,600570,恒生电子,a,cn
2023-10-31,000300,600584,长电科技,a,cn
2023-10-31,000300,600585,海螺水泥,a,cn
2023-10-31,000300,600588,用友网络,a,cn
2023-10-31,000300,600600,青岛啤酒,a,cn
2023-10-31,000300,600606,绿地控股,a,cn
2023-10-31,000300,600660,福耀玻璃,a,cn
2023-10-31,000300,600674,川投能源,a,cn
2023-10-31,000300,600690,海尔智家,a,cn
2023-10-31,000300,600732,爱旭股份,a,cn
2023-10-31,000300,600741,华域汽车,a,cn
2023-10-31,000300,600745,*ST闻泰,a,cn
2023-10-31,000300,600754,锦江酒店,a,cn
2023-10-31,000300,600760,中航沈飞,a,cn
2023-10-31,000300,600763,通策医疗,a,cn
2023-10-31,000300,600795,国电电力,a,cn
2023-10-31,000300,600803,新奥股份,a,cn
2023-10-31,000300,600809,山西汾酒,a,cn
2023-10-31,000300,600837,海通证券,a,cn
2023-10-31,000300,600845,宝信软件,a,cn
2023-10-31,000300,600875,东方电气,a,cn
2023-10-31,000300,600884,杉杉股份,a,cn
2023-10-31,000300,600886,国投电力,a,cn
2023-10-31,000300,600887,伊利股份,a,cn
2023-10-31,000300,600893,航发动力,a,cn
2023-10-31,000300,600900,长江电力,a,cn
2023-10-31,000300,600905,三峡能源,a,cn
2023-10-31,000300,600918,中泰证券,a,cn
2023-10-31,000300,600919,江苏银行,a,cn
2023-10-31,000300,600926,杭州银行,a,cn
2023-10-31,000300,600941,中国移动,a,cn
2023-10-31,000300,600958,东方证券,a,cn
2023-10-31,000300,600989,宝丰能源,a,cn
2023-10-31,000300,600999,招商证券,a,cn
2023-10-31,000300,601006,大秦铁路,a,cn
2023-10-31,000300,601009,南京银行,a,cn
2023-10-31,000300,601012,隆基绿能,a,cn
2023-10-31,000300,601021,春秋航空,a,cn
2023-10-31,000300,601066,中信建投,a,cn
2023-10-31,000300,601088,中国神华,a,cn
2023-10-31,000300,601100,恒立液压,a,cn
2023-10-31,000300,601111,中国国航,a,cn
2023-10-31,000300,601117,中国化学,a,cn
2023-10-31,000300,601138,工业富联,a,cn
2023-10-31,000300,601155,新城控股,a,cn
2023-10-31,000300,601166,兴业银行,a,cn
2023-10-31,000300,601169,北京银行,a,cn
2023-10-31,000300,601186,中国铁建,a,cn
2023-10-31,000300,601211,国泰海通,a,cn
2023-10-31,000300,601216,君正集团,a,cn
2023-10-31,000300,601225,陕西煤业,a,cn
2023-10-31,000300,601229,上海银行,a,cn
2023-10-31,000300,601236,红塔证券,a,cn
2023-10-31,000300,601238,广汽集团,a,cn
2023-10-31,000300,601288,农业银行,a,cn
2023-10-31,000300,601318,中国平安,a,cn
2023-10-31,000300,601319,中国人保,a,cn
2023-10-31,000300,601328,交通银行,a,cn
2023-10-31,000300,601336,新华保险,a,cn
2023-10-31,000300,601360,三六零,a,cn
2023-10-31,000300,601377,兴业证券,a,cn
2023-10-31,000300,601390,中国中铁,a,cn
2023-10-31,000300,601398,工商银行,a,cn
2023-10-31,000300,601600,中国铝业,a,cn
2023-10-31,000300,601601,中国太保,a,cn
2023-10-31,000300,601607,上海医药,a,cn
2023-10-31,000300,601615,明阳智能,a,cn
2023-10-31,000300,601618,中国中冶,a,cn
2023-10-31,000300,601628,中国人寿,a,cn
2023-10-31,000300,601633,长城汽车,a,cn
2023-10-31,000300,601658,邮储银行,a,cn
2023-10-31,000300,601668,中国建筑,a,cn
2023-10-31,000300,601669,中国电建,a,cn
2023-10-31,000300,601688,华泰证券,a,cn
2023-10-31,000300,601689,拓普集团,a,cn
2023-10-31,000300,601698,中国卫通,a,cn
2023-10-31,000300,601699,潞安环能,a,cn
2023-10-31,000300,601728,中国电信,a,cn
2023-10-31,000300,601766,中国中车,a,cn
2023-10-31,000300,601788,光大证券,a,cn
2023-10-31,000300,601799,星宇股份,a,cn
2023-10-31,000300,601800,中国交建,a,cn
2023-10-31,000300,601808,中海油服,a,cn
2023-10-31,000300,601816,京沪高铁,a,cn
2023-10-31,000300,601818,光大银行,a,cn
2023-10-31,000300,601838,成都银行,a,cn
2023-10-31,000300,601857,中国石油,a,cn
2023-10-31,000300,601865,福莱特,a,cn
2023-10-31,000300,601868,中国能建,a,cn
2023-10-31,000300,601872,招商轮船,a,cn
2023-10-31,000300,601877,正泰电器,a,cn
2023-10-31,000300,601878,浙商证券,a,cn
2023-10-31,000300,601881,中国银河,a,cn
2023-10-31,000300,601888,中国中免,a,cn
2023-10-31,000300,601898,中煤能源,a,cn
2023-10-31,000300,601899,紫金矿业,a,cn
2023-10-31,000300,601901,方正证券,a,cn
2023-10-31,000300,601919,中远海控,a,cn
2023-10-31,000300,601939,建设银行,a,cn
2023-10-31,000300,601985,中国核电,a,cn
2023-10-31,000300,601988,中国银行,a,cn
2023-10-31,000300,601989,中国重工,a,cn
2023-10-31,000300,601995,中金公司,a,cn
2023-10-31,000300,601998,中信银行,a,cn
2023-10-31,000300,603019,中科曙光,a,cn
2023-10-31,000300,603185,弘元绿能,a,cn
2023-10-31,000300,603195,公牛集团,a,cn
2023-10-31,000300,603259,药明康德,a,cn
2023-10-31,000300,603260,合盛硅业,a,cn
2023-10-31,000300,603288,海天味业,a,cn
2023-10-31,000300,603290,斯达半导,a,cn
2023-10-31,000300,603369,今世缘,a,cn
2023-10-31,000300,603392,万泰生物,a,cn
2023-10-31,000300,603486,科沃斯,a,cn
2023-10-31,000300,603501,豪威集团,a,cn
2023-10-31,000300,603659,璞泰来,a,cn
2023-10-31,000300,603799,华友钴业,a,cn
2023-10-31,000300,603806,福斯特,a,cn
2023-10-31,000300,603833,欧派家居,a,cn
2023-10-31,000300,603899,晨光股份,a,cn
2023-10-31,000300,603986,兆易创新,a,cn
2023-10-31,000300,603993,洛阳钼业,a,cn
2023-10-31,000300,605117,德业股份,a,cn
2023-10-31,000300,605499,东鹏饮料,a,cn
2023-10-31,000300,688005,容百科技,a,cn
2023-10-31,000300,688008,澜起科技,a,cn
2023-10-31,000300,688012,中微公司,a,cn
2023-10-31,000300,688036,传音控股,a,cn
2023-10-31,000300,688065,凯赛生物,a,cn
2023-10-31,000300,688111,金山办公,a,cn
2023-10-31,000300,688126,沪硅产业,a,cn
2023-10-31,000300,688187,时代电气,a,cn
2023-10-31,000300,688223,晶科能源,a,cn
2023-10-31,000300,688303,大全能源,a,cn
2023-10-31,000300,688363,华熙生物,a,cn
2023-10-31,000300,688396,华润微,a,cn
2023-10-31,000300,688561,奇安信,a,cn
2023-10-31,000300,688599,天合光能,a,cn
2023-10-31,000300,688981,中芯国际,a,cn
2023-11-30,000300,000001,平安银行,a,cn
2023-11-30,000300,000002,万科A,a,cn
2023-11-30,000300,000063,中兴通讯,a,cn
2023-11-30,000300,000069,华侨城A,a,cn
2023-11-30,000300,000100,TCL科技,a,cn
2023-11-30,000300,000157,中联重科,a,cn
2023-11-30,000300,000166,申万宏源,a,cn
2023-11-30,000300,000301,东方盛虹,a,cn
2023-11-30,000300,000333,美的集团,a,cn
2023-11-30,000300,000338,潍柴动力,a,cn
2023-11-30,000300,000408,藏格矿业,a,cn
2023-11-30,000300,000425,徐工机械,a,cn
2023-11-30,000300,000538,云南白药,a,cn
2023-11-30,000300,000568,泸州老窖,a,cn
2023-11-30,000300,000596,古井贡酒,a,cn
2023-11-30,000300,000617,中油资本,a,cn
2023-11-30,000300,000625,长安汽车,a,cn
2023-11-30,000300,000651,格力电器,a,cn
2023-11-30,000300,000661,长春高新,a,cn
2023-11-30,000300,000708,中信特钢,a,cn
2023-11-30,000300,000723,美锦能源,a,cn
2023-11-30,000300,000725,京东方A,a,cn
2023-11-30,000300,000733,振华科技,a,cn
2023-11-30,000300,000768,中航西飞,a,cn
2023-11-30,000300,000776,广发证券,a,cn
2023-11-30,000300,000786,北新建材,a,cn
2023-11-30,000300,000792,盐湖股份,a,cn
2023-11-30,000300,000800,一汽解放,a,cn
2023-11-30,000300,000858,五粮液,a,cn
2023-11-30,000300,000876,新希望,a,cn
2023-11-30,000300,000877,天山股份,a,cn
2023-11-30,000300,000895,双汇发展,a,cn
2023-11-30,000300,000938,紫光股份,a,cn
2023-11-30,000300,000963,华东医药,a,cn
2023-11-30,000300,000977,浪潮信息,a,cn
2023-11-30,000300,000983,山西焦煤,a,cn
2023-11-30,000300,001289,龙源电力,a,cn
2023-11-30,000300,001979,招商蛇口,a,cn
2023-11-30,000300,002001,新和成,a,cn
2023-11-30,000300,002007,华兰生物,a,cn
2023-11-30,000300,002027,分众传媒,a,cn
2023-11-30,000300,002049,紫光国微,a,cn
2023-11-30,000300,002050,三花智控,a,cn
2023-11-30,000300,002064,华峰化学,a,cn
2023-11-30,000300,002074,国轩高科,a,cn
2023-11-30,000300,002120,韵达股份,a,cn
2023-11-30,000300,002129,TCL中环,a,cn
2023-11-30,000300,002142,宁波银行,a,cn
2023-11-30,000300,002179,中航光电,a,cn
2023-11-30,000300,002180,奔图科技,a,cn
2023-11-30,000300,002202,金风科技,a,cn
2023-11-30,000300,002230,科大讯飞,a,cn
2023-11-30,000300,002236,大华股份,a,cn
2023-11-30,000300,002241,歌尔股份,a,cn
2023-11-30,000300,002252,上海莱士,a,cn
2023-11-30,000300,002271,东方雨虹,a,cn
2023-11-30,000300,002304,洋河股份,a,cn
2023-11-30,000300,002311,海大集团,a,cn
2023-11-30,000300,002352,顺丰控股,a,cn
2023-11-30,000300,002371,北方华创,a,cn
2023-11-30,000300,002410,广联达,a,cn
2023-11-30,000300,002414,高德红外,a,cn
2023-11-30,000300,002415,海康威视,a,cn
2023-11-30,000300,002459,晶澳科技,a,cn
2023-11-30,000300,002460,赣锋锂业,a,cn
2023-11-30,000300,002466,天齐锂业,a,cn
2023-11-30,000300,002475,立讯精密,a,cn
2023-11-30,000300,002493,荣盛石化,a,cn
2023-11-30,000300,002555,三七互娱,a,cn
2023-11-30,000300,002594,比亚迪,a,cn
2023-11-30,000300,002601,龙佰集团,a,cn
2023-11-30,000300,002648,卫星化学,a,cn
2023-11-30,000300,002709,天赐材料,a,cn
2023-11-30,000300,002714,牧原股份,a,cn
2023-11-30,000300,002736,国信证券,a,cn
2023-11-30,000300,002756,永兴材料,a,cn
2023-11-30,000300,002812,恩捷股份,a,cn
2023-11-30,000300,002821,凯莱英,a,cn
2023-11-30,000300,002841,视源股份,a,cn
2023-11-30,000300,002916,深南电路,a,cn
2023-11-30,000300,002920,德赛西威,a,cn
2023-11-30,000300,002938,鹏鼎控股,a,cn
2023-11-30,000300,003816,中国广核,a,cn
2023-11-30,000300,300014,亿纬锂能,a,cn
2023-11-30,000300,300015,爱尔眼科,a,cn
2023-11-30,000300,300033,同花顺,a,cn
2023-11-30,000300,300059,东方财富,a,cn
2023-11-30,000300,300122,智飞生物,a,cn
2023-11-30,000300,300124,汇川技术,a,cn
2023-11-30,000300,300142,沃森生物,a,cn
2023-11-30,000300,300207,欣旺达,a,cn
2023-11-30,000300,300223,北京君正,a,cn
2023-11-30,000300,300274,阳光电源,a,cn
2023-11-30,000300,300316,晶盛机电,a,cn
2023-11-30,000300,300347,泰格医药,a,cn
2023-11-30,000300,300408,三环集团,a,cn
2023-11-30,000300,300413,芒果超媒,a,cn
2023-11-30,000300,300433,蓝思科技,a,cn
2023-11-30,000300,300450,先导智能,a,cn
2023-11-30,000300,300454,深信服,a,cn
2023-11-30,000300,300496,中科创达,a,cn
2023-11-30,000300,300498,温氏股份,a,cn
2023-11-30,000300,300601,康泰生物,a,cn
2023-11-30,000300,300628,亿联网络,a,cn
2023-11-30,000300,300661,圣邦股份,a,cn
2023-11-30,000300,300750,宁德时代,a,cn
2023-11-30,000300,300751,迈为股份,a,cn
2023-11-30,000300,300759,康龙化成,a,cn
2023-11-30,000300,300760,迈瑞医疗,a,cn
2023-11-30,000300,300763,锦浪科技,a,cn
2023-11-30,000300,300769,德方纳米,a,cn
2023-11-30,000300,300782,卓胜微,a,cn
2023-11-30,000300,300896,爱美客,a,cn
2023-11-30,000300,300919,中伟新材,a,cn
2023-11-30,000300,300957,贝泰妮,a,cn
2023-11-30,000300,300979,华利集团,a,cn
2023-11-30,000300,300999,金龙鱼,a,cn
2023-11-30,000300,600000,浦发银行,a,cn
2023-11-30,000300,600009,上海机场,a,cn
2023-11-30,000300,600010,包钢股份,a,cn
2023-11-30,000300,600011,华能国际,a,cn
2023-11-30,000300,600015,华夏银行,a,cn
2023-11-30,000300,600016,民生银行,a,cn
2023-11-30,000300,600018,上港集团,a,cn
2023-11-30,000300,600019,宝钢股份,a,cn
2023-11-30,000300,600025,华能水电,a,cn
2023-11-30,000300,600028,中国石化,a,cn
2023-11-30,000300,600029,南方航空,a,cn
2023-11-30,000300,600030,中信证券,a,cn
2023-11-30,000300,600031,三一重工,a,cn
2023-11-30,000300,600036,招商银行,a,cn
2023-11-30,000300,600039,四川路桥,a,cn
2023-11-30,000300,600048,保利发展,a,cn
2023-11-30,000300,600050,中国联通,a,cn
2023-11-30,000300,600061,国投资本,a,cn
2023-11-30,000300,600085,同仁堂,a,cn
2023-11-30,000300,600089,特变电工,a,cn
2023-11-30,000300,600104,上汽集团,a,cn
2023-11-30,000300,600111,北方稀土,a,cn
2023-11-30,000300,600115,中国东航,a,cn
2023-11-30,000300,600132,重庆啤酒,a,cn
2023-11-30,000300,600150,中国船舶,a,cn
2023-11-30,000300,600176,中国巨石,a,cn
2023-11-30,000300,600183,生益科技,a,cn
2023-11-30,000300,600188,兖矿能源,a,cn
2023-11-30,000300,600196,复星医药,a,cn
2023-11-30,000300,600219,南山铝业,a,cn
2023-11-30,000300,600233,圆通速递,a,cn
2023-11-30,000300,600276,恒瑞医药,a,cn
2023-11-30,000300,600309,万华化学,a,cn
2023-11-30,000300,600332,白云山,a,cn
2023-11-30,000300,600346,恒力石化,a,cn
2023-11-30,000300,600362,江西铜业,a,cn
2023-11-30,000300,600383,金地集团,a,cn
2023-11-30,000300,600406,国电南瑞,a,cn
2023-11-30,000300,600426,华鲁恒升,a,cn
2023-11-30,000300,600436,片仔癀,a,cn
2023-11-30,000300,600438,通威股份,a,cn
2023-11-30,000300,600460,士兰微,a,cn
2023-11-30,000300,600519,贵州茅台,a,cn
2023-11-30,000300,600547,山东黄金,a,cn
2023-11-30,000300,600570,恒生电子,a,cn
2023-11-30,000300,600584,长电科技,a,cn
2023-11-30,000300,600585,海螺水泥,a,cn
2023-11-30,000300,600588,用友网络,a,cn
2023-11-30,000300,600600,青岛啤酒,a,cn
2023-11-30,000300,600606,绿地控股,a,cn
2023-11-30,000300,600660,福耀玻璃,a,cn
2023-11-30,000300,600674,川投能源,a,cn
2023-11-30,000300,600690,海尔智家,a,cn
2023-11-30,000300,600732,爱旭股份,a,cn
2023-11-30,000300,600741,华域汽车,a,cn
2023-11-30,000300,600745,*ST闻泰,a,cn
2023-11-30,000300,600754,锦江酒店,a,cn
2023-11-30,000300,600760,中航沈飞,a,cn
2023-11-30,000300,600763,通策医疗,a,cn
2023-11-30,000300,600795,国电电力,a,cn
2023-11-30,000300,600803,新奥股份,a,cn
2023-11-30,000300,600809,山西汾酒,a,cn
2023-11-30,000300,600837,海通证券,a,cn
2023-11-30,000300,600845,宝信软件,a,cn
2023-11-30,000300,600875,东方电气,a,cn
2023-11-30,000300,600884,杉杉股份,a,cn
2023-11-30,000300,600886,国投电力,a,cn
2023-11-30,000300,600887,伊利股份,a,cn
2023-11-30,000300,600893,航发动力,a,cn
2023-11-30,000300,600900,长江电力,a,cn
2023-11-30,000300,600905,三峡能源,a,cn
2023-11-30,000300,600918,中泰证券,a,cn
2023-11-30,000300,600919,江苏银行,a,cn
2023-11-30,000300,600926,杭州银行,a,cn
2023-11-30,000300,600941,中国移动,a,cn
2023-11-30,000300,600958,东方证券,a,cn
2023-11-30,000300,600989,宝丰能源,a,cn
2023-11-30,000300,600999,招商证券,a,cn
2023-11-30,000300,601006,大秦铁路,a,cn
2023-11-30,000300,601009,南京银行,a,cn
2023-11-30,000300,601012,隆基绿能,a,cn
2023-11-30,000300,601021,春秋航空,a,cn
2023-11-30,000300,601066,中信建投,a,cn
2023-11-30,000300,601088,中国神华,a,cn
2023-11-30,000300,601100,恒立液压,a,cn
2023-11-30,000300,601111,中国国航,a,cn
2023-11-30,000300,601117,中国化学,a,cn
2023-11-30,000300,601138,工业富联,a,cn
2023-11-30,000300,601155,新城控股,a,cn
2023-11-30,000300,601166,兴业银行,a,cn
2023-11-30,000300,601169,北京银行,a,cn
2023-11-30,000300,601186,中国铁建,a,cn
2023-11-30,000300,601211,国泰海通,a,cn
2023-11-30,000300,601216,君正集团,a,cn
2023-11-30,000300,601225,陕西煤业,a,cn
2023-11-30,000300,601229,上海银行,a,cn
2023-11-30,000300,601236,红塔证券,a,cn
2023-11-30,000300,601238,广汽集团,a,cn
2023-11-30,000300,601288,农业银行,a,cn
2023-11-30,000300,601318,中国平安,a,cn
2023-11-30,000300,601319,中国人保,a,cn
2023-11-30,000300,601328,交通银行,a,cn
2023-11-30,000300,601336,新华保险,a,cn
2023-11-30,000300,601360,三六零,a,cn
2023-11-30,000300,601377,兴业证券,a,cn
2023-11-30,000300,601390,中国中铁,a,cn
2023-11-30,000300,601398,工商银行,a,cn
2023-11-30,000300,601600,中国铝业,a,cn
2023-11-30,000300,601601,中国太保,a,cn
2023-11-30,000300,601607,上海医药,a,cn
2023-11-30,000300,601615,明阳智能,a,cn
2023-11-30,000300,601618,中国中冶,a,cn
2023-11-30,000300,601628,中国人寿,a,cn
2023-11-30,000300,601633,长城汽车,a,cn
2023-11-30,000300,601658,邮储银行,a,cn
2023-11-30,000300,601668,中国建筑,a,cn
2023-11-30,000300,601669,中国电建,a,cn
2023-11-30,000300,601688,华泰证券,a,cn
2023-11-30,000300,601689,拓普集团,a,cn
2023-11-30,000300,601698,中国卫通,a,cn
2023-11-30,000300,601699,潞安环能,a,cn
2023-11-30,000300,601728,中国电信,a,cn
2023-11-30,000300,601766,中国中车,a,cn
2023-11-30,000300,601788,光大证券,a,cn
2023-11-30,000300,601799,星宇股份,a,cn
2023-11-30,000300,601800,中国交建,a,cn
2023-11-30,000300,601808,中海油服,a,cn
2023-11-30,000300,601816,京沪高铁,a,cn
2023-11-30,000300,601818,光大银行,a,cn
2023-11-30,000300,601838,成都银行,a,cn
2023-11-30,000300,601857,中国石油,a,cn
2023-11-30,000300,601865,福莱特,a,cn
2023-11-30,000300,601868,中国能建,a,cn
2023-11-30,000300,601872,招商轮船,a,cn
2023-11-30,000300,601877,正泰电器,a,cn
2023-11-30,000300,601878,浙商证券,a,cn
2023-11-30,000300,601881,中国银河,a,cn
2023-11-30,000300,601888,中国中免,a,cn
2023-11-30,000300,601898,中煤能源,a,cn
2023-11-30,000300,601899,紫金矿业,a,cn
2023-11-30,000300,601901,方正证券,a,cn
2023-11-30,000300,601919,中远海控,a,cn
2023-11-30,000300,601939,建设银行,a,cn
2023-11-30,000300,601985,中国核电,a,cn
2023-11-30,000300,601988,中国银行,a,cn
2023-11-30,000300,601989,中国重工,a,cn
2023-11-30,000300,601995,中金公司,a,cn
2023-11-30,000300,601998,中信银行,a,cn
2023-11-30,000300,603019,中科曙光,a,cn
2023-11-30,000300,603185,弘元绿能,a,cn
2023-11-30,000300,603195,公牛集团,a,cn
2023-11-30,000300,603259,药明康德,a,cn
2023-11-30,000300,603260,合盛硅业,a,cn
2023-11-30,000300,603288,海天味业,a,cn
2023-11-30,000300,603290,斯达半导,a,cn
2023-11-30,000300,603369,今世缘,a,cn
2023-11-30,000300,603392,万泰生物,a,cn
2023-11-30,000300,603486,科沃斯,a,cn
2023-11-30,000300,603501,豪威集团,a,cn
2023-11-30,000300,603659,璞泰来,a,cn
2023-11-30,000300,603799,华友钴业,a,cn
2023-11-30,000300,603806,福斯特,a,cn
2023-11-30,000300,603833,欧派家居,a,cn
2023-11-30,000300,603899,晨光股份,a,cn
2023-11-30,000300,603986,兆易创新,a,cn
2023-11-30,000300,603993,洛阳钼业,a,cn
2023-11-30,000300,605117,德业股份,a,cn
2023-11-30,000300,605499,东鹏饮料,a,cn
2023-11-30,000300,688005,容百科技,a,cn
2023-11-30,000300,688008,澜起科技,a,cn
2023-11-30,000300,688012,中微公司,a,cn
2023-11-30,000300,688036,传音控股,a,cn
2023-11-30,000300,688065,凯赛生物,a,cn
2023-11-30,000300,688111,金山办公,a,cn
2023-11-30,000300,688126,沪硅产业,a,cn
2023-11-30,000300,688187,时代电气,a,cn
2023-11-30,000300,688223,晶科能源,a,cn
2023-11-30,000300,688303,大全能源,a,cn
2023-11-30,000300,688363,华熙生物,a,cn
2023-11-30,000300,688396,华润微,a,cn
2023-11-30,000300,688561,奇安信,a,cn
2023-11-30,000300,688599,天合光能,a,cn
2023-11-30,000300,688981,中芯国际,a,cn
2023-12-29,000300,000001,平安银行,a,cn
2023-12-29,000300,000002,万科A,a,cn
2023-12-29,000300,000063,中兴通讯,a,cn
2023-12-29,000300,000069,华侨城A,a,cn
2023-12-29,000300,000100,TCL科技,a,cn
2023-12-29,000300,000157,中联重科,a,cn
2023-12-29,000300,000166,申万宏源,a,cn
2023-12-29,000300,000301,东方盛虹,a,cn
2023-12-29,000300,000333,美的集团,a,cn
2023-12-29,000300,000338,潍柴动力,a,cn
2023-12-29,000300,000408,藏格矿业,a,cn
2023-12-29,000300,000425,徐工机械,a,cn
2023-12-29,000300,000538,云南白药,a,cn
2023-12-29,000300,000568,泸州老窖,a,cn
2023-12-29,000300,000596,古井贡酒,a,cn
2023-12-29,000300,000617,中油资本,a,cn
2023-12-29,000300,000625,长安汽车,a,cn
2023-12-29,000300,000651,格力电器,a,cn
2023-12-29,000300,000661,长春高新,a,cn
2023-12-29,000300,000708,中信特钢,a,cn
2023-12-29,000300,000725,京东方A,a,cn
2023-12-29,000300,000733,振华科技,a,cn
2023-12-29,000300,000768,中航西飞,a,cn
2023-12-29,000300,000776,广发证券,a,cn
2023-12-29,000300,000786,北新建材,a,cn
2023-12-29,000300,000792,盐湖股份,a,cn
2023-12-29,000300,000800,一汽解放,a,cn
2023-12-29,000300,000858,五粮液,a,cn
2023-12-29,000300,000876,新希望,a,cn
2023-12-29,000300,000877,天山股份,a,cn
2023-12-29,000300,000895,双汇发展,a,cn
2023-12-29,000300,000938,紫光股份,a,cn
2023-12-29,000300,000963,华东医药,a,cn
2023-12-29,000300,000977,浪潮信息,a,cn
2023-12-29,000300,000983,山西焦煤,a,cn
2023-12-29,000300,000999,华润三九,a,cn
2023-12-29,000300,001289,龙源电力,a,cn
2023-12-29,000300,001979,招商蛇口,a,cn
2023-12-29,000300,002001,新和成,a,cn
2023-12-29,000300,002007,华兰生物,a,cn
2023-12-29,000300,002027,分众传媒,a,cn
2023-12-29,000300,002049,紫光国微,a,cn
2023-12-29,000300,002050,三花智控,a,cn
2023-12-29,000300,002074,国轩高科,a,cn
2023-12-29,000300,002129,TCL中环,a,cn
2023-12-29,000300,002142,宁波银行,a,cn
2023-12-29,000300,002179,中航光电,a,cn
2023-12-29,000300,002180,奔图科技,a,cn
2023-12-29,000300,002202,金风科技,a,cn
2023-12-29,000300,002230,科大讯飞,a,cn
2023-12-29,000300,002236,大华股份,a,cn
2023-12-29,000300,002241,歌尔股份,a,cn
2023-12-29,000300,002252,上海莱士,a,cn
2023-12-29,000300,002271,东方雨虹,a,cn
2023-12-29,000300,002304,洋河股份,a,cn
2023-12-29,000300,002311,海大集团,a,cn
2023-12-29,000300,002352,顺丰控股,a,cn
2023-12-29,000300,002371,北方华创,a,cn
2023-12-29,000300,002410,广联达,a,cn
2023-12-29,000300,002415,海康威视,a,cn
2023-12-29,000300,002459,晶澳科技,a,cn
2023-12-29,000300,002460,赣锋锂业,a,cn
2023-12-29,000300,002466,天齐锂业,a,cn
2023-12-29,000300,002475,立讯精密,a,cn
2023-12-29,000300,002493,荣盛石化,a,cn
2023-12-29,000300,002555,三七互娱,a,cn
2023-12-29,000300,002594,比亚迪,a,cn
2023-12-29,000300,002601,龙佰集团,a,cn
2023-12-29,000300,002603,以岭药业,a,cn
2023-12-29,000300,002648,卫星化学,a,cn
2023-12-29,000300,002709,天赐材料,a,cn
2023-12-29,000300,002714,牧原股份,a,cn
2023-12-29,000300,002736,国信证券,a,cn
2023-12-29,000300,002812,恩捷股份,a,cn
2023-12-29,000300,002821,凯莱英,a,cn
2023-12-29,000300,002841,视源股份,a,cn
2023-12-29,000300,002916,深南电路,a,cn
2023-12-29,000300,002920,德赛西威,a,cn
2023-12-29,000300,002938,鹏鼎控股,a,cn
2023-12-29,000300,003816,中国广核,a,cn
2023-12-29,000300,300014,亿纬锂能,a,cn
2023-12-29,000300,300015,爱尔眼科,a,cn
2023-12-29,000300,300033,同花顺,a,cn
2023-12-29,000300,300059,东方财富,a,cn
2023-12-29,000300,300122,智飞生物,a,cn
2023-12-29,000300,300124,汇川技术,a,cn
2023-12-29,000300,300142,沃森生物,a,cn
2023-12-29,000300,300223,北京君正,a,cn
2023-12-29,000300,300274,阳光电源,a,cn
2023-12-29,000300,300308,中际旭创,a,cn
2023-12-29,000300,300316,晶盛机电,a,cn
2023-12-29,000300,300347,泰格医药,a,cn
2023-12-29,000300,300408,三环集团,a,cn
2023-12-29,000300,300413,芒果超媒,a,cn
2023-12-29,000300,300433,蓝思科技,a,cn
2023-12-29,000300,300450,先导智能,a,cn
2023-12-29,000300,300454,深信服,a,cn
2023-12-29,000300,300496,中科创达,a,cn
2023-12-29,000300,300498,温氏股份,a,cn
2023-12-29,000300,300628,亿联网络,a,cn
2023-12-29,000300,300661,圣邦股份,a,cn
2023-12-29,000300,300750,宁德时代,a,cn
2023-12-29,000300,300751,迈为股份,a,cn
2023-12-29,000300,300759,康龙化成,a,cn
2023-12-29,000300,300760,迈瑞医疗,a,cn
2023-12-29,000300,300763,锦浪科技,a,cn
2023-12-29,000300,300782,卓胜微,a,cn
2023-12-29,000300,300896,爱美客,a,cn
2023-12-29,000300,300919,中伟新材,a,cn
2023-12-29,000300,300957,贝泰妮,a,cn
2023-12-29,000300,300979,华利集团,a,cn
2023-12-29,000300,300999,金龙鱼,a,cn
2023-12-29,000300,301269,华大九天,a,cn
2023-12-29,000300,600000,浦发银行,a,cn
2023-12-29,000300,600009,上海机场,a,cn
2023-12-29,000300,600010,包钢股份,a,cn
2023-12-29,000300,600011,华能国际,a,cn
2023-12-29,000300,600015,华夏银行,a,cn
2023-12-29,000300,600016,民生银行,a,cn
2023-12-29,000300,600018,上港集团,a,cn
2023-12-29,000300,600019,宝钢股份,a,cn
2023-12-29,000300,600023,浙能电力,a,cn
2023-12-29,000300,600025,华能水电,a,cn
2023-12-29,000300,600028,中国石化,a,cn
2023-12-29,000300,600029,南方航空,a,cn
2023-12-29,000300,600030,中信证券,a,cn
2023-12-29,000300,600031,三一重工,a,cn
2023-12-29,000300,600036,招商银行,a,cn
2023-12-29,000300,600039,四川路桥,a,cn
2023-12-29,000300,600048,保利发展,a,cn
2023-12-29,000300,600050,中国联通,a,cn
2023-12-29,000300,600061,国投资本,a,cn
2023-12-29,000300,600085,同仁堂,a,cn
2023-12-29,000300,600089,特变电工,a,cn
2023-12-29,000300,600104,上汽集团,a,cn
2023-12-29,000300,600111,北方稀土,a,cn
2023-12-29,000300,600115,中国东航,a,cn
2023-12-29,000300,600132,重庆啤酒,a,cn
2023-12-29,000300,600150,中国船舶,a,cn
2023-12-29,000300,600176,中国巨石,a,cn
2023-12-29,000300,600183,生益科技,a,cn
2023-12-29,000300,600188,兖矿能源,a,cn
2023-12-29,000300,600196,复星医药,a,cn
2023-12-29,000300,600219,南山铝业,a,cn
2023-12-29,000300,600233,圆通速递,a,cn
2023-12-29,000300,600276,恒瑞医药,a,cn
2023-12-29,000300,600309,万华化学,a,cn
2023-12-29,000300,600332,白云山,a,cn
2023-12-29,000300,600346,恒力石化,a,cn
2023-12-29,000300,600362,江西铜业,a,cn
2023-12-29,000300,600372,中航机载,a,cn
2023-12-29,000300,600406,国电南瑞,a,cn
2023-12-29,000300,600426,华鲁恒升,a,cn
2023-12-29,000300,600436,片仔癀,a,cn
2023-12-29,000300,600438,通威股份,a,cn
2023-12-29,000300,600460,士兰微,a,cn
2023-12-29,000300,600489,中金黄金,a,cn
2023-12-29,000300,600515,海南机场,a,cn
2023-12-29,000300,600519,贵州茅台,a,cn
2023-12-29,000300,600547,山东黄金,a,cn
2023-12-29,000300,600570,恒生电子,a,cn
2023-12-29,000300,600584,长电科技,a,cn
2023-12-29,000300,600585,海螺水泥,a,cn
2023-12-29,000300,600588,用友网络,a,cn
2023-12-29,000300,600600,青岛啤酒,a,cn
2023-12-29,000300,600606,绿地控股,a,cn
2023-12-29,000300,600660,福耀玻璃,a,cn
2023-12-29,000300,600674,川投能源,a,cn
2023-12-29,000300,600690,海尔智家,a,cn
2023-12-29,000300,600732,爱旭股份,a,cn
2023-12-29,000300,600741,华域汽车,a,cn
2023-12-29,000300,600745,*ST闻泰,a,cn
2023-12-29,000300,600754,锦江酒店,a,cn
2023-12-29,000300,600760,中航沈飞,a,cn
2023-12-29,000300,600795,国电电力,a,cn
2023-12-29,000300,600803,新奥股份,a,cn
2023-12-29,000300,600809,山西汾酒,a,cn
2023-12-29,000300,600837,海通证券,a,cn
2023-12-29,000300,600845,宝信软件,a,cn
2023-12-29,000300,600875,东方电气,a,cn
2023-12-29,000300,600886,国投电力,a,cn
2023-12-29,000300,600887,伊利股份,a,cn
2023-12-29,000300,600893,航发动力,a,cn
2023-12-29,000300,600900,长江电力,a,cn
2023-12-29,000300,600905,三峡能源,a,cn
2023-12-29,000300,600918,中泰证券,a,cn
2023-12-29,000300,600919,江苏银行,a,cn
2023-12-29,000300,600926,杭州银行,a,cn
2023-12-29,000300,600938,中国海油,a,cn
2023-12-29,000300,600941,中国移动,a,cn
2023-12-29,000300,600958,东方证券,a,cn
2023-12-29,000300,600989,宝丰能源,a,cn
2023-12-29,000300,600999,招商证券,a,cn
2023-12-29,000300,601006,大秦铁路,a,cn
2023-12-29,000300,601009,南京银行,a,cn
2023-12-29,000300,601012,隆基绿能,a,cn
2023-12-29,000300,601021,春秋航空,a,cn
2023-12-29,000300,601059,信达证券,a,cn
2023-12-29,000300,601066,中信建投,a,cn
2023-12-29,000300,601088,中国神华,a,cn
2023-12-29,000300,601100,恒立液压,a,cn
2023-12-29,000300,601111,中国国航,a,cn
2023-12-29,000300,601117,中国化学,a,cn
2023-12-29,000300,601138,工业富联,a,cn
2023-12-29,000300,601155,新城控股,a,cn
2023-12-29,000300,601166,兴业银行,a,cn
2023-12-29,000300,601169,北京银行,a,cn
2023-12-29,000300,601186,中国铁建,a,cn
2023-12-29,000300,601211,国泰海通,a,cn
2023-12-29,000300,601225,陕西煤业,a,cn
2023-12-29,000300,601229,上海银行,a,cn
2023-12-29,000300,601236,红塔证券,a,cn
2023-12-29,000300,601238,广汽集团,a,cn
2023-12-29,000300,601288,农业银行,a,cn
2023-12-29,000300,601318,中国平安,a,cn
2023-12-29,000300,601319,中国人保,a,cn
2023-12-29,000300,601328,交通银行,a,cn
2023-12-29,000300,601336,新华保险,a,cn
2023-12-29,000300,601360,三六零,a,cn
2023-12-29,000300,601377,兴业证券,a,cn
2023-12-29,000300,601390,中国中铁,a,cn
2023-12-29,000300,601398,工商银行,a,cn
2023-12-29,000300,601600,中国铝业,a,cn
2023-12-29,000300,601601,中国太保,a,cn
2023-12-29,000300,601607,上海医药,a,cn
2023-12-29,000300,601615,明阳智能,a,cn
2023-12-29,000300,601618,中国中冶,a,cn
2023-12-29,000300,601628,中国人寿,a,cn
2023-12-29,000300,601633,长城汽车,a,cn
2023-12-29,000300,601658,邮储银行,a,cn
2023-12-29,000300,601668,中国建筑,a,cn
2023-12-29,000300,601669,中国电建,a,cn
2023-12-29,000300,601688,华泰证券,a,cn
2023-12-29,000300,601689,拓普集团,a,cn
2023-12-29,000300,601698,中国卫通,a,cn
2023-12-29,000300,601699,潞安环能,a,cn
2023-12-29,000300,601728,中国电信,a,cn
2023-12-29,000300,601766,中国中车,a,cn
2023-12-29,000300,601788,光大证券,a,cn
2023-12-29,000300,601799,星宇股份,a,cn
2023-12-29,000300,601800,中国交建,a,cn
2023-12-29,000300,601808,中海油服,a,cn
2023-12-29,000300,601816,京沪高铁,a,cn
2023-12-29,000300,601818,光大银行,a,cn
2023-12-29,000300,601838,成都银行,a,cn
2023-12-29,000300,601857,中国石油,a,cn
2023-12-29,000300,601865,福莱特,a,cn
2023-12-29,000300,601868,中国能建,a,cn
2023-12-29,000300,601872,招商轮船,a,cn
2023-12-29,000300,601877,正泰电器,a,cn
2023-12-29,000300,601878,浙商证券,a,cn
2023-12-29,000300,601881,中国银河,a,cn
2023-12-29,000300,601888,中国中免,a,cn
2023-12-29,000300,601898,中煤能源,a,cn
2023-12-29,000300,601899,紫金矿业,a,cn
2023-12-29,000300,601901,方正证券,a,cn
2023-12-29,000300,601916,浙商银行,a,cn
2023-12-29,000300,601919,中远海控,a,cn
2023-12-29,000300,601939,建设银行,a,cn
2023-12-29,000300,601985,中国核电,a,cn
2023-12-29,000300,601988,中国银行,a,cn
2023-12-29,000300,601989,中国重工,a,cn
2023-12-29,000300,601995,中金公司,a,cn
2023-12-29,000300,601998,中信银行,a,cn
2023-12-29,000300,603019,中科曙光,a,cn
2023-12-29,000300,603195,公牛集团,a,cn
2023-12-29,000300,603259,药明康德,a,cn
2023-12-29,000300,603260,合盛硅业,a,cn
2023-12-29,000300,603288,海天味业,a,cn
2023-12-29,000300,603290,斯达半导,a,cn
2023-12-29,000300,603369,今世缘,a,cn
2023-12-29,000300,603392,万泰生物,a,cn
2023-12-29,000300,603486,科沃斯,a,cn
2023-12-29,000300,603501,豪威集团,a,cn
2023-12-29,000300,603659,璞泰来,a,cn
2023-12-29,000300,603799,华友钴业,a,cn
2023-12-29,000300,603806,福斯特,a,cn
2023-12-29,000300,603833,欧派家居,a,cn
2023-12-29,000300,603899,晨光股份,a,cn
2023-12-29,000300,603986,兆易创新,a,cn
2023-12-29,000300,603993,洛阳钼业,a,cn
2023-12-29,000300,605117,德业股份,a,cn
2023-12-29,000300,605499,东鹏饮料,a,cn
2023-12-29,000300,688008,澜起科技,a,cn
2023-12-29,000300,688012,中微公司,a,cn
2023-12-29,000300,688036,传音控股,a,cn
2023-12-29,000300,688041,海光信息,a,cn
2023-12-29,000300,688065,凯赛生物,a,cn
2023-12-29,000300,688111,金山办公,a,cn
2023-12-29,000300,688126,沪硅产业,a,cn
2023-12-29,000300,688187,时代电气,a,cn
2023-12-29,000300,688223,晶科能源,a,cn
2023-12-29,000300,688256,寒武纪,a,cn
2023-12-29,000300,688271,联影医疗,a,cn
2023-12-29,000300,688303,大全能源,a,cn
2023-12-29,000300,688363,华熙生物,a,cn
2023-12-29,000300,688396,华润微,a,cn
2023-12-29,000300,688561,奇安信,a,cn
2023-12-29,000300,688599,天合光能,a,cn
2023-12-29,000300,688981,中芯国际,a,cn
2024-01-31,000300,000001,平安银行,a,cn
2024-01-31,000300,000002,万科A,a,cn
2024-01-31,000300,000063,中兴通讯,a,cn
2024-01-31,000300,000069,华侨城A,a,cn
2024-01-31,000300,000100,TCL科技,a,cn
2024-01-31,000300,000157,中联重科,a,cn
2024-01-31,000300,000166,申万宏源,a,cn
2024-01-31,000300,000301,东方盛虹,a,cn
2024-01-31,000300,000333,美的集团,a,cn
2024-01-31,000300,000338,潍柴动力,a,cn
2024-01-31,000300,000408,藏格矿业,a,cn
2024-01-31,000300,000425,徐工机械,a,cn
2024-01-31,000300,000538,云南白药,a,cn
2024-01-31,000300,000568,泸州老窖,a,cn
2024-01-31,000300,000596,古井贡酒,a,cn
2024-01-31,000300,000617,中油资本,a,cn
2024-01-31,000300,000625,长安汽车,a,cn
2024-01-31,000300,000651,格力电器,a,cn
2024-01-31,000300,000661,长春高新,a,cn
2024-01-31,000300,000708,中信特钢,a,cn
2024-01-31,000300,000725,京东方A,a,cn
2024-01-31,000300,000733,振华科技,a,cn
2024-01-31,000300,000768,中航西飞,a,cn
2024-01-31,000300,000776,广发证券,a,cn
2024-01-31,000300,000786,北新建材,a,cn
2024-01-31,000300,000792,盐湖股份,a,cn
2024-01-31,000300,000800,一汽解放,a,cn
2024-01-31,000300,000858,五粮液,a,cn
2024-01-31,000300,000876,新希望,a,cn
2024-01-31,000300,000877,天山股份,a,cn
2024-01-31,000300,000895,双汇发展,a,cn
2024-01-31,000300,000938,紫光股份,a,cn
2024-01-31,000300,000963,华东医药,a,cn
2024-01-31,000300,000977,浪潮信息,a,cn
2024-01-31,000300,000983,山西焦煤,a,cn
2024-01-31,000300,000999,华润三九,a,cn
2024-01-31,000300,001289,龙源电力,a,cn
2024-01-31,000300,001979,招商蛇口,a,cn
2024-01-31,000300,002001,新和成,a,cn
2024-01-31,000300,002007,华兰生物,a,cn
2024-01-31,000300,002027,分众传媒,a,cn
2024-01-31,000300,002049,紫光国微,a,cn
2024-01-31,000300,002050,三花智控,a,cn
2024-01-31,000300,002074,国轩高科,a,cn
2024-01-31,000300,002129,TCL中环,a,cn
2024-01-31,000300,002142,宁波银行,a,cn
2024-01-31,000300,002179,中航光电,a,cn
2024-01-31,000300,002180,奔图科技,a,cn
2024-01-31,000300,002202,金风科技,a,cn
2024-01-31,000300,002230,科大讯飞,a,cn
2024-01-31,000300,002236,大华股份,a,cn
2024-01-31,000300,002241,歌尔股份,a,cn
2024-01-31,000300,002252,上海莱士,a,cn
2024-01-31,000300,002271,东方雨虹,a,cn
2024-01-31,000300,002304,洋河股份,a,cn
2024-01-31,000300,002311,海大集团,a,cn
2024-01-31,000300,002352,顺丰控股,a,cn
2024-01-31,000300,002371,北方华创,a,cn
2024-01-31,000300,002410,广联达,a,cn
2024-01-31,000300,002415,海康威视,a,cn
2024-01-31,000300,002459,晶澳科技,a,cn
2024-01-31,000300,002460,赣锋锂业,a,cn
2024-01-31,000300,002466,天齐锂业,a,cn
2024-01-31,000300,002475,立讯精密,a,cn
2024-01-31,000300,002493,荣盛石化,a,cn
2024-01-31,000300,002555,三七互娱,a,cn
2024-01-31,000300,002594,比亚迪,a,cn
2024-01-31,000300,002601,龙佰集团,a,cn
2024-01-31,000300,002603,以岭药业,a,cn
2024-01-31,000300,002648,卫星化学,a,cn
2024-01-31,000300,002709,天赐材料,a,cn
2024-01-31,000300,002714,牧原股份,a,cn
2024-01-31,000300,002736,国信证券,a,cn
2024-01-31,000300,002812,恩捷股份,a,cn
2024-01-31,000300,002821,凯莱英,a,cn
2024-01-31,000300,002841,视源股份,a,cn
2024-01-31,000300,002916,深南电路,a,cn
2024-01-31,000300,002920,德赛西威,a,cn
2024-01-31,000300,002938,鹏鼎控股,a,cn
2024-01-31,000300,003816,中国广核,a,cn
2024-01-31,000300,300014,亿纬锂能,a,cn
2024-01-31,000300,300015,爱尔眼科,a,cn
2024-01-31,000300,300033,同花顺,a,cn
2024-01-31,000300,300059,东方财富,a,cn
2024-01-31,000300,300122,智飞生物,a,cn
2024-01-31,000300,300124,汇川技术,a,cn
2024-01-31,000300,300142,沃森生物,a,cn
2024-01-31,000300,300223,北京君正,a,cn
2024-01-31,000300,300274,阳光电源,a,cn
2024-01-31,000300,300308,中际旭创,a,cn
2024-01-31,000300,300316,晶盛机电,a,cn
2024-01-31,000300,300347,泰格医药,a,cn
2024-01-31,000300,300408,三环集团,a,cn
2024-01-31,000300,300413,芒果超媒,a,cn
2024-01-31,000300,300433,蓝思科技,a,cn
2024-01-31,000300,300450,先导智能,a,cn
2024-01-31,000300,300454,深信服,a,cn
2024-01-31,000300,300496,中科创达,a,cn
2024-01-31,000300,300498,温氏股份,a,cn
2024-01-31,000300,300628,亿联网络,a,cn
2024-01-31,000300,300661,圣邦股份,a,cn
2024-01-31,000300,300750,宁德时代,a,cn
2024-01-31,000300,300751,迈为股份,a,cn
2024-01-31,000300,300759,康龙化成,a,cn
2024-01-31,000300,300760,迈瑞医疗,a,cn
2024-01-31,000300,300763,锦浪科技,a,cn
2024-01-31,000300,300782,卓胜微,a,cn
2024-01-31,000300,300896,爱美客,a,cn
2024-01-31,000300,300919,中伟新材,a,cn
2024-01-31,000300,300957,贝泰妮,a,cn
2024-01-31,000300,300979,华利集团,a,cn
2024-01-31,000300,300999,金龙鱼,a,cn
2024-01-31,000300,301269,华大九天,a,cn
2024-01-31,000300,600000,浦发银行,a,cn
2024-01-31,000300,600009,上海机场,a,cn
2024-01-31,000300,600010,包钢股份,a,cn
2024-01-31,000300,600011,华能国际,a,cn
2024-01-31,000300,600015,华夏银行,a,cn
2024-01-31,000300,600016,民生银行,a,cn
2024-01-31,000300,600018,上港集团,a,cn
2024-01-31,000300,600019,宝钢股份,a,cn
2024-01-31,000300,600023,浙能电力,a,cn
2024-01-31,000300,600025,华能水电,a,cn
2024-01-31,000300,600028,中国石化,a,cn
2024-01-31,000300,600029,南方航空,a,cn
2024-01-31,000300,600030,中信证券,a,cn
2024-01-31,000300,600031,三一重工,a,cn
2024-01-31,000300,600036,招商银行,a,cn
2024-01-31,000300,600039,四川路桥,a,cn
2024-01-31,000300,600048,保利发展,a,cn
2024-01-31,000300,600050,中国联通,a,cn
2024-01-31,000300,600061,国投资本,a,cn
2024-01-31,000300,600085,同仁堂,a,cn
2024-01-31,000300,600089,特变电工,a,cn
2024-01-31,000300,600104,上汽集团,a,cn
2024-01-31,000300,600111,北方稀土,a,cn
2024-01-31,000300,600115,中国东航,a,cn
2024-01-31,000300,600132,重庆啤酒,a,cn
2024-01-31,000300,600150,中国船舶,a,cn
2024-01-31,000300,600176,中国巨石,a,cn
2024-01-31,000300,600183,生益科技,a,cn
2024-01-31,000300,600188,兖矿能源,a,cn
2024-01-31,000300,600196,复星医药,a,cn
2024-01-31,000300,600219,南山铝业,a,cn
2024-01-31,000300,600233,圆通速递,a,cn
2024-01-31,000300,600276,恒瑞医药,a,cn
2024-01-31,000300,600309,万华化学,a,cn
2024-01-31,000300,600332,白云山,a,cn
2024-01-31,000300,600346,恒力石化,a,cn
2024-01-31,000300,600362,江西铜业,a,cn
2024-01-31,000300,600372,中航机载,a,cn
2024-01-31,000300,600406,国电南瑞,a,cn
2024-01-31,000300,600426,华鲁恒升,a,cn
2024-01-31,000300,600436,片仔癀,a,cn
2024-01-31,000300,600438,通威股份,a,cn
2024-01-31,000300,600460,士兰微,a,cn
2024-01-31,000300,600489,中金黄金,a,cn
2024-01-31,000300,600515,海南机场,a,cn
2024-01-31,000300,600519,贵州茅台,a,cn
2024-01-31,000300,600547,山东黄金,a,cn
2024-01-31,000300,600570,恒生电子,a,cn
2024-01-31,000300,600584,长电科技,a,cn
2024-01-31,000300,600585,海螺水泥,a,cn
2024-01-31,000300,600588,用友网络,a,cn
2024-01-31,000300,600600,青岛啤酒,a,cn
2024-01-31,000300,600606,绿地控股,a,cn
2024-01-31,000300,600660,福耀玻璃,a,cn
2024-01-31,000300,600674,川投能源,a,cn
2024-01-31,000300,600690,海尔智家,a,cn
2024-01-31,000300,600732,爱旭股份,a,cn
2024-01-31,000300,600741,华域汽车,a,cn
2024-01-31,000300,600745,*ST闻泰,a,cn
2024-01-31,000300,600754,锦江酒店,a,cn
2024-01-31,000300,600760,中航沈飞,a,cn
2024-01-31,000300,600795,国电电力,a,cn
2024-01-31,000300,600803,新奥股份,a,cn
2024-01-31,000300,600809,山西汾酒,a,cn
2024-01-31,000300,600837,海通证券,a,cn
2024-01-31,000300,600845,宝信软件,a,cn
2024-01-31,000300,600875,东方电气,a,cn
2024-01-31,000300,600886,国投电力,a,cn
2024-01-31,000300,600887,伊利股份,a,cn
2024-01-31,000300,600893,航发动力,a,cn
2024-01-31,000300,600900,长江电力,a,cn
2024-01-31,000300,600905,三峡能源,a,cn
2024-01-31,000300,600918,中泰证券,a,cn
2024-01-31,000300,600919,江苏银行,a,cn
2024-01-31,000300,600926,杭州银行,a,cn
2024-01-31,000300,600938,中国海油,a,cn
2024-01-31,000300,600941,中国移动,a,cn
2024-01-31,000300,600958,东方证券,a,cn
2024-01-31,000300,600989,宝丰能源,a,cn
2024-01-31,000300,600999,招商证券,a,cn
2024-01-31,000300,601006,大秦铁路,a,cn
2024-01-31,000300,601009,南京银行,a,cn
2024-01-31,000300,601012,隆基绿能,a,cn
2024-01-31,000300,601021,春秋航空,a,cn
2024-01-31,000300,601059,信达证券,a,cn
2024-01-31,000300,601066,中信建投,a,cn
2024-01-31,000300,601088,中国神华,a,cn
2024-01-31,000300,601100,恒立液压,a,cn
2024-01-31,000300,601111,中国国航,a,cn
2024-01-31,000300,601117,中国化学,a,cn
2024-01-31,000300,601138,工业富联,a,cn
2024-01-31,000300,601155,新城控股,a,cn
2024-01-31,000300,601166,兴业银行,a,cn
2024-01-31,000300,601169,北京银行,a,cn
2024-01-31,000300,601186,中国铁建,a,cn
2024-01-31,000300,601211,国泰海通,a,cn
2024-01-31,000300,601225,陕西煤业,a,cn
2024-01-31,000300,601229,上海银行,a,cn
2024-01-31,000300,601236,红塔证券,a,cn
2024-01-31,000300,601238,广汽集团,a,cn
2024-01-31,000300,601288,农业银行,a,cn
2024-01-31,000300,601318,中国平安,a,cn
2024-01-31,000300,601319,中国人保,a,cn
2024-01-31,000300,601328,交通银行,a,cn
2024-01-31,000300,601336,新华保险,a,cn
2024-01-31,000300,601360,三六零,a,cn
2024-01-31,000300,601377,兴业证券,a,cn
2024-01-31,000300,601390,中国中铁,a,cn
2024-01-31,000300,601398,工商银行,a,cn
2024-01-31,000300,601600,中国铝业,a,cn
2024-01-31,000300,601601,中国太保,a,cn
2024-01-31,000300,601607,上海医药,a,cn
2024-01-31,000300,601615,明阳智能,a,cn
2024-01-31,000300,601618,中国中冶,a,cn
2024-01-31,000300,601628,中国人寿,a,cn
2024-01-31,000300,601633,长城汽车,a,cn
2024-01-31,000300,601658,邮储银行,a,cn
2024-01-31,000300,601668,中国建筑,a,cn
2024-01-31,000300,601669,中国电建,a,cn
2024-01-31,000300,601688,华泰证券,a,cn
2024-01-31,000300,601689,拓普集团,a,cn
2024-01-31,000300,601698,中国卫通,a,cn
2024-01-31,000300,601699,潞安环能,a,cn
2024-01-31,000300,601728,中国电信,a,cn
2024-01-31,000300,601766,中国中车,a,cn
2024-01-31,000300,601788,光大证券,a,cn
2024-01-31,000300,601799,星宇股份,a,cn
2024-01-31,000300,601800,中国交建,a,cn
2024-01-31,000300,601808,中海油服,a,cn
2024-01-31,000300,601816,京沪高铁,a,cn
2024-01-31,000300,601818,光大银行,a,cn
2024-01-31,000300,601838,成都银行,a,cn
2024-01-31,000300,601857,中国石油,a,cn
2024-01-31,000300,601865,福莱特,a,cn
2024-01-31,000300,601868,中国能建,a,cn
2024-01-31,000300,601872,招商轮船,a,cn
2024-01-31,000300,601877,正泰电器,a,cn
2024-01-31,000300,601878,浙商证券,a,cn
2024-01-31,000300,601881,中国银河,a,cn
2024-01-31,000300,601888,中国中免,a,cn
2024-01-31,000300,601898,中煤能源,a,cn
2024-01-31,000300,601899,紫金矿业,a,cn
2024-01-31,000300,601901,方正证券,a,cn
2024-01-31,000300,601916,浙商银行,a,cn
2024-01-31,000300,601919,中远海控,a,cn
2024-01-31,000300,601939,建设银行,a,cn
2024-01-31,000300,601985,中国核电,a,cn
2024-01-31,000300,601988,中国银行,a,cn
2024-01-31,000300,601989,中国重工,a,cn
2024-01-31,000300,601995,中金公司,a,cn
2024-01-31,000300,601998,中信银行,a,cn
2024-01-31,000300,603019,中科曙光,a,cn
2024-01-31,000300,603195,公牛集团,a,cn
2024-01-31,000300,603259,药明康德,a,cn
2024-01-31,000300,603260,合盛硅业,a,cn
2024-01-31,000300,603288,海天味业,a,cn
2024-01-31,000300,603290,斯达半导,a,cn
2024-01-31,000300,603369,今世缘,a,cn
2024-01-31,000300,603392,万泰生物,a,cn
2024-01-31,000300,603486,科沃斯,a,cn
2024-01-31,000300,603501,豪威集团,a,cn
2024-01-31,000300,603659,璞泰来,a,cn
2024-01-31,000300,603799,华友钴业,a,cn
2024-01-31,000300,603806,福斯特,a,cn
2024-01-31,000300,603833,欧派家居,a,cn
2024-01-31,000300,603899,晨光股份,a,cn
2024-01-31,000300,603986,兆易创新,a,cn
2024-01-31,000300,603993,洛阳钼业,a,cn
2024-01-31,000300,605117,德业股份,a,cn
2024-01-31,000300,605499,东鹏饮料,a,cn
2024-01-31,000300,688008,澜起科技,a,cn
2024-01-31,000300,688012,中微公司,a,cn
2024-01-31,000300,688036,传音控股,a,cn
2024-01-31,000300,688041,海光信息,a,cn
2024-01-31,000300,688065,凯赛生物,a,cn
2024-01-31,000300,688111,金山办公,a,cn
2024-01-31,000300,688126,沪硅产业,a,cn
2024-01-31,000300,688187,时代电气,a,cn
2024-01-31,000300,688223,晶科能源,a,cn
2024-01-31,000300,688256,寒武纪,a,cn
2024-01-31,000300,688271,联影医疗,a,cn
2024-01-31,000300,688303,大全能源,a,cn
2024-01-31,000300,688363,华熙生物,a,cn
2024-01-31,000300,688396,华润微,a,cn
2024-01-31,000300,688561,奇安信,a,cn
2024-01-31,000300,688599,天合光能,a,cn
2024-01-31,000300,688981,中芯国际,a,cn
2024-02-29,000300,000001,平安银行,a,cn
2024-02-29,000300,000002,万科A,a,cn
2024-02-29,000300,000063,中兴通讯,a,cn
2024-02-29,000300,000069,华侨城A,a,cn
2024-02-29,000300,000100,TCL科技,a,cn
2024-02-29,000300,000157,中联重科,a,cn
2024-02-29,000300,000166,申万宏源,a,cn
2024-02-29,000300,000301,东方盛虹,a,cn
2024-02-29,000300,000333,美的集团,a,cn
2024-02-29,000300,000338,潍柴动力,a,cn
2024-02-29,000300,000408,藏格矿业,a,cn
2024-02-29,000300,000425,徐工机械,a,cn
2024-02-29,000300,000538,云南白药,a,cn
2024-02-29,000300,000568,泸州老窖,a,cn
2024-02-29,000300,000596,古井贡酒,a,cn
2024-02-29,000300,000617,中油资本,a,cn
2024-02-29,000300,000625,长安汽车,a,cn
2024-02-29,000300,000651,格力电器,a,cn
2024-02-29,000300,000661,长春高新,a,cn
2024-02-29,000300,000708,中信特钢,a,cn
2024-02-29,000300,000725,京东方A,a,cn
2024-02-29,000300,000733,振华科技,a,cn
2024-02-29,000300,000768,中航西飞,a,cn
2024-02-29,000300,000776,广发证券,a,cn
2024-02-29,000300,000786,北新建材,a,cn
2024-02-29,000300,000792,盐湖股份,a,cn
2024-02-29,000300,000800,一汽解放,a,cn
2024-02-29,000300,000858,五粮液,a,cn
2024-02-29,000300,000876,新希望,a,cn
2024-02-29,000300,000877,天山股份,a,cn
2024-02-29,000300,000895,双汇发展,a,cn
2024-02-29,000300,000938,紫光股份,a,cn
2024-02-29,000300,000963,华东医药,a,cn
2024-02-29,000300,000977,浪潮信息,a,cn
2024-02-29,000300,000983,山西焦煤,a,cn
2024-02-29,000300,000999,华润三九,a,cn
2024-02-29,000300,001289,龙源电力,a,cn
2024-02-29,000300,001979,招商蛇口,a,cn
2024-02-29,000300,002001,新和成,a,cn
2024-02-29,000300,002007,华兰生物,a,cn
2024-02-29,000300,002027,分众传媒,a,cn
2024-02-29,000300,002049,紫光国微,a,cn
2024-02-29,000300,002050,三花智控,a,cn
2024-02-29,000300,002074,国轩高科,a,cn
2024-02-29,000300,002129,TCL中环,a,cn
2024-02-29,000300,002142,宁波银行,a,cn
2024-02-29,000300,002179,中航光电,a,cn
2024-02-29,000300,002180,奔图科技,a,cn
2024-02-29,000300,002202,金风科技,a,cn
2024-02-29,000300,002230,科大讯飞,a,cn
2024-02-29,000300,002236,大华股份,a,cn
2024-02-29,000300,002241,歌尔股份,a,cn
2024-02-29,000300,002252,上海莱士,a,cn
2024-02-29,000300,002271,东方雨虹,a,cn
2024-02-29,000300,002304,洋河股份,a,cn
2024-02-29,000300,002311,海大集团,a,cn
2024-02-29,000300,002352,顺丰控股,a,cn
2024-02-29,000300,002371,北方华创,a,cn
2024-02-29,000300,002410,广联达,a,cn
2024-02-29,000300,002415,海康威视,a,cn
2024-02-29,000300,002459,晶澳科技,a,cn
2024-02-29,000300,002460,赣锋锂业,a,cn
2024-02-29,000300,002466,天齐锂业,a,cn
2024-02-29,000300,002475,立讯精密,a,cn
2024-02-29,000300,002493,荣盛石化,a,cn
2024-02-29,000300,002555,三七互娱,a,cn
2024-02-29,000300,002594,比亚迪,a,cn
2024-02-29,000300,002601,龙佰集团,a,cn
2024-02-29,000300,002603,以岭药业,a,cn
2024-02-29,000300,002648,卫星化学,a,cn
2024-02-29,000300,002709,天赐材料,a,cn
2024-02-29,000300,002714,牧原股份,a,cn
2024-02-29,000300,002736,国信证券,a,cn
2024-02-29,000300,002812,恩捷股份,a,cn
2024-02-29,000300,002821,凯莱英,a,cn
2024-02-29,000300,002841,视源股份,a,cn
2024-02-29,000300,002916,深南电路,a,cn
2024-02-29,000300,002920,德赛西威,a,cn
2024-02-29,000300,002938,鹏鼎控股,a,cn
2024-02-29,000300,003816,中国广核,a,cn
2024-02-29,000300,300014,亿纬锂能,a,cn
2024-02-29,000300,300015,爱尔眼科,a,cn
2024-02-29,000300,300033,同花顺,a,cn
2024-02-29,000300,300059,东方财富,a,cn
2024-02-29,000300,300122,智飞生物,a,cn
2024-02-29,000300,300124,汇川技术,a,cn
2024-02-29,000300,300142,沃森生物,a,cn
2024-02-29,000300,300223,北京君正,a,cn
2024-02-29,000300,300274,阳光电源,a,cn
2024-02-29,000300,300308,中际旭创,a,cn
2024-02-29,000300,300316,晶盛机电,a,cn
2024-02-29,000300,300347,泰格医药,a,cn
2024-02-29,000300,300408,三环集团,a,cn
2024-02-29,000300,300413,芒果超媒,a,cn
2024-02-29,000300,300433,蓝思科技,a,cn
2024-02-29,000300,300450,先导智能,a,cn
2024-02-29,000300,300454,深信服,a,cn
2024-02-29,000300,300496,中科创达,a,cn
2024-02-29,000300,300498,温氏股份,a,cn
2024-02-29,000300,300628,亿联网络,a,cn
2024-02-29,000300,300661,圣邦股份,a,cn
2024-02-29,000300,300750,宁德时代,a,cn
2024-02-29,000300,300751,迈为股份,a,cn
2024-02-29,000300,300759,康龙化成,a,cn
2024-02-29,000300,300760,迈瑞医疗,a,cn
2024-02-29,000300,300763,锦浪科技,a,cn
2024-02-29,000300,300782,卓胜微,a,cn
2024-02-29,000300,300896,爱美客,a,cn
2024-02-29,000300,300919,中伟新材,a,cn
2024-02-29,000300,300957,贝泰妮,a,cn
2024-02-29,000300,300979,华利集团,a,cn
2024-02-29,000300,300999,金龙鱼,a,cn
2024-02-29,000300,301269,华大九天,a,cn
2024-02-29,000300,600000,浦发银行,a,cn
2024-02-29,000300,600009,上海机场,a,cn
2024-02-29,000300,600010,包钢股份,a,cn
2024-02-29,000300,600011,华能国际,a,cn
2024-02-29,000300,600015,华夏银行,a,cn
2024-02-29,000300,600016,民生银行,a,cn
2024-02-29,000300,600018,上港集团,a,cn
2024-02-29,000300,600019,宝钢股份,a,cn
2024-02-29,000300,600023,浙能电力,a,cn
2024-02-29,000300,600025,华能水电,a,cn
2024-02-29,000300,600028,中国石化,a,cn
2024-02-29,000300,600029,南方航空,a,cn
2024-02-29,000300,600030,中信证券,a,cn
2024-02-29,000300,600031,三一重工,a,cn
2024-02-29,000300,600036,招商银行,a,cn
2024-02-29,000300,600039,四川路桥,a,cn
2024-02-29,000300,600048,保利发展,a,cn
2024-02-29,000300,600050,中国联通,a,cn
2024-02-29,000300,600061,国投资本,a,cn
2024-02-29,000300,600085,同仁堂,a,cn
2024-02-29,000300,600089,特变电工,a,cn
2024-02-29,000300,600104,上汽集团,a,cn
2024-02-29,000300,600111,北方稀土,a,cn
2024-02-29,000300,600115,中国东航,a,cn
2024-02-29,000300,600132,重庆啤酒,a,cn
2024-02-29,000300,600150,中国船舶,a,cn
2024-02-29,000300,600176,中国巨石,a,cn
2024-02-29,000300,600183,生益科技,a,cn
2024-02-29,000300,600188,兖矿能源,a,cn
2024-02-29,000300,600196,复星医药,a,cn
2024-02-29,000300,600219,南山铝业,a,cn
2024-02-29,000300,600233,圆通速递,a,cn
2024-02-29,000300,600276,恒瑞医药,a,cn
2024-02-29,000300,600309,万华化学,a,cn
2024-02-29,000300,600332,白云山,a,cn
2024-02-29,000300,600346,恒力石化,a,cn
2024-02-29,000300,600362,江西铜业,a,cn
2024-02-29,000300,600372,中航机载,a,cn
2024-02-29,000300,600406,国电南瑞,a,cn
2024-02-29,000300,600426,华鲁恒升,a,cn
2024-02-29,000300,600436,片仔癀,a,cn
2024-02-29,000300,600438,通威股份,a,cn
2024-02-29,000300,600460,士兰微,a,cn
2024-02-29,000300,600489,中金黄金,a,cn
2024-02-29,000300,600515,海南机场,a,cn
2024-02-29,000300,600519,贵州茅台,a,cn
2024-02-29,000300,600547,山东黄金,a,cn
2024-02-29,000300,600570,恒生电子,a,cn
2024-02-29,000300,600584,长电科技,a,cn
2024-02-29,000300,600585,海螺水泥,a,cn
2024-02-29,000300,600588,用友网络,a,cn
2024-02-29,000300,600600,青岛啤酒,a,cn
2024-02-29,000300,600606,绿地控股,a,cn
2024-02-29,000300,600660,福耀玻璃,a,cn
2024-02-29,000300,600674,川投能源,a,cn
2024-02-29,000300,600690,海尔智家,a,cn
2024-02-29,000300,600732,爱旭股份,a,cn
2024-02-29,000300,600741,华域汽车,a,cn
2024-02-29,000300,600745,*ST闻泰,a,cn
2024-02-29,000300,600754,锦江酒店,a,cn
2024-02-29,000300,600760,中航沈飞,a,cn
2024-02-29,000300,600795,国电电力,a,cn
2024-02-29,000300,600803,新奥股份,a,cn
2024-02-29,000300,600809,山西汾酒,a,cn
2024-02-29,000300,600837,海通证券,a,cn
2024-02-29,000300,600845,宝信软件,a,cn
2024-02-29,000300,600875,东方电气,a,cn
2024-02-29,000300,600886,国投电力,a,cn
2024-02-29,000300,600887,伊利股份,a,cn
2024-02-29,000300,600893,航发动力,a,cn
2024-02-29,000300,600900,长江电力,a,cn
2024-02-29,000300,600905,三峡能源,a,cn
2024-02-29,000300,600918,中泰证券,a,cn
2024-02-29,000300,600919,江苏银行,a,cn
2024-02-29,000300,600926,杭州银行,a,cn
2024-02-29,000300,600938,中国海油,a,cn
2024-02-29,000300,600941,中国移动,a,cn
2024-02-29,000300,600958,东方证券,a,cn
2024-02-29,000300,600989,宝丰能源,a,cn
2024-02-29,000300,600999,招商证券,a,cn
2024-02-29,000300,601006,大秦铁路,a,cn
2024-02-29,000300,601009,南京银行,a,cn
2024-02-29,000300,601012,隆基绿能,a,cn
2024-02-29,000300,601021,春秋航空,a,cn
2024-02-29,000300,601059,信达证券,a,cn
2024-02-29,000300,601066,中信建投,a,cn
2024-02-29,000300,601088,中国神华,a,cn
2024-02-29,000300,601100,恒立液压,a,cn
2024-02-29,000300,601111,中国国航,a,cn
2024-02-29,000300,601117,中国化学,a,cn
2024-02-29,000300,601138,工业富联,a,cn
2024-02-29,000300,601155,新城控股,a,cn
2024-02-29,000300,601166,兴业银行,a,cn
2024-02-29,000300,601169,北京银行,a,cn
2024-02-29,000300,601186,中国铁建,a,cn
2024-02-29,000300,601211,国泰海通,a,cn
2024-02-29,000300,601225,陕西煤业,a,cn
2024-02-29,000300,601229,上海银行,a,cn
2024-02-29,000300,601236,红塔证券,a,cn
2024-02-29,000300,601238,广汽集团,a,cn
2024-02-29,000300,601288,农业银行,a,cn
2024-02-29,000300,601318,中国平安,a,cn
2024-02-29,000300,601319,中国人保,a,cn
2024-02-29,000300,601328,交通银行,a,cn
2024-02-29,000300,601336,新华保险,a,cn
2024-02-29,000300,601360,三六零,a,cn
2024-02-29,000300,601377,兴业证券,a,cn
2024-02-29,000300,601390,中国中铁,a,cn
2024-02-29,000300,601398,工商银行,a,cn
2024-02-29,000300,601600,中国铝业,a,cn
2024-02-29,000300,601601,中国太保,a,cn
2024-02-29,000300,601607,上海医药,a,cn
2024-02-29,000300,601615,明阳智能,a,cn
2024-02-29,000300,601618,中国中冶,a,cn
2024-02-29,000300,601628,中国人寿,a,cn
2024-02-29,000300,601633,长城汽车,a,cn
2024-02-29,000300,601658,邮储银行,a,cn
2024-02-29,000300,601668,中国建筑,a,cn
2024-02-29,000300,601669,中国电建,a,cn
2024-02-29,000300,601688,华泰证券,a,cn
2024-02-29,000300,601689,拓普集团,a,cn
2024-02-29,000300,601698,中国卫通,a,cn
2024-02-29,000300,601699,潞安环能,a,cn
2024-02-29,000300,601728,中国电信,a,cn
2024-02-29,000300,601766,中国中车,a,cn
2024-02-29,000300,601788,光大证券,a,cn
2024-02-29,000300,601799,星宇股份,a,cn
2024-02-29,000300,601800,中国交建,a,cn
2024-02-29,000300,601808,中海油服,a,cn
2024-02-29,000300,601816,京沪高铁,a,cn
2024-02-29,000300,601818,光大银行,a,cn
2024-02-29,000300,601838,成都银行,a,cn
2024-02-29,000300,601857,中国石油,a,cn
2024-02-29,000300,601865,福莱特,a,cn
2024-02-29,000300,601868,中国能建,a,cn
2024-02-29,000300,601872,招商轮船,a,cn
2024-02-29,000300,601877,正泰电器,a,cn
2024-02-29,000300,601878,浙商证券,a,cn
2024-02-29,000300,601881,中国银河,a,cn
2024-02-29,000300,601888,中国中免,a,cn
2024-02-29,000300,601898,中煤能源,a,cn
2024-02-29,000300,601899,紫金矿业,a,cn
2024-02-29,000300,601901,方正证券,a,cn
2024-02-29,000300,601916,浙商银行,a,cn
2024-02-29,000300,601919,中远海控,a,cn
2024-02-29,000300,601939,建设银行,a,cn
2024-02-29,000300,601985,中国核电,a,cn
2024-02-29,000300,601988,中国银行,a,cn
2024-02-29,000300,601989,中国重工,a,cn
2024-02-29,000300,601995,中金公司,a,cn
2024-02-29,000300,601998,中信银行,a,cn
2024-02-29,000300,603019,中科曙光,a,cn
2024-02-29,000300,603195,公牛集团,a,cn
2024-02-29,000300,603259,药明康德,a,cn
2024-02-29,000300,603260,合盛硅业,a,cn
2024-02-29,000300,603288,海天味业,a,cn
2024-02-29,000300,603290,斯达半导,a,cn
2024-02-29,000300,603369,今世缘,a,cn
2024-02-29,000300,603392,万泰生物,a,cn
2024-02-29,000300,603486,科沃斯,a,cn
2024-02-29,000300,603501,豪威集团,a,cn
2024-02-29,000300,603659,璞泰来,a,cn
2024-02-29,000300,603799,华友钴业,a,cn
2024-02-29,000300,603806,福斯特,a,cn
2024-02-29,000300,603833,欧派家居,a,cn
2024-02-29,000300,603899,晨光股份,a,cn
2024-02-29,000300,603986,兆易创新,a,cn
2024-02-29,000300,603993,洛阳钼业,a,cn
2024-02-29,000300,605117,德业股份,a,cn
2024-02-29,000300,605499,东鹏饮料,a,cn
2024-02-29,000300,688008,澜起科技,a,cn
2024-02-29,000300,688012,中微公司,a,cn
2024-02-29,000300,688036,传音控股,a,cn
2024-02-29,000300,688041,海光信息,a,cn
2024-02-29,000300,688065,凯赛生物,a,cn
2024-02-29,000300,688111,金山办公,a,cn
2024-02-29,000300,688126,沪硅产业,a,cn
2024-02-29,000300,688187,时代电气,a,cn
2024-02-29,000300,688223,晶科能源,a,cn
2024-02-29,000300,688256,寒武纪,a,cn
2024-02-29,000300,688271,联影医疗,a,cn
2024-02-29,000300,688303,大全能源,a,cn
2024-02-29,000300,688363,华熙生物,a,cn
2024-02-29,000300,688396,华润微,a,cn
2024-02-29,000300,688561,奇安信,a,cn
2024-02-29,000300,688599,天合光能,a,cn
2024-02-29,000300,688981,中芯国际,a,cn
2024-03-29,000300,000001,平安银行,a,cn
2024-03-29,000300,000002,万科A,a,cn
2024-03-29,000300,000063,中兴通讯,a,cn
2024-03-29,000300,000069,华侨城A,a,cn
2024-03-29,000300,000100,TCL科技,a,cn
2024-03-29,000300,000157,中联重科,a,cn
2024-03-29,000300,000166,申万宏源,a,cn
2024-03-29,000300,000301,东方盛虹,a,cn
2024-03-29,000300,000333,美的集团,a,cn
2024-03-29,000300,000338,潍柴动力,a,cn
2024-03-29,000300,000408,藏格矿业,a,cn
2024-03-29,000300,000425,徐工机械,a,cn
2024-03-29,000300,000538,云南白药,a,cn
2024-03-29,000300,000568,泸州老窖,a,cn
2024-03-29,000300,000596,古井贡酒,a,cn
2024-03-29,000300,000617,中油资本,a,cn
2024-03-29,000300,000625,长安汽车,a,cn
2024-03-29,000300,000651,格力电器,a,cn
2024-03-29,000300,000661,长春高新,a,cn
2024-03-29,000300,000708,中信特钢,a,cn
2024-03-29,000300,000725,京东方A,a,cn
2024-03-29,000300,000733,振华科技,a,cn
2024-03-29,000300,000768,中航西飞,a,cn
2024-03-29,000300,000776,广发证券,a,cn
2024-03-29,000300,000786,北新建材,a,cn
2024-03-29,000300,000792,盐湖股份,a,cn
2024-03-29,000300,000800,一汽解放,a,cn
2024-03-29,000300,000858,五粮液,a,cn
2024-03-29,000300,000876,新希望,a,cn
2024-03-29,000300,000877,天山股份,a,cn
2024-03-29,000300,000895,双汇发展,a,cn
2024-03-29,000300,000938,紫光股份,a,cn
2024-03-29,000300,000963,华东医药,a,cn
2024-03-29,000300,000977,浪潮信息,a,cn
2024-03-29,000300,000983,山西焦煤,a,cn
2024-03-29,000300,000999,华润三九,a,cn
2024-03-29,000300,001289,龙源电力,a,cn
2024-03-29,000300,001979,招商蛇口,a,cn
2024-03-29,000300,002001,新和成,a,cn
2024-03-29,000300,002007,华兰生物,a,cn
2024-03-29,000300,002027,分众传媒,a,cn
2024-03-29,000300,002049,紫光国微,a,cn
2024-03-29,000300,002050,三花智控,a,cn
2024-03-29,000300,002074,国轩高科,a,cn
2024-03-29,000300,002129,TCL中环,a,cn
2024-03-29,000300,002142,宁波银行,a,cn
2024-03-29,000300,002179,中航光电,a,cn
2024-03-29,000300,002180,奔图科技,a,cn
2024-03-29,000300,002202,金风科技,a,cn
2024-03-29,000300,002230,科大讯飞,a,cn
2024-03-29,000300,002236,大华股份,a,cn
2024-03-29,000300,002241,歌尔股份,a,cn
2024-03-29,000300,002252,上海莱士,a,cn
2024-03-29,000300,002271,东方雨虹,a,cn
2024-03-29,000300,002304,洋河股份,a,cn
2024-03-29,000300,002311,海大集团,a,cn
2024-03-29,000300,002352,顺丰控股,a,cn
2024-03-29,000300,002371,北方华创,a,cn
2024-03-29,000300,002410,广联达,a,cn
2024-03-29,000300,002415,海康威视,a,cn
2024-03-29,000300,002459,晶澳科技,a,cn
2024-03-29,000300,002460,赣锋锂业,a,cn
2024-03-29,000300,002466,天齐锂业,a,cn
2024-03-29,000300,002475,立讯精密,a,cn
2024-03-29,000300,002493,荣盛石化,a,cn
2024-03-29,000300,002555,三七互娱,a,cn
2024-03-29,000300,002594,比亚迪,a,cn
2024-03-29,000300,002601,龙佰集团,a,cn
2024-03-29,000300,002603,以岭药业,a,cn
2024-03-29,000300,002648,卫星化学,a,cn
2024-03-29,000300,002709,天赐材料,a,cn
2024-03-29,000300,002714,牧原股份,a,cn
2024-03-29,000300,002736,国信证券,a,cn
2024-03-29,000300,002812,恩捷股份,a,cn
2024-03-29,000300,002821,凯莱英,a,cn
2024-03-29,000300,002841,视源股份,a,cn
2024-03-29,000300,002916,深南电路,a,cn
2024-03-29,000300,002920,德赛西威,a,cn
2024-03-29,000300,002938,鹏鼎控股,a,cn
2024-03-29,000300,003816,中国广核,a,cn
2024-03-29,000300,300014,亿纬锂能,a,cn
2024-03-29,000300,300015,爱尔眼科,a,cn
2024-03-29,000300,300033,同花顺,a,cn
2024-03-29,000300,300059,东方财富,a,cn
2024-03-29,000300,300122,智飞生物,a,cn
2024-03-29,000300,300124,汇川技术,a,cn
2024-03-29,000300,300142,沃森生物,a,cn
2024-03-29,000300,300223,北京君正,a,cn
2024-03-29,000300,300274,阳光电源,a,cn
2024-03-29,000300,300308,中际旭创,a,cn
2024-03-29,000300,300316,晶盛机电,a,cn
2024-03-29,000300,300347,泰格医药,a,cn
2024-03-29,000300,300408,三环集团,a,cn
2024-03-29,000300,300413,芒果超媒,a,cn
2024-03-29,000300,300433,蓝思科技,a,cn
2024-03-29,000300,300450,先导智能,a,cn
2024-03-29,000300,300454,深信服,a,cn
2024-03-29,000300,300496,中科创达,a,cn
2024-03-29,000300,300498,温氏股份,a,cn
2024-03-29,000300,300628,亿联网络,a,cn
2024-03-29,000300,300661,圣邦股份,a,cn
2024-03-29,000300,300750,宁德时代,a,cn
2024-03-29,000300,300751,迈为股份,a,cn
2024-03-29,000300,300759,康龙化成,a,cn
2024-03-29,000300,300760,迈瑞医疗,a,cn
2024-03-29,000300,300763,锦浪科技,a,cn
2024-03-29,000300,300782,卓胜微,a,cn
2024-03-29,000300,300896,爱美客,a,cn
2024-03-29,000300,300919,中伟新材,a,cn
2024-03-29,000300,300957,贝泰妮,a,cn
2024-03-29,000300,300979,华利集团,a,cn
2024-03-29,000300,300999,金龙鱼,a,cn
2024-03-29,000300,301269,华大九天,a,cn
2024-03-29,000300,600000,浦发银行,a,cn
2024-03-29,000300,600009,上海机场,a,cn
2024-03-29,000300,600010,包钢股份,a,cn
2024-03-29,000300,600011,华能国际,a,cn
2024-03-29,000300,600015,华夏银行,a,cn
2024-03-29,000300,600016,民生银行,a,cn
2024-03-29,000300,600018,上港集团,a,cn
2024-03-29,000300,600019,宝钢股份,a,cn
2024-03-29,000300,600023,浙能电力,a,cn
2024-03-29,000300,600025,华能水电,a,cn
2024-03-29,000300,600028,中国石化,a,cn
2024-03-29,000300,600029,南方航空,a,cn
2024-03-29,000300,600030,中信证券,a,cn
2024-03-29,000300,600031,三一重工,a,cn
2024-03-29,000300,600036,招商银行,a,cn
2024-03-29,000300,600039,四川路桥,a,cn
2024-03-29,000300,600048,保利发展,a,cn
2024-03-29,000300,600050,中国联通,a,cn
2024-03-29,000300,600061,国投资本,a,cn
2024-03-29,000300,600085,同仁堂,a,cn
2024-03-29,000300,600089,特变电工,a,cn
2024-03-29,000300,600104,上汽集团,a,cn
2024-03-29,000300,600111,北方稀土,a,cn
2024-03-29,000300,600115,中国东航,a,cn
2024-03-29,000300,600132,重庆啤酒,a,cn
2024-03-29,000300,600150,中国船舶,a,cn
2024-03-29,000300,600176,中国巨石,a,cn
2024-03-29,000300,600183,生益科技,a,cn
2024-03-29,000300,600188,兖矿能源,a,cn
2024-03-29,000300,600196,复星医药,a,cn
2024-03-29,000300,600219,南山铝业,a,cn
2024-03-29,000300,600233,圆通速递,a,cn
2024-03-29,000300,600276,恒瑞医药,a,cn
2024-03-29,000300,600309,万华化学,a,cn
2024-03-29,000300,600332,白云山,a,cn
2024-03-29,000300,600346,恒力石化,a,cn
2024-03-29,000300,600362,江西铜业,a,cn
2024-03-29,000300,600372,中航机载,a,cn
2024-03-29,000300,600406,国电南瑞,a,cn
2024-03-29,000300,600426,华鲁恒升,a,cn
2024-03-29,000300,600436,片仔癀,a,cn
2024-03-29,000300,600438,通威股份,a,cn
2024-03-29,000300,600460,士兰微,a,cn
2024-03-29,000300,600489,中金黄金,a,cn
2024-03-29,000300,600515,海南机场,a,cn
2024-03-29,000300,600519,贵州茅台,a,cn
2024-03-29,000300,600547,山东黄金,a,cn
2024-03-29,000300,600570,恒生电子,a,cn
2024-03-29,000300,600584,长电科技,a,cn
2024-03-29,000300,600585,海螺水泥,a,cn
2024-03-29,000300,600588,用友网络,a,cn
2024-03-29,000300,600600,青岛啤酒,a,cn
2024-03-29,000300,600606,绿地控股,a,cn
2024-03-29,000300,600660,福耀玻璃,a,cn
2024-03-29,000300,600674,川投能源,a,cn
2024-03-29,000300,600690,海尔智家,a,cn
2024-03-29,000300,600732,爱旭股份,a,cn
2024-03-29,000300,600741,华域汽车,a,cn
2024-03-29,000300,600745,*ST闻泰,a,cn
2024-03-29,000300,600754,锦江酒店,a,cn
2024-03-29,000300,600760,中航沈飞,a,cn
2024-03-29,000300,600795,国电电力,a,cn
2024-03-29,000300,600803,新奥股份,a,cn
2024-03-29,000300,600809,山西汾酒,a,cn
2024-03-29,000300,600837,海通证券,a,cn
2024-03-29,000300,600845,宝信软件,a,cn
2024-03-29,000300,600875,东方电气,a,cn
2024-03-29,000300,600886,国投电力,a,cn
2024-03-29,000300,600887,伊利股份,a,cn
2024-03-29,000300,600893,航发动力,a,cn
2024-03-29,000300,600900,长江电力,a,cn
2024-03-29,000300,600905,三峡能源,a,cn
2024-03-29,000300,600918,中泰证券,a,cn
2024-03-29,000300,600919,江苏银行,a,cn
2024-03-29,000300,600926,杭州银行,a,cn
2024-03-29,000300,600938,中国海油,a,cn
2024-03-29,000300,600941,中国移动,a,cn
2024-03-29,000300,600958,东方证券,a,cn
2024-03-29,000300,600989,宝丰能源,a,cn
2024-03-29,000300,600999,招商证券,a,cn
2024-03-29,000300,601006,大秦铁路,a,cn
2024-03-29,000300,601009,南京银行,a,cn
2024-03-29,000300,601012,隆基绿能,a,cn
2024-03-29,000300,601021,春秋航空,a,cn
2024-03-29,000300,601059,信达证券,a,cn
2024-03-29,000300,601066,中信建投,a,cn
2024-03-29,000300,601088,中国神华,a,cn
2024-03-29,000300,601100,恒立液压,a,cn
2024-03-29,000300,601111,中国国航,a,cn
2024-03-29,000300,601117,中国化学,a,cn
2024-03-29,000300,601138,工业富联,a,cn
2024-03-29,000300,601155,新城控股,a,cn
2024-03-29,000300,601166,兴业银行,a,cn
2024-03-29,000300,601169,北京银行,a,cn
2024-03-29,000300,601186,中国铁建,a,cn
2024-03-29,000300,601211,国泰海通,a,cn
2024-03-29,000300,601225,陕西煤业,a,cn
2024-03-29,000300,601229,上海银行,a,cn
2024-03-29,000300,601236,红塔证券,a,cn
2024-03-29,000300,601238,广汽集团,a,cn
2024-03-29,000300,601288,农业银行,a,cn
2024-03-29,000300,601318,中国平安,a,cn
2024-03-29,000300,601319,中国人保,a,cn
2024-03-29,000300,601328,交通银行,a,cn
2024-03-29,000300,601336,新华保险,a,cn
2024-03-29,000300,601360,三六零,a,cn
2024-03-29,000300,601377,兴业证券,a,cn
2024-03-29,000300,601390,中国中铁,a,cn
2024-03-29,000300,601398,工商银行,a,cn
2024-03-29,000300,601600,中国铝业,a,cn
2024-03-29,000300,601601,中国太保,a,cn
2024-03-29,000300,601607,上海医药,a,cn
2024-03-29,000300,601615,明阳智能,a,cn
2024-03-29,000300,601618,中国中冶,a,cn
2024-03-29,000300,601628,中国人寿,a,cn
2024-03-29,000300,601633,长城汽车,a,cn
2024-03-29,000300,601658,邮储银行,a,cn
2024-03-29,000300,601668,中国建筑,a,cn
2024-03-29,000300,601669,中国电建,a,cn
2024-03-29,000300,601688,华泰证券,a,cn
2024-03-29,000300,601689,拓普集团,a,cn
2024-03-29,000300,601698,中国卫通,a,cn
2024-03-29,000300,601699,潞安环能,a,cn
2024-03-29,000300,601728,中国电信,a,cn
2024-03-29,000300,601766,中国中车,a,cn
2024-03-29,000300,601788,光大证券,a,cn
2024-03-29,000300,601799,星宇股份,a,cn
2024-03-29,000300,601800,中国交建,a,cn
2024-03-29,000300,601808,中海油服,a,cn
2024-03-29,000300,601816,京沪高铁,a,cn
2024-03-29,000300,601818,光大银行,a,cn
2024-03-29,000300,601838,成都银行,a,cn
2024-03-29,000300,601857,中国石油,a,cn
2024-03-29,000300,601865,福莱特,a,cn
2024-03-29,000300,601868,中国能建,a,cn
2024-03-29,000300,601872,招商轮船,a,cn
2024-03-29,000300,601877,正泰电器,a,cn
2024-03-29,000300,601878,浙商证券,a,cn
2024-03-29,000300,601881,中国银河,a,cn
2024-03-29,000300,601888,中国中免,a,cn
2024-03-29,000300,601898,中煤能源,a,cn
2024-03-29,000300,601899,紫金矿业,a,cn
2024-03-29,000300,601901,方正证券,a,cn
2024-03-29,000300,601916,浙商银行,a,cn
2024-03-29,000300,601919,中远海控,a,cn
2024-03-29,000300,601939,建设银行,a,cn
2024-03-29,000300,601985,中国核电,a,cn
2024-03-29,000300,601988,中国银行,a,cn
2024-03-29,000300,601989,中国重工,a,cn
2024-03-29,000300,601995,中金公司,a,cn
2024-03-29,000300,601998,中信银行,a,cn
2024-03-29,000300,603019,中科曙光,a,cn
2024-03-29,000300,603195,公牛集团,a,cn
2024-03-29,000300,603259,药明康德,a,cn
2024-03-29,000300,603260,合盛硅业,a,cn
2024-03-29,000300,603288,海天味业,a,cn
2024-03-29,000300,603290,斯达半导,a,cn
2024-03-29,000300,603369,今世缘,a,cn
2024-03-29,000300,603392,万泰生物,a,cn
2024-03-29,000300,603486,科沃斯,a,cn
2024-03-29,000300,603501,豪威集团,a,cn
2024-03-29,000300,603659,璞泰来,a,cn
2024-03-29,000300,603799,华友钴业,a,cn
2024-03-29,000300,603806,福斯特,a,cn
2024-03-29,000300,603833,欧派家居,a,cn
2024-03-29,000300,603899,晨光股份,a,cn
2024-03-29,000300,603986,兆易创新,a,cn
2024-03-29,000300,603993,洛阳钼业,a,cn
2024-03-29,000300,605117,德业股份,a,cn
2024-03-29,000300,605499,东鹏饮料,a,cn
2024-03-29,000300,688008,澜起科技,a,cn
2024-03-29,000300,688012,中微公司,a,cn
2024-03-29,000300,688036,传音控股,a,cn
2024-03-29,000300,688041,海光信息,a,cn
2024-03-29,000300,688065,凯赛生物,a,cn
2024-03-29,000300,688111,金山办公,a,cn
2024-03-29,000300,688126,沪硅产业,a,cn
2024-03-29,000300,688187,时代电气,a,cn
2024-03-29,000300,688223,晶科能源,a,cn
2024-03-29,000300,688256,寒武纪,a,cn
2024-03-29,000300,688271,联影医疗,a,cn
2024-03-29,000300,688303,大全能源,a,cn
2024-03-29,000300,688363,华熙生物,a,cn
2024-03-29,000300,688396,华润微,a,cn
2024-03-29,000300,688561,奇安信,a,cn
2024-03-29,000300,688599,天合光能,a,cn
2024-03-29,000300,688981,中芯国际,a,cn
2024-04-30,000300,000001,平安银行,a,cn
2024-04-30,000300,000002,万科A,a,cn
2024-04-30,000300,000063,中兴通讯,a,cn
2024-04-30,000300,000069,华侨城A,a,cn
2024-04-30,000300,000100,TCL科技,a,cn
2024-04-30,000300,000157,中联重科,a,cn
2024-04-30,000300,000166,申万宏源,a,cn
2024-04-30,000300,000301,东方盛虹,a,cn
2024-04-30,000300,000333,美的集团,a,cn
2024-04-30,000300,000338,潍柴动力,a,cn
2024-04-30,000300,000408,藏格矿业,a,cn
2024-04-30,000300,000425,徐工机械,a,cn
2024-04-30,000300,000538,云南白药,a,cn
2024-04-30,000300,000568,泸州老窖,a,cn
2024-04-30,000300,000596,古井贡酒,a,cn
2024-04-30,000300,000617,中油资本,a,cn
2024-04-30,000300,000625,长安汽车,a,cn
2024-04-30,000300,000651,格力电器,a,cn
2024-04-30,000300,000661,长春高新,a,cn
2024-04-30,000300,000708,中信特钢,a,cn
2024-04-30,000300,000725,京东方A,a,cn
2024-04-30,000300,000733,振华科技,a,cn
2024-04-30,000300,000768,中航西飞,a,cn
2024-04-30,000300,000776,广发证券,a,cn
2024-04-30,000300,000786,北新建材,a,cn
2024-04-30,000300,000792,盐湖股份,a,cn
2024-04-30,000300,000800,一汽解放,a,cn
2024-04-30,000300,000858,五粮液,a,cn
2024-04-30,000300,000876,新希望,a,cn
2024-04-30,000300,000877,天山股份,a,cn
2024-04-30,000300,000895,双汇发展,a,cn
2024-04-30,000300,000938,紫光股份,a,cn
2024-04-30,000300,000963,华东医药,a,cn
2024-04-30,000300,000977,浪潮信息,a,cn
2024-04-30,000300,000983,山西焦煤,a,cn
2024-04-30,000300,000999,华润三九,a,cn
2024-04-30,000300,001289,龙源电力,a,cn
2024-04-30,000300,001979,招商蛇口,a,cn
2024-04-30,000300,002001,新和成,a,cn
2024-04-30,000300,002007,华兰生物,a,cn
2024-04-30,000300,002027,分众传媒,a,cn
2024-04-30,000300,002049,紫光国微,a,cn
2024-04-30,000300,002050,三花智控,a,cn
2024-04-30,000300,002074,国轩高科,a,cn
2024-04-30,000300,002129,TCL中环,a,cn
2024-04-30,000300,002142,宁波银行,a,cn
2024-04-30,000300,002179,中航光电,a,cn
2024-04-30,000300,002180,奔图科技,a,cn
2024-04-30,000300,002202,金风科技,a,cn
2024-04-30,000300,002230,科大讯飞,a,cn
2024-04-30,000300,002236,大华股份,a,cn
2024-04-30,000300,002241,歌尔股份,a,cn
2024-04-30,000300,002252,上海莱士,a,cn
2024-04-30,000300,002271,东方雨虹,a,cn
2024-04-30,000300,002304,洋河股份,a,cn
2024-04-30,000300,002311,海大集团,a,cn
2024-04-30,000300,002352,顺丰控股,a,cn
2024-04-30,000300,002371,北方华创,a,cn
2024-04-30,000300,002410,广联达,a,cn
2024-04-30,000300,002415,海康威视,a,cn
2024-04-30,000300,002459,晶澳科技,a,cn
2024-04-30,000300,002460,赣锋锂业,a,cn
2024-04-30,000300,002466,天齐锂业,a,cn
2024-04-30,000300,002475,立讯精密,a,cn
2024-04-30,000300,002493,荣盛石化,a,cn
2024-04-30,000300,002555,三七互娱,a,cn
2024-04-30,000300,002594,比亚迪,a,cn
2024-04-30,000300,002601,龙佰集团,a,cn
2024-04-30,000300,002603,以岭药业,a,cn
2024-04-30,000300,002648,卫星化学,a,cn
2024-04-30,000300,002709,天赐材料,a,cn
2024-04-30,000300,002714,牧原股份,a,cn
2024-04-30,000300,002736,国信证券,a,cn
2024-04-30,000300,002812,恩捷股份,a,cn
2024-04-30,000300,002821,凯莱英,a,cn
2024-04-30,000300,002841,视源股份,a,cn
2024-04-30,000300,002916,深南电路,a,cn
2024-04-30,000300,002920,德赛西威,a,cn
2024-04-30,000300,002938,鹏鼎控股,a,cn
2024-04-30,000300,003816,中国广核,a,cn
2024-04-30,000300,300014,亿纬锂能,a,cn
2024-04-30,000300,300015,爱尔眼科,a,cn
2024-04-30,000300,300033,同花顺,a,cn
2024-04-30,000300,300059,东方财富,a,cn
2024-04-30,000300,300122,智飞生物,a,cn
2024-04-30,000300,300124,汇川技术,a,cn
2024-04-30,000300,300142,沃森生物,a,cn
2024-04-30,000300,300223,北京君正,a,cn
2024-04-30,000300,300274,阳光电源,a,cn
2024-04-30,000300,300308,中际旭创,a,cn
2024-04-30,000300,300316,晶盛机电,a,cn
2024-04-30,000300,300347,泰格医药,a,cn
2024-04-30,000300,300408,三环集团,a,cn
2024-04-30,000300,300413,芒果超媒,a,cn
2024-04-30,000300,300433,蓝思科技,a,cn
2024-04-30,000300,300450,先导智能,a,cn
2024-04-30,000300,300454,深信服,a,cn
2024-04-30,000300,300496,中科创达,a,cn
2024-04-30,000300,300498,温氏股份,a,cn
2024-04-30,000300,300628,亿联网络,a,cn
2024-04-30,000300,300661,圣邦股份,a,cn
2024-04-30,000300,300750,宁德时代,a,cn
2024-04-30,000300,300751,迈为股份,a,cn
2024-04-30,000300,300759,康龙化成,a,cn
2024-04-30,000300,300760,迈瑞医疗,a,cn
2024-04-30,000300,300763,锦浪科技,a,cn
2024-04-30,000300,300782,卓胜微,a,cn
2024-04-30,000300,300896,爱美客,a,cn
2024-04-30,000300,300919,中伟新材,a,cn
2024-04-30,000300,300957,贝泰妮,a,cn
2024-04-30,000300,300979,华利集团,a,cn
2024-04-30,000300,300999,金龙鱼,a,cn
2024-04-30,000300,301269,华大九天,a,cn
2024-04-30,000300,600000,浦发银行,a,cn
2024-04-30,000300,600009,上海机场,a,cn
2024-04-30,000300,600010,包钢股份,a,cn
2024-04-30,000300,600011,华能国际,a,cn
2024-04-30,000300,600015,华夏银行,a,cn
2024-04-30,000300,600016,民生银行,a,cn
2024-04-30,000300,600018,上港集团,a,cn
2024-04-30,000300,600019,宝钢股份,a,cn
2024-04-30,000300,600023,浙能电力,a,cn
2024-04-30,000300,600025,华能水电,a,cn
2024-04-30,000300,600028,中国石化,a,cn
2024-04-30,000300,600029,南方航空,a,cn
2024-04-30,000300,600030,中信证券,a,cn
2024-04-30,000300,600031,三一重工,a,cn
2024-04-30,000300,600036,招商银行,a,cn
2024-04-30,000300,600039,四川路桥,a,cn
2024-04-30,000300,600048,保利发展,a,cn
2024-04-30,000300,600050,中国联通,a,cn
2024-04-30,000300,600061,国投资本,a,cn
2024-04-30,000300,600085,同仁堂,a,cn
2024-04-30,000300,600089,特变电工,a,cn
2024-04-30,000300,600104,上汽集团,a,cn
2024-04-30,000300,600111,北方稀土,a,cn
2024-04-30,000300,600115,中国东航,a,cn
2024-04-30,000300,600132,重庆啤酒,a,cn
2024-04-30,000300,600150,中国船舶,a,cn
2024-04-30,000300,600176,中国巨石,a,cn
2024-04-30,000300,600183,生益科技,a,cn
2024-04-30,000300,600188,兖矿能源,a,cn
2024-04-30,000300,600196,复星医药,a,cn
2024-04-30,000300,600219,南山铝业,a,cn
2024-04-30,000300,600233,圆通速递,a,cn
2024-04-30,000300,600276,恒瑞医药,a,cn
2024-04-30,000300,600309,万华化学,a,cn
2024-04-30,000300,600332,白云山,a,cn
2024-04-30,000300,600346,恒力石化,a,cn
2024-04-30,000300,600362,江西铜业,a,cn
2024-04-30,000300,600372,中航机载,a,cn
2024-04-30,000300,600406,国电南瑞,a,cn
2024-04-30,000300,600426,华鲁恒升,a,cn
2024-04-30,000300,600436,片仔癀,a,cn
2024-04-30,000300,600438,通威股份,a,cn
2024-04-30,000300,600460,士兰微,a,cn
2024-04-30,000300,600489,中金黄金,a,cn
2024-04-30,000300,600515,海南机场,a,cn
2024-04-30,000300,600519,贵州茅台,a,cn
2024-04-30,000300,600547,山东黄金,a,cn
2024-04-30,000300,600570,恒生电子,a,cn
2024-04-30,000300,600584,长电科技,a,cn
2024-04-30,000300,600585,海螺水泥,a,cn
2024-04-30,000300,600588,用友网络,a,cn
2024-04-30,000300,600600,青岛啤酒,a,cn
2024-04-30,000300,600606,绿地控股,a,cn
2024-04-30,000300,600660,福耀玻璃,a,cn
2024-04-30,000300,600674,川投能源,a,cn
2024-04-30,000300,600690,海尔智家,a,cn
2024-04-30,000300,600732,爱旭股份,a,cn
2024-04-30,000300,600741,华域汽车,a,cn
2024-04-30,000300,600745,*ST闻泰,a,cn
2024-04-30,000300,600754,锦江酒店,a,cn
2024-04-30,000300,600760,中航沈飞,a,cn
2024-04-30,000300,600795,国电电力,a,cn
2024-04-30,000300,600803,新奥股份,a,cn
2024-04-30,000300,600809,山西汾酒,a,cn
2024-04-30,000300,600837,海通证券,a,cn
2024-04-30,000300,600845,宝信软件,a,cn
2024-04-30,000300,600875,东方电气,a,cn
2024-04-30,000300,600886,国投电力,a,cn
2024-04-30,000300,600887,伊利股份,a,cn
2024-04-30,000300,600893,航发动力,a,cn
2024-04-30,000300,600900,长江电力,a,cn
2024-04-30,000300,600905,三峡能源,a,cn
2024-04-30,000300,600918,中泰证券,a,cn
2024-04-30,000300,600919,江苏银行,a,cn
2024-04-30,000300,600926,杭州银行,a,cn
2024-04-30,000300,600938,中国海油,a,cn
2024-04-30,000300,600941,中国移动,a,cn
2024-04-30,000300,600958,东方证券,a,cn
2024-04-30,000300,600989,宝丰能源,a,cn
2024-04-30,000300,600999,招商证券,a,cn
2024-04-30,000300,601006,大秦铁路,a,cn
2024-04-30,000300,601009,南京银行,a,cn
2024-04-30,000300,601012,隆基绿能,a,cn
2024-04-30,000300,601021,春秋航空,a,cn
2024-04-30,000300,601059,信达证券,a,cn
2024-04-30,000300,601066,中信建投,a,cn
2024-04-30,000300,601088,中国神华,a,cn
2024-04-30,000300,601100,恒立液压,a,cn
2024-04-30,000300,601111,中国国航,a,cn
2024-04-30,000300,601117,中国化学,a,cn
2024-04-30,000300,601138,工业富联,a,cn
2024-04-30,000300,601155,新城控股,a,cn
2024-04-30,000300,601166,兴业银行,a,cn
2024-04-30,000300,601169,北京银行,a,cn
2024-04-30,000300,601186,中国铁建,a,cn
2024-04-30,000300,601211,国泰海通,a,cn
2024-04-30,000300,601225,陕西煤业,a,cn
2024-04-30,000300,601229,上海银行,a,cn
2024-04-30,000300,601236,红塔证券,a,cn
2024-04-30,000300,601238,广汽集团,a,cn
2024-04-30,000300,601288,农业银行,a,cn
2024-04-30,000300,601318,中国平安,a,cn
2024-04-30,000300,601319,中国人保,a,cn
2024-04-30,000300,601328,交通银行,a,cn
2024-04-30,000300,601336,新华保险,a,cn
2024-04-30,000300,601360,三六零,a,cn
2024-04-30,000300,601377,兴业证券,a,cn
2024-04-30,000300,601390,中国中铁,a,cn
2024-04-30,000300,601398,工商银行,a,cn
2024-04-30,000300,601600,中国铝业,a,cn
2024-04-30,000300,601601,中国太保,a,cn
2024-04-30,000300,601607,上海医药,a,cn
2024-04-30,000300,601615,明阳智能,a,cn
2024-04-30,000300,601618,中国中冶,a,cn
2024-04-30,000300,601628,中国人寿,a,cn
2024-04-30,000300,601633,长城汽车,a,cn
2024-04-30,000300,601658,邮储银行,a,cn
2024-04-30,000300,601668,中国建筑,a,cn
2024-04-30,000300,601669,中国电建,a,cn
2024-04-30,000300,601688,华泰证券,a,cn
2024-04-30,000300,601689,拓普集团,a,cn
2024-04-30,000300,601698,中国卫通,a,cn
2024-04-30,000300,601699,潞安环能,a,cn
2024-04-30,000300,601728,中国电信,a,cn
2024-04-30,000300,601766,中国中车,a,cn
2024-04-30,000300,601788,光大证券,a,cn
2024-04-30,000300,601799,星宇股份,a,cn
2024-04-30,000300,601800,中国交建,a,cn
2024-04-30,000300,601808,中海油服,a,cn
2024-04-30,000300,601816,京沪高铁,a,cn
2024-04-30,000300,601818,光大银行,a,cn
2024-04-30,000300,601838,成都银行,a,cn
2024-04-30,000300,601857,中国石油,a,cn
2024-04-30,000300,601865,福莱特,a,cn
2024-04-30,000300,601868,中国能建,a,cn
2024-04-30,000300,601872,招商轮船,a,cn
2024-04-30,000300,601877,正泰电器,a,cn
2024-04-30,000300,601878,浙商证券,a,cn
2024-04-30,000300,601881,中国银河,a,cn
2024-04-30,000300,601888,中国中免,a,cn
2024-04-30,000300,601898,中煤能源,a,cn
2024-04-30,000300,601899,紫金矿业,a,cn
2024-04-30,000300,601901,方正证券,a,cn
2024-04-30,000300,601916,浙商银行,a,cn
2024-04-30,000300,601919,中远海控,a,cn
2024-04-30,000300,601939,建设银行,a,cn
2024-04-30,000300,601985,中国核电,a,cn
2024-04-30,000300,601988,中国银行,a,cn
2024-04-30,000300,601989,中国重工,a,cn
2024-04-30,000300,601995,中金公司,a,cn
2024-04-30,000300,601998,中信银行,a,cn
2024-04-30,000300,603019,中科曙光,a,cn
2024-04-30,000300,603195,公牛集团,a,cn
2024-04-30,000300,603259,药明康德,a,cn
2024-04-30,000300,603260,合盛硅业,a,cn
2024-04-30,000300,603288,海天味业,a,cn
2024-04-30,000300,603290,斯达半导,a,cn
2024-04-30,000300,603369,今世缘,a,cn
2024-04-30,000300,603392,万泰生物,a,cn
2024-04-30,000300,603486,科沃斯,a,cn
2024-04-30,000300,603501,豪威集团,a,cn
2024-04-30,000300,603659,璞泰来,a,cn
2024-04-30,000300,603799,华友钴业,a,cn
2024-04-30,000300,603806,福斯特,a,cn
2024-04-30,000300,603833,欧派家居,a,cn
2024-04-30,000300,603899,晨光股份,a,cn
2024-04-30,000300,603986,兆易创新,a,cn
2024-04-30,000300,603993,洛阳钼业,a,cn
2024-04-30,000300,605117,德业股份,a,cn
2024-04-30,000300,605499,东鹏饮料,a,cn
2024-04-30,000300,688008,澜起科技,a,cn
2024-04-30,000300,688012,中微公司,a,cn
2024-04-30,000300,688036,传音控股,a,cn
2024-04-30,000300,688041,海光信息,a,cn
2024-04-30,000300,688065,凯赛生物,a,cn
2024-04-30,000300,688111,金山办公,a,cn
2024-04-30,000300,688126,沪硅产业,a,cn
2024-04-30,000300,688187,时代电气,a,cn
2024-04-30,000300,688223,晶科能源,a,cn
2024-04-30,000300,688256,寒武纪,a,cn
2024-04-30,000300,688271,联影医疗,a,cn
2024-04-30,000300,688303,大全能源,a,cn
2024-04-30,000300,688363,华熙生物,a,cn
2024-04-30,000300,688396,华润微,a,cn
2024-04-30,000300,688561,奇安信,a,cn
2024-04-30,000300,688599,天合光能,a,cn
2024-04-30,000300,688981,中芯国际,a,cn
2024-05-31,000300,000001,平安银行,a,cn
2024-05-31,000300,000002,万科A,a,cn
2024-05-31,000300,000063,中兴通讯,a,cn
2024-05-31,000300,000069,华侨城A,a,cn
2024-05-31,000300,000100,TCL科技,a,cn
2024-05-31,000300,000157,中联重科,a,cn
2024-05-31,000300,000166,申万宏源,a,cn
2024-05-31,000300,000301,东方盛虹,a,cn
2024-05-31,000300,000333,美的集团,a,cn
2024-05-31,000300,000338,潍柴动力,a,cn
2024-05-31,000300,000408,藏格矿业,a,cn
2024-05-31,000300,000425,徐工机械,a,cn
2024-05-31,000300,000538,云南白药,a,cn
2024-05-31,000300,000568,泸州老窖,a,cn
2024-05-31,000300,000596,古井贡酒,a,cn
2024-05-31,000300,000617,中油资本,a,cn
2024-05-31,000300,000625,长安汽车,a,cn
2024-05-31,000300,000651,格力电器,a,cn
2024-05-31,000300,000661,长春高新,a,cn
2024-05-31,000300,000708,中信特钢,a,cn
2024-05-31,000300,000725,京东方A,a,cn
2024-05-31,000300,000733,振华科技,a,cn
2024-05-31,000300,000768,中航西飞,a,cn
2024-05-31,000300,000776,广发证券,a,cn
2024-05-31,000300,000786,北新建材,a,cn
2024-05-31,000300,000792,盐湖股份,a,cn
2024-05-31,000300,000800,一汽解放,a,cn
2024-05-31,000300,000858,五粮液,a,cn
2024-05-31,000300,000876,新希望,a,cn
2024-05-31,000300,000877,天山股份,a,cn
2024-05-31,000300,000895,双汇发展,a,cn
2024-05-31,000300,000938,紫光股份,a,cn
2024-05-31,000300,000963,华东医药,a,cn
2024-05-31,000300,000977,浪潮信息,a,cn
2024-05-31,000300,000983,山西焦煤,a,cn
2024-05-31,000300,000999,华润三九,a,cn
2024-05-31,000300,001289,龙源电力,a,cn
2024-05-31,000300,001979,招商蛇口,a,cn
2024-05-31,000300,002001,新和成,a,cn
2024-05-31,000300,002007,华兰生物,a,cn
2024-05-31,000300,002027,分众传媒,a,cn
2024-05-31,000300,002049,紫光国微,a,cn
2024-05-31,000300,002050,三花智控,a,cn
2024-05-31,000300,002074,国轩高科,a,cn
2024-05-31,000300,002129,TCL中环,a,cn
2024-05-31,000300,002142,宁波银行,a,cn
2024-05-31,000300,002179,中航光电,a,cn
2024-05-31,000300,002180,奔图科技,a,cn
2024-05-31,000300,002202,金风科技,a,cn
2024-05-31,000300,002230,科大讯飞,a,cn
2024-05-31,000300,002236,大华股份,a,cn
2024-05-31,000300,002241,歌尔股份,a,cn
2024-05-31,000300,002252,上海莱士,a,cn
2024-05-31,000300,002271,东方雨虹,a,cn
2024-05-31,000300,002304,洋河股份,a,cn
2024-05-31,000300,002311,海大集团,a,cn
2024-05-31,000300,002352,顺丰控股,a,cn
2024-05-31,000300,002371,北方华创,a,cn
2024-05-31,000300,002410,广联达,a,cn
2024-05-31,000300,002415,海康威视,a,cn
2024-05-31,000300,002459,晶澳科技,a,cn
2024-05-31,000300,002460,赣锋锂业,a,cn
2024-05-31,000300,002466,天齐锂业,a,cn
2024-05-31,000300,002475,立讯精密,a,cn
2024-05-31,000300,002493,荣盛石化,a,cn
2024-05-31,000300,002555,三七互娱,a,cn
2024-05-31,000300,002594,比亚迪,a,cn
2024-05-31,000300,002601,龙佰集团,a,cn
2024-05-31,000300,002603,以岭药业,a,cn
2024-05-31,000300,002648,卫星化学,a,cn
2024-05-31,000300,002709,天赐材料,a,cn
2024-05-31,000300,002714,牧原股份,a,cn
2024-05-31,000300,002736,国信证券,a,cn
2024-05-31,000300,002812,恩捷股份,a,cn
2024-05-31,000300,002821,凯莱英,a,cn
2024-05-31,000300,002841,视源股份,a,cn
2024-05-31,000300,002916,深南电路,a,cn
2024-05-31,000300,002920,德赛西威,a,cn
2024-05-31,000300,002938,鹏鼎控股,a,cn
2024-05-31,000300,003816,中国广核,a,cn
2024-05-31,000300,300014,亿纬锂能,a,cn
2024-05-31,000300,300015,爱尔眼科,a,cn
2024-05-31,000300,300033,同花顺,a,cn
2024-05-31,000300,300059,东方财富,a,cn
2024-05-31,000300,300122,智飞生物,a,cn
2024-05-31,000300,300124,汇川技术,a,cn
2024-05-31,000300,300142,沃森生物,a,cn
2024-05-31,000300,300223,北京君正,a,cn
2024-05-31,000300,300274,阳光电源,a,cn
2024-05-31,000300,300308,中际旭创,a,cn
2024-05-31,000300,300316,晶盛机电,a,cn
2024-05-31,000300,300347,泰格医药,a,cn
2024-05-31,000300,300408,三环集团,a,cn
2024-05-31,000300,300413,芒果超媒,a,cn
2024-05-31,000300,300433,蓝思科技,a,cn
2024-05-31,000300,300450,先导智能,a,cn
2024-05-31,000300,300454,深信服,a,cn
2024-05-31,000300,300496,中科创达,a,cn
2024-05-31,000300,300498,温氏股份,a,cn
2024-05-31,000300,300628,亿联网络,a,cn
2024-05-31,000300,300661,圣邦股份,a,cn
2024-05-31,000300,300750,宁德时代,a,cn
2024-05-31,000300,300751,迈为股份,a,cn
2024-05-31,000300,300759,康龙化成,a,cn
2024-05-31,000300,300760,迈瑞医疗,a,cn
2024-05-31,000300,300763,锦浪科技,a,cn
2024-05-31,000300,300782,卓胜微,a,cn
2024-05-31,000300,300896,爱美客,a,cn
2024-05-31,000300,300919,中伟新材,a,cn
2024-05-31,000300,300957,贝泰妮,a,cn
2024-05-31,000300,300979,华利集团,a,cn
2024-05-31,000300,300999,金龙鱼,a,cn
2024-05-31,000300,301269,华大九天,a,cn
2024-05-31,000300,600000,浦发银行,a,cn
2024-05-31,000300,600009,上海机场,a,cn
2024-05-31,000300,600010,包钢股份,a,cn
2024-05-31,000300,600011,华能国际,a,cn
2024-05-31,000300,600015,华夏银行,a,cn
2024-05-31,000300,600016,民生银行,a,cn
2024-05-31,000300,600018,上港集团,a,cn
2024-05-31,000300,600019,宝钢股份,a,cn
2024-05-31,000300,600023,浙能电力,a,cn
2024-05-31,000300,600025,华能水电,a,cn
2024-05-31,000300,600028,中国石化,a,cn
2024-05-31,000300,600029,南方航空,a,cn
2024-05-31,000300,600030,中信证券,a,cn
2024-05-31,000300,600031,三一重工,a,cn
2024-05-31,000300,600036,招商银行,a,cn
2024-05-31,000300,600039,四川路桥,a,cn
2024-05-31,000300,600048,保利发展,a,cn
2024-05-31,000300,600050,中国联通,a,cn
2024-05-31,000300,600061,国投资本,a,cn
2024-05-31,000300,600085,同仁堂,a,cn
2024-05-31,000300,600089,特变电工,a,cn
2024-05-31,000300,600104,上汽集团,a,cn
2024-05-31,000300,600111,北方稀土,a,cn
2024-05-31,000300,600115,中国东航,a,cn
2024-05-31,000300,600132,重庆啤酒,a,cn
2024-05-31,000300,600150,中国船舶,a,cn
2024-05-31,000300,600176,中国巨石,a,cn
2024-05-31,000300,600183,生益科技,a,cn
2024-05-31,000300,600188,兖矿能源,a,cn
2024-05-31,000300,600196,复星医药,a,cn
2024-05-31,000300,600219,南山铝业,a,cn
2024-05-31,000300,600233,圆通速递,a,cn
2024-05-31,000300,600276,恒瑞医药,a,cn
2024-05-31,000300,600309,万华化学,a,cn
2024-05-31,000300,600332,白云山,a,cn
2024-05-31,000300,600346,恒力石化,a,cn
2024-05-31,000300,600362,江西铜业,a,cn
2024-05-31,000300,600372,中航机载,a,cn
2024-05-31,000300,600406,国电南瑞,a,cn
2024-05-31,000300,600426,华鲁恒升,a,cn
2024-05-31,000300,600436,片仔癀,a,cn
2024-05-31,000300,600438,通威股份,a,cn
2024-05-31,000300,600460,士兰微,a,cn
2024-05-31,000300,600489,中金黄金,a,cn
2024-05-31,000300,600515,海南机场,a,cn
2024-05-31,000300,600519,贵州茅台,a,cn
2024-05-31,000300,600547,山东黄金,a,cn
2024-05-31,000300,600570,恒生电子,a,cn
2024-05-31,000300,600584,长电科技,a,cn
2024-05-31,000300,600585,海螺水泥,a,cn
2024-05-31,000300,600588,用友网络,a,cn
2024-05-31,000300,600600,青岛啤酒,a,cn
2024-05-31,000300,600606,绿地控股,a,cn
2024-05-31,000300,600660,福耀玻璃,a,cn
2024-05-31,000300,600674,川投能源,a,cn
2024-05-31,000300,600690,海尔智家,a,cn
2024-05-31,000300,600732,爱旭股份,a,cn
2024-05-31,000300,600741,华域汽车,a,cn
2024-05-31,000300,600745,*ST闻泰,a,cn
2024-05-31,000300,600754,锦江酒店,a,cn
2024-05-31,000300,600760,中航沈飞,a,cn
2024-05-31,000300,600795,国电电力,a,cn
2024-05-31,000300,600803,新奥股份,a,cn
2024-05-31,000300,600809,山西汾酒,a,cn
2024-05-31,000300,600837,海通证券,a,cn
2024-05-31,000300,600845,宝信软件,a,cn
2024-05-31,000300,600875,东方电气,a,cn
2024-05-31,000300,600886,国投电力,a,cn
2024-05-31,000300,600887,伊利股份,a,cn
2024-05-31,000300,600893,航发动力,a,cn
2024-05-31,000300,600900,长江电力,a,cn
2024-05-31,000300,600905,三峡能源,a,cn
2024-05-31,000300,600918,中泰证券,a,cn
2024-05-31,000300,600919,江苏银行,a,cn
2024-05-31,000300,600926,杭州银行,a,cn
2024-05-31,000300,600938,中国海油,a,cn
2024-05-31,000300,600941,中国移动,a,cn
2024-05-31,000300,600958,东方证券,a,cn
2024-05-31,000300,600989,宝丰能源,a,cn
2024-05-31,000300,600999,招商证券,a,cn
2024-05-31,000300,601006,大秦铁路,a,cn
2024-05-31,000300,601009,南京银行,a,cn
2024-05-31,000300,601012,隆基绿能,a,cn
2024-05-31,000300,601021,春秋航空,a,cn
2024-05-31,000300,601059,信达证券,a,cn
2024-05-31,000300,601066,中信建投,a,cn
2024-05-31,000300,601088,中国神华,a,cn
2024-05-31,000300,601100,恒立液压,a,cn
2024-05-31,000300,601111,中国国航,a,cn
2024-05-31,000300,601117,中国化学,a,cn
2024-05-31,000300,601138,工业富联,a,cn
2024-05-31,000300,601155,新城控股,a,cn
2024-05-31,000300,601166,兴业银行,a,cn
2024-05-31,000300,601169,北京银行,a,cn
2024-05-31,000300,601186,中国铁建,a,cn
2024-05-31,000300,601211,国泰海通,a,cn
2024-05-31,000300,601225,陕西煤业,a,cn
2024-05-31,000300,601229,上海银行,a,cn
2024-05-31,000300,601236,红塔证券,a,cn
2024-05-31,000300,601238,广汽集团,a,cn
2024-05-31,000300,601288,农业银行,a,cn
2024-05-31,000300,601318,中国平安,a,cn
2024-05-31,000300,601319,中国人保,a,cn
2024-05-31,000300,601328,交通银行,a,cn
2024-05-31,000300,601336,新华保险,a,cn
2024-05-31,000300,601360,三六零,a,cn
2024-05-31,000300,601377,兴业证券,a,cn
2024-05-31,000300,601390,中国中铁,a,cn
2024-05-31,000300,601398,工商银行,a,cn
2024-05-31,000300,601600,中国铝业,a,cn
2024-05-31,000300,601601,中国太保,a,cn
2024-05-31,000300,601607,上海医药,a,cn
2024-05-31,000300,601615,明阳智能,a,cn
2024-05-31,000300,601618,中国中冶,a,cn
2024-05-31,000300,601628,中国人寿,a,cn
2024-05-31,000300,601633,长城汽车,a,cn
2024-05-31,000300,601658,邮储银行,a,cn
2024-05-31,000300,601668,中国建筑,a,cn
2024-05-31,000300,601669,中国电建,a,cn
2024-05-31,000300,601688,华泰证券,a,cn
2024-05-31,000300,601689,拓普集团,a,cn
2024-05-31,000300,601698,中国卫通,a,cn
2024-05-31,000300,601699,潞安环能,a,cn
2024-05-31,000300,601728,中国电信,a,cn
2024-05-31,000300,601766,中国中车,a,cn
2024-05-31,000300,601788,光大证券,a,cn
2024-05-31,000300,601799,星宇股份,a,cn
2024-05-31,000300,601800,中国交建,a,cn
2024-05-31,000300,601808,中海油服,a,cn
2024-05-31,000300,601816,京沪高铁,a,cn
2024-05-31,000300,601818,光大银行,a,cn
2024-05-31,000300,601838,成都银行,a,cn
2024-05-31,000300,601857,中国石油,a,cn
2024-05-31,000300,601865,福莱特,a,cn
2024-05-31,000300,601868,中国能建,a,cn
2024-05-31,000300,601872,招商轮船,a,cn
2024-05-31,000300,601877,正泰电器,a,cn
2024-05-31,000300,601878,浙商证券,a,cn
2024-05-31,000300,601881,中国银河,a,cn
2024-05-31,000300,601888,中国中免,a,cn
2024-05-31,000300,601898,中煤能源,a,cn
2024-05-31,000300,601899,紫金矿业,a,cn
2024-05-31,000300,601901,方正证券,a,cn
2024-05-31,000300,601916,浙商银行,a,cn
2024-05-31,000300,601919,中远海控,a,cn
2024-05-31,000300,601939,建设银行,a,cn
2024-05-31,000300,601985,中国核电,a,cn
2024-05-31,000300,601988,中国银行,a,cn
2024-05-31,000300,601989,中国重工,a,cn
2024-05-31,000300,601995,中金公司,a,cn
2024-05-31,000300,601998,中信银行,a,cn
2024-05-31,000300,603019,中科曙光,a,cn
2024-05-31,000300,603195,公牛集团,a,cn
2024-05-31,000300,603259,药明康德,a,cn
2024-05-31,000300,603260,合盛硅业,a,cn
2024-05-31,000300,603288,海天味业,a,cn
2024-05-31,000300,603290,斯达半导,a,cn
2024-05-31,000300,603369,今世缘,a,cn
2024-05-31,000300,603392,万泰生物,a,cn
2024-05-31,000300,603486,科沃斯,a,cn
2024-05-31,000300,603501,豪威集团,a,cn
2024-05-31,000300,603659,璞泰来,a,cn
2024-05-31,000300,603799,华友钴业,a,cn
2024-05-31,000300,603806,福斯特,a,cn
2024-05-31,000300,603833,欧派家居,a,cn
2024-05-31,000300,603899,晨光股份,a,cn
2024-05-31,000300,603986,兆易创新,a,cn
2024-05-31,000300,603993,洛阳钼业,a,cn
2024-05-31,000300,605117,德业股份,a,cn
2024-05-31,000300,605499,东鹏饮料,a,cn
2024-05-31,000300,688008,澜起科技,a,cn
2024-05-31,000300,688012,中微公司,a,cn
2024-05-31,000300,688036,传音控股,a,cn
2024-05-31,000300,688041,海光信息,a,cn
2024-05-31,000300,688065,凯赛生物,a,cn
2024-05-31,000300,688111,金山办公,a,cn
2024-05-31,000300,688126,沪硅产业,a,cn
2024-05-31,000300,688187,时代电气,a,cn
2024-05-31,000300,688223,晶科能源,a,cn
2024-05-31,000300,688256,寒武纪,a,cn
2024-05-31,000300,688271,联影医疗,a,cn
2024-05-31,000300,688303,大全能源,a,cn
2024-05-31,000300,688363,华熙生物,a,cn
2024-05-31,000300,688396,华润微,a,cn
2024-05-31,000300,688561,奇安信,a,cn
2024-05-31,000300,688599,天合光能,a,cn
2024-05-31,000300,688981,中芯国际,a,cn
2024-06-28,000300,000001,平安银行,a,cn
2024-06-28,000300,000002,万科A,a,cn
2024-06-28,000300,000063,中兴通讯,a,cn
2024-06-28,000300,000100,TCL科技,a,cn
2024-06-28,000300,000157,中联重科,a,cn
2024-06-28,000300,000166,申万宏源,a,cn
2024-06-28,000300,000301,东方盛虹,a,cn
2024-06-28,000300,000333,美的集团,a,cn
2024-06-28,000300,000338,潍柴动力,a,cn
2024-06-28,000300,000408,藏格矿业,a,cn
2024-06-28,000300,000425,徐工机械,a,cn
2024-06-28,000300,000538,云南白药,a,cn
2024-06-28,000300,000568,泸州老窖,a,cn
2024-06-28,000300,000596,古井贡酒,a,cn
2024-06-28,000300,000617,中油资本,a,cn
2024-06-28,000300,000625,长安汽车,a,cn
2024-06-28,000300,000651,格力电器,a,cn
2024-06-28,000300,000661,长春高新,a,cn
2024-06-28,000300,000708,中信特钢,a,cn
2024-06-28,000300,000725,京东方A,a,cn
2024-06-28,000300,000733,振华科技,a,cn
2024-06-28,000300,000768,中航西飞,a,cn
2024-06-28,000300,000776,广发证券,a,cn
2024-06-28,000300,000786,北新建材,a,cn
2024-06-28,000300,000792,盐湖股份,a,cn
2024-06-28,000300,000800,一汽解放,a,cn
2024-06-28,000300,000807,云铝股份,a,cn
2024-06-28,000300,000858,五粮液,a,cn
2024-06-28,000300,000876,新希望,a,cn
2024-06-28,000300,000895,双汇发展,a,cn
2024-06-28,000300,000938,紫光股份,a,cn
2024-06-28,000300,000963,华东医药,a,cn
2024-06-28,000300,000977,浪潮信息,a,cn
2024-06-28,000300,000983,山西焦煤,a,cn
2024-06-28,000300,000999,华润三九,a,cn
2024-06-28,000300,001289,龙源电力,a,cn
2024-06-28,000300,001965,招商公路,a,cn
2024-06-28,000300,001979,招商蛇口,a,cn
2024-06-28,000300,002001,新和成,a,cn
2024-06-28,000300,002007,华兰生物,a,cn
2024-06-28,000300,002027,分众传媒,a,cn
2024-06-28,000300,002049,紫光国微,a,cn
2024-06-28,000300,002050,三花智控,a,cn
2024-06-28,000300,002074,国轩高科,a,cn
2024-06-28,000300,002129,TCL中环,a,cn
2024-06-28,000300,002142,宁波银行,a,cn
2024-06-28,000300,002179,中航光电,a,cn
2024-06-28,000300,002180,奔图科技,a,cn
2024-06-28,000300,002230,科大讯飞,a,cn
2024-06-28,000300,002236,大华股份,a,cn
2024-06-28,000300,002241,歌尔股份,a,cn
2024-06-28,000300,002252,上海莱士,a,cn
2024-06-28,000300,002271,东方雨虹,a,cn
2024-06-28,000300,002304,洋河股份,a,cn
2024-06-28,000300,002311,海大集团,a,cn
2024-06-28,000300,002352,顺丰控股,a,cn
2024-06-28,000300,002371,北方华创,a,cn
2024-06-28,000300,002410,广联达,a,cn
2024-06-28,000300,002415,海康威视,a,cn
2024-06-28,000300,002459,晶澳科技,a,cn
2024-06-28,000300,002460,赣锋锂业,a,cn
2024-06-28,000300,002466,天齐锂业,a,cn
2024-06-28,000300,002475,立讯精密,a,cn
2024-06-28,000300,002493,荣盛石化,a,cn
2024-06-28,000300,002555,三七互娱,a,cn
2024-06-28,000300,002594,比亚迪,a,cn
2024-06-28,000300,002601,龙佰集团,a,cn
2024-06-28,000300,002603,以岭药业,a,cn
2024-06-28,000300,002648,卫星化学,a,cn
2024-06-28,000300,002709,天赐材料,a,cn
2024-06-28,000300,002714,牧原股份,a,cn
2024-06-28,000300,002736,国信证券,a,cn
2024-06-28,000300,002812,恩捷股份,a,cn
2024-06-28,000300,002821,凯莱英,a,cn
2024-06-28,000300,002841,视源股份,a,cn
2024-06-28,000300,002916,深南电路,a,cn
2024-06-28,000300,002920,德赛西威,a,cn
2024-06-28,000300,002938,鹏鼎控股,a,cn
2024-06-28,000300,003816,中国广核,a,cn
2024-06-28,000300,300014,亿纬锂能,a,cn
2024-06-28,000300,300015,爱尔眼科,a,cn
2024-06-28,000300,300033,同花顺,a,cn
2024-06-28,000300,300059,东方财富,a,cn
2024-06-28,000300,300122,智飞生物,a,cn
2024-06-28,000300,300124,汇川技术,a,cn
2024-06-28,000300,300142,沃森生物,a,cn
2024-06-28,000300,300223,北京君正,a,cn
2024-06-28,000300,300274,阳光电源,a,cn
2024-06-28,000300,300308,中际旭创,a,cn
2024-06-28,000300,300316,晶盛机电,a,cn
2024-06-28,000300,300347,泰格医药,a,cn
2024-06-28,000300,300408,三环集团,a,cn
2024-06-28,000300,300413,芒果超媒,a,cn
2024-06-28,000300,300418,昆仑万维,a,cn
2024-06-28,000300,300433,蓝思科技,a,cn
2024-06-28,000300,300442,润泽科技,a,cn
2024-06-28,000300,300450,先导智能,a,cn
2024-06-28,000300,300454,深信服,a,cn
2024-06-28,000300,300496,中科创达,a,cn
2024-06-28,000300,300498,温氏股份,a,cn
2024-06-28,000300,300628,亿联网络,a,cn
2024-06-28,000300,300661,圣邦股份,a,cn
2024-06-28,000300,300750,宁德时代,a,cn
2024-06-28,000300,300751,迈为股份,a,cn
2024-06-28,000300,300759,康龙化成,a,cn
2024-06-28,000300,300760,迈瑞医疗,a,cn
2024-06-28,000300,300782,卓胜微,a,cn
2024-06-28,000300,300832,新产业,a,cn
2024-06-28,000300,300896,爱美客,a,cn
2024-06-28,000300,300919,中伟新材,a,cn
2024-06-28,000300,300957,贝泰妮,a,cn
2024-06-28,000300,300979,华利集团,a,cn
2024-06-28,000300,300999,金龙鱼,a,cn
2024-06-28,000300,301269,华大九天,a,cn
2024-06-28,000300,600000,浦发银行,a,cn
2024-06-28,000300,600009,上海机场,a,cn
2024-06-28,000300,600010,包钢股份,a,cn
2024-06-28,000300,600011,华能国际,a,cn
2024-06-28,000300,600015,华夏银行,a,cn
2024-06-28,000300,600016,民生银行,a,cn
2024-06-28,000300,600018,上港集团,a,cn
2024-06-28,000300,600019,宝钢股份,a,cn
2024-06-28,000300,600023,浙能电力,a,cn
2024-06-28,000300,600025,华能水电,a,cn
2024-06-28,000300,600026,中远海能,a,cn
2024-06-28,000300,600027,华电国际,a,cn
2024-06-28,000300,600028,中国石化,a,cn
2024-06-28,000300,600029,南方航空,a,cn
2024-06-28,000300,600030,中信证券,a,cn
2024-06-28,000300,600031,三一重工,a,cn
2024-06-28,000300,600036,招商银行,a,cn
2024-06-28,000300,600039,四川路桥,a,cn
2024-06-28,000300,600048,保利发展,a,cn
2024-06-28,000300,600050,中国联通,a,cn
2024-06-28,000300,600061,国投资本,a,cn
2024-06-28,000300,600085,同仁堂,a,cn
2024-06-28,000300,600089,特变电工,a,cn
2024-06-28,000300,600104,上汽集团,a,cn
2024-06-28,000300,600111,北方稀土,a,cn
2024-06-28,000300,600115,中国东航,a,cn
2024-06-28,000300,600132,重庆啤酒,a,cn
2024-06-28,000300,600150,中国船舶,a,cn
2024-06-28,000300,600161,天坛生物,a,cn
2024-06-28,000300,600176,中国巨石,a,cn
2024-06-28,000300,600183,生益科技,a,cn
2024-06-28,000300,600188,兖矿能源,a,cn
2024-06-28,000300,600196,复星医药,a,cn
2024-06-28,000300,600219,南山铝业,a,cn
2024-06-28,000300,600233,圆通速递,a,cn
2024-06-28,000300,600276,恒瑞医药,a,cn
2024-06-28,000300,600309,万华化学,a,cn
2024-06-28,000300,600332,白云山,a,cn
2024-06-28,000300,600346,恒力石化,a,cn
2024-06-28,000300,600362,江西铜业,a,cn
2024-06-28,000300,600372,中航机载,a,cn
2024-06-28,000300,600406,国电南瑞,a,cn
2024-06-28,000300,600415,小商品城,a,cn
2024-06-28,000300,600426,华鲁恒升,a,cn
2024-06-28,000300,600436,片仔癀,a,cn
2024-06-28,000300,600438,通威股份,a,cn
2024-06-28,000300,600460,士兰微,a,cn
2024-06-28,000300,600489,中金黄金,a,cn
2024-06-28,000300,600515,海南机场,a,cn
2024-06-28,000300,600519,贵州茅台,a,cn
2024-06-28,000300,600547,山东黄金,a,cn
2024-06-28,000300,600570,恒生电子,a,cn
2024-06-28,000300,600584,长电科技,a,cn
2024-06-28,000300,600585,海螺水泥,a,cn
2024-06-28,000300,600588,用友网络,a,cn
2024-06-28,000300,600600,青岛啤酒,a,cn
2024-06-28,000300,600660,福耀玻璃,a,cn
2024-06-28,000300,600674,川投能源,a,cn
2024-06-28,000300,600690,海尔智家,a,cn
2024-06-28,000300,600732,爱旭股份,a,cn
2024-06-28,000300,600741,华域汽车,a,cn
2024-06-28,000300,600745,*ST闻泰,a,cn
2024-06-28,000300,600760,中航沈飞,a,cn
2024-06-28,000300,600795,国电电力,a,cn
2024-06-28,000300,600803,新奥股份,a,cn
2024-06-28,000300,600809,山西汾酒,a,cn
2024-06-28,000300,600837,海通证券,a,cn
2024-06-28,000300,600845,宝信软件,a,cn
2024-06-28,000300,600875,东方电气,a,cn
2024-06-28,000300,600886,国投电力,a,cn
2024-06-28,000300,600887,伊利股份,a,cn
2024-06-28,000300,600893,航发动力,a,cn
2024-06-28,000300,600900,长江电力,a,cn
2024-06-28,000300,600905,三峡能源,a,cn
2024-06-28,000300,600918,中泰证券,a,cn
2024-06-28,000300,600919,江苏银行,a,cn
2024-06-28,000300,600926,杭州银行,a,cn
2024-06-28,000300,600938,中国海油,a,cn
2024-06-28,000300,600941,中国移动,a,cn
2024-06-28,000300,600958,东方证券,a,cn
2024-06-28,000300,600989,宝丰能源,a,cn
2024-06-28,000300,600999,招商证券,a,cn
2024-06-28,000300,601006,大秦铁路,a,cn
2024-06-28,000300,601009,南京银行,a,cn
2024-06-28,000300,601012,隆基绿能,a,cn
2024-06-28,000300,601021,春秋航空,a,cn
2024-06-28,000300,601059,信达证券,a,cn
2024-06-28,000300,601066,中信建投,a,cn
2024-06-28,000300,601088,中国神华,a,cn
2024-06-28,000300,601100,恒立液压,a,cn
2024-06-28,000300,601111,中国国航,a,cn
2024-06-28,000300,601117,中国化学,a,cn
2024-06-28,000300,601138,工业富联,a,cn
2024-06-28,000300,601166,兴业银行,a,cn
2024-06-28,000300,601169,北京银行,a,cn
2024-06-28,000300,601186,中国铁建,a,cn
2024-06-28,000300,601211,国泰海通,a,cn
2024-06-28,000300,601225,陕西煤业,a,cn
2024-06-28,000300,601229,上海银行,a,cn
2024-06-28,000300,601236,红塔证券,a,cn
2024-06-28,000300,601238,广汽集团,a,cn
2024-06-28,000300,601288,农业银行,a,cn
2024-06-28,000300,601318,中国平安,a,cn
2024-06-28,000300,601319,中国人保,a,cn
2024-06-28,000300,601328,交通银行,a,cn
2024-06-28,000300,601336,新华保险,a,cn
2024-06-28,000300,601360,三六零,a,cn
2024-06-28,000300,601377,兴业证券,a,cn
2024-06-28,000300,601390,中国中铁,a,cn
2024-06-28,000300,601398,工商银行,a,cn
2024-06-28,000300,601600,中国铝业,a,cn
2024-06-28,000300,601601,中国太保,a,cn
2024-06-28,000300,601607,上海医药,a,cn
2024-06-28,000300,601618,中国中冶,a,cn
2024-06-28,000300,601628,中国人寿,a,cn
2024-06-28,000300,601633,长城汽车,a,cn
2024-06-28,000300,601658,邮储银行,a,cn
2024-06-28,000300,601668,中国建筑,a,cn
2024-06-28,000300,601669,中国电建,a,cn
2024-06-28,000300,601688,华泰证券,a,cn
2024-06-28,000300,601689,拓普集团,a,cn
2024-06-28,000300,601698,中国卫通,a,cn
2024-06-28,000300,601699,潞安环能,a,cn
2024-06-28,000300,601728,中国电信,a,cn
2024-06-28,000300,601766,中国中车,a,cn
2024-06-28,000300,601788,光大证券,a,cn
2024-06-28,000300,601799,星宇股份,a,cn
2024-06-28,000300,601800,中国交建,a,cn
2024-06-28,000300,601808,中海油服,a,cn
2024-06-28,000300,601816,京沪高铁,a,cn
2024-06-28,000300,601818,光大银行,a,cn
2024-06-28,000300,601838,成都银行,a,cn
2024-06-28,000300,601857,中国石油,a,cn
2024-06-28,000300,601865,福莱特,a,cn
2024-06-28,000300,601868,中国能建,a,cn
2024-06-28,000300,601872,招商轮船,a,cn
2024-06-28,000300,601877,正泰电器,a,cn
2024-06-28,000300,601878,浙商证券,a,cn
2024-06-28,000300,601881,中国银河,a,cn
2024-06-28,000300,601888,中国中免,a,cn
2024-06-28,000300,601898,中煤能源,a,cn
2024-06-28,000300,601899,紫金矿业,a,cn
2024-06-28,000300,601901,方正证券,a,cn
2024-06-28,000300,601916,浙商银行,a,cn
2024-06-28,000300,601919,中远海控,a,cn
2024-06-28,000300,601939,建设银行,a,cn
2024-06-28,000300,601985,中国核电,a,cn
2024-06-28,000300,601988,中国银行,a,cn
2024-06-28,000300,601989,中国重工,a,cn
2024-06-28,000300,601995,中金公司,a,cn
2024-06-28,000300,601998,中信银行,a,cn
2024-06-28,000300,603019,中科曙光,a,cn
2024-06-28,000300,603195,公牛集团,a,cn
2024-06-28,000300,603259,药明康德,a,cn
2024-06-28,000300,603260,合盛硅业,a,cn
2024-06-28,000300,603288,海天味业,a,cn
2024-06-28,000300,603296,华勤技术,a,cn
2024-06-28,000300,603369,今世缘,a,cn
2024-06-28,000300,603392,万泰生物,a,cn
2024-06-28,000300,603501,豪威集团,a,cn
2024-06-28,000300,603659,璞泰来,a,cn
2024-06-28,000300,603799,华友钴业,a,cn
2024-06-28,000300,603806,福斯特,a,cn
2024-06-28,000300,603833,欧派家居,a,cn
2024-06-28,000300,603899,晨光股份,a,cn
2024-06-28,000300,603986,兆易创新,a,cn
2024-06-28,000300,603993,洛阳钼业,a,cn
2024-06-28,000300,605117,德业股份,a,cn
2024-06-28,000300,605499,东鹏饮料,a,cn
2024-06-28,000300,688008,澜起科技,a,cn
2024-06-28,000300,688009,中国通号,a,cn
2024-06-28,000300,688012,中微公司,a,cn
2024-06-28,000300,688036,传音控股,a,cn
2024-06-28,000300,688041,海光信息,a,cn
2024-06-28,000300,688082,盛美上海,a,cn
2024-06-28,000300,688111,金山办公,a,cn
2024-06-28,000300,688126,沪硅产业,a,cn
2024-06-28,000300,688187,时代电气,a,cn
2024-06-28,000300,688223,晶科能源,a,cn
2024-06-28,000300,688256,寒武纪,a,cn
2024-06-28,000300,688271,联影医疗,a,cn
2024-06-28,000300,688303,大全能源,a,cn
2024-06-28,000300,688363,华熙生物,a,cn
2024-06-28,000300,688396,华润微,a,cn
2024-06-28,000300,688599,天合光能,a,cn
2024-06-28,000300,688981,中芯国际,a,cn
2024-07-31,000300,000001,平安银行,a,cn
2024-07-31,000300,000002,万科A,a,cn
2024-07-31,000300,000063,中兴通讯,a,cn
2024-07-31,000300,000100,TCL科技,a,cn
2024-07-31,000300,000157,中联重科,a,cn
2024-07-31,000300,000166,申万宏源,a,cn
2024-07-31,000300,000301,东方盛虹,a,cn
2024-07-31,000300,000333,美的集团,a,cn
2024-07-31,000300,000338,潍柴动力,a,cn
2024-07-31,000300,000408,藏格矿业,a,cn
2024-07-31,000300,000425,徐工机械,a,cn
2024-07-31,000300,000538,云南白药,a,cn
2024-07-31,000300,000568,泸州老窖,a,cn
2024-07-31,000300,000596,古井贡酒,a,cn
2024-07-31,000300,000617,中油资本,a,cn
2024-07-31,000300,000625,长安汽车,a,cn
2024-07-31,000300,000651,格力电器,a,cn
2024-07-31,000300,000661,长春高新,a,cn
2024-07-31,000300,000708,中信特钢,a,cn
2024-07-31,000300,000725,京东方A,a,cn
2024-07-31,000300,000733,振华科技,a,cn
2024-07-31,000300,000768,中航西飞,a,cn
2024-07-31,000300,000776,广发证券,a,cn
2024-07-31,000300,000786,北新建材,a,cn
2024-07-31,000300,000792,盐湖股份,a,cn
2024-07-31,000300,000800,一汽解放,a,cn
2024-07-31,000300,000807,云铝股份,a,cn
2024-07-31,000300,000858,五粮液,a,cn
2024-07-31,000300,000876,新希望,a,cn
2024-07-31,000300,000895,双汇发展,a,cn
2024-07-31,000300,000938,紫光股份,a,cn
2024-07-31,000300,000963,华东医药,a,cn
2024-07-31,000300,000977,浪潮信息,a,cn
2024-07-31,000300,000983,山西焦煤,a,cn
2024-07-31,000300,000999,华润三九,a,cn
2024-07-31,000300,001289,龙源电力,a,cn
2024-07-31,000300,001965,招商公路,a,cn
2024-07-31,000300,001979,招商蛇口,a,cn
2024-07-31,000300,002001,新和成,a,cn
2024-07-31,000300,002007,华兰生物,a,cn
2024-07-31,000300,002027,分众传媒,a,cn
2024-07-31,000300,002049,紫光国微,a,cn
2024-07-31,000300,002050,三花智控,a,cn
2024-07-31,000300,002074,国轩高科,a,cn
2024-07-31,000300,002129,TCL中环,a,cn
2024-07-31,000300,002142,宁波银行,a,cn
2024-07-31,000300,002179,中航光电,a,cn
2024-07-31,000300,002180,奔图科技,a,cn
2024-07-31,000300,002230,科大讯飞,a,cn
2024-07-31,000300,002236,大华股份,a,cn
2024-07-31,000300,002241,歌尔股份,a,cn
2024-07-31,000300,002252,上海莱士,a,cn
2024-07-31,000300,002271,东方雨虹,a,cn
2024-07-31,000300,002304,洋河股份,a,cn
2024-07-31,000300,002311,海大集团,a,cn
2024-07-31,000300,002352,顺丰控股,a,cn
2024-07-31,000300,002371,北方华创,a,cn
2024-07-31,000300,002410,广联达,a,cn
2024-07-31,000300,002415,海康威视,a,cn
2024-07-31,000300,002459,晶澳科技,a,cn
2024-07-31,000300,002460,赣锋锂业,a,cn
2024-07-31,000300,002466,天齐锂业,a,cn
2024-07-31,000300,002475,立讯精密,a,cn
2024-07-31,000300,002493,荣盛石化,a,cn
2024-07-31,000300,002555,三七互娱,a,cn
2024-07-31,000300,002594,比亚迪,a,cn
2024-07-31,000300,002601,龙佰集团,a,cn
2024-07-31,000300,002603,以岭药业,a,cn
2024-07-31,000300,002648,卫星化学,a,cn
2024-07-31,000300,002709,天赐材料,a,cn
2024-07-31,000300,002714,牧原股份,a,cn
2024-07-31,000300,002736,国信证券,a,cn
2024-07-31,000300,002812,恩捷股份,a,cn
2024-07-31,000300,002821,凯莱英,a,cn
2024-07-31,000300,002841,视源股份,a,cn
2024-07-31,000300,002916,深南电路,a,cn
2024-07-31,000300,002920,德赛西威,a,cn
2024-07-31,000300,002938,鹏鼎控股,a,cn
2024-07-31,000300,003816,中国广核,a,cn
2024-07-31,000300,300014,亿纬锂能,a,cn
2024-07-31,000300,300015,爱尔眼科,a,cn
2024-07-31,000300,300033,同花顺,a,cn
2024-07-31,000300,300059,东方财富,a,cn
2024-07-31,000300,300122,智飞生物,a,cn
2024-07-31,000300,300124,汇川技术,a,cn
2024-07-31,000300,300142,沃森生物,a,cn
2024-07-31,000300,300223,北京君正,a,cn
2024-07-31,000300,300274,阳光电源,a,cn
2024-07-31,000300,300308,中际旭创,a,cn
2024-07-31,000300,300316,晶盛机电,a,cn
2024-07-31,000300,300347,泰格医药,a,cn
2024-07-31,000300,300408,三环集团,a,cn
2024-07-31,000300,300413,芒果超媒,a,cn
2024-07-31,000300,300418,昆仑万维,a,cn
2024-07-31,000300,300433,蓝思科技,a,cn
2024-07-31,000300,300442,润泽科技,a,cn
2024-07-31,000300,300450,先导智能,a,cn
2024-07-31,000300,300454,深信服,a,cn
2024-07-31,000300,300496,中科创达,a,cn
2024-07-31,000300,300498,温氏股份,a,cn
2024-07-31,000300,300628,亿联网络,a,cn
2024-07-31,000300,300661,圣邦股份,a,cn
2024-07-31,000300,300750,宁德时代,a,cn
2024-07-31,000300,300751,迈为股份,a,cn
2024-07-31,000300,300759,康龙化成,a,cn
2024-07-31,000300,300760,迈瑞医疗,a,cn
2024-07-31,000300,300782,卓胜微,a,cn
2024-07-31,000300,300832,新产业,a,cn
2024-07-31,000300,300896,爱美客,a,cn
2024-07-31,000300,300919,中伟新材,a,cn
2024-07-31,000300,300957,贝泰妮,a,cn
2024-07-31,000300,300979,华利集团,a,cn
2024-07-31,000300,300999,金龙鱼,a,cn
2024-07-31,000300,301269,华大九天,a,cn
2024-07-31,000300,600000,浦发银行,a,cn
2024-07-31,000300,600009,上海机场,a,cn
2024-07-31,000300,600010,包钢股份,a,cn
2024-07-31,000300,600011,华能国际,a,cn
2024-07-31,000300,600015,华夏银行,a,cn
2024-07-31,000300,600016,民生银行,a,cn
2024-07-31,000300,600018,上港集团,a,cn
2024-07-31,000300,600019,宝钢股份,a,cn
2024-07-31,000300,600023,浙能电力,a,cn
2024-07-31,000300,600025,华能水电,a,cn
2024-07-31,000300,600026,中远海能,a,cn
2024-07-31,000300,600027,华电国际,a,cn
2024-07-31,000300,600028,中国石化,a,cn
2024-07-31,000300,600029,南方航空,a,cn
2024-07-31,000300,600030,中信证券,a,cn
2024-07-31,000300,600031,三一重工,a,cn
2024-07-31,000300,600036,招商银行,a,cn
2024-07-31,000300,600039,四川路桥,a,cn
2024-07-31,000300,600048,保利发展,a,cn
2024-07-31,000300,600050,中国联通,a,cn
2024-07-31,000300,600061,国投资本,a,cn
2024-07-31,000300,600085,同仁堂,a,cn
2024-07-31,000300,600089,特变电工,a,cn
2024-07-31,000300,600104,上汽集团,a,cn
2024-07-31,000300,600111,北方稀土,a,cn
2024-07-31,000300,600115,中国东航,a,cn
2024-07-31,000300,600132,重庆啤酒,a,cn
2024-07-31,000300,600150,中国船舶,a,cn
2024-07-31,000300,600161,天坛生物,a,cn
2024-07-31,000300,600176,中国巨石,a,cn
2024-07-31,000300,600183,生益科技,a,cn
2024-07-31,000300,600188,兖矿能源,a,cn
2024-07-31,000300,600196,复星医药,a,cn
2024-07-31,000300,600219,南山铝业,a,cn
2024-07-31,000300,600233,圆通速递,a,cn
2024-07-31,000300,600276,恒瑞医药,a,cn
2024-07-31,000300,600309,万华化学,a,cn
2024-07-31,000300,600332,白云山,a,cn
2024-07-31,000300,600346,恒力石化,a,cn
2024-07-31,000300,600362,江西铜业,a,cn
2024-07-31,000300,600372,中航机载,a,cn
2024-07-31,000300,600406,国电南瑞,a,cn
2024-07-31,000300,600415,小商品城,a,cn
2024-07-31,000300,600426,华鲁恒升,a,cn
2024-07-31,000300,600436,片仔癀,a,cn
2024-07-31,000300,600438,通威股份,a,cn
2024-07-31,000300,600460,士兰微,a,cn
2024-07-31,000300,600489,中金黄金,a,cn
2024-07-31,000300,600515,海南机场,a,cn
2024-07-31,000300,600519,贵州茅台,a,cn
2024-07-31,000300,600547,山东黄金,a,cn
2024-07-31,000300,600570,恒生电子,a,cn
2024-07-31,000300,600584,长电科技,a,cn
2024-07-31,000300,600585,海螺水泥,a,cn
2024-07-31,000300,600588,用友网络,a,cn
2024-07-31,000300,600600,青岛啤酒,a,cn
2024-07-31,000300,600660,福耀玻璃,a,cn
2024-07-31,000300,600674,川投能源,a,cn
2024-07-31,000300,600690,海尔智家,a,cn
2024-07-31,000300,600732,爱旭股份,a,cn
2024-07-31,000300,600741,华域汽车,a,cn
2024-07-31,000300,600745,*ST闻泰,a,cn
2024-07-31,000300,600760,中航沈飞,a,cn
2024-07-31,000300,600795,国电电力,a,cn
2024-07-31,000300,600803,新奥股份,a,cn
2024-07-31,000300,600809,山西汾酒,a,cn
2024-07-31,000300,600837,海通证券,a,cn
2024-07-31,000300,600845,宝信软件,a,cn
2024-07-31,000300,600875,东方电气,a,cn
2024-07-31,000300,600886,国投电力,a,cn
2024-07-31,000300,600887,伊利股份,a,cn
2024-07-31,000300,600893,航发动力,a,cn
2024-07-31,000300,600900,长江电力,a,cn
2024-07-31,000300,600905,三峡能源,a,cn
2024-07-31,000300,600918,中泰证券,a,cn
2024-07-31,000300,600919,江苏银行,a,cn
2024-07-31,000300,600926,杭州银行,a,cn
2024-07-31,000300,600938,中国海油,a,cn
2024-07-31,000300,600941,中国移动,a,cn
2024-07-31,000300,600958,东方证券,a,cn
2024-07-31,000300,600989,宝丰能源,a,cn
2024-07-31,000300,600999,招商证券,a,cn
2024-07-31,000300,601006,大秦铁路,a,cn
2024-07-31,000300,601009,南京银行,a,cn
2024-07-31,000300,601012,隆基绿能,a,cn
2024-07-31,000300,601021,春秋航空,a,cn
2024-07-31,000300,601059,信达证券,a,cn
2024-07-31,000300,601066,中信建投,a,cn
2024-07-31,000300,601088,中国神华,a,cn
2024-07-31,000300,601100,恒立液压,a,cn
2024-07-31,000300,601111,中国国航,a,cn
2024-07-31,000300,601117,中国化学,a,cn
2024-07-31,000300,601138,工业富联,a,cn
2024-07-31,000300,601166,兴业银行,a,cn
2024-07-31,000300,601169,北京银行,a,cn
2024-07-31,000300,601186,中国铁建,a,cn
2024-07-31,000300,601211,国泰海通,a,cn
2024-07-31,000300,601225,陕西煤业,a,cn
2024-07-31,000300,601229,上海银行,a,cn
2024-07-31,000300,601236,红塔证券,a,cn
2024-07-31,000300,601238,广汽集团,a,cn
2024-07-31,000300,601288,农业银行,a,cn
2024-07-31,000300,601318,中国平安,a,cn
2024-07-31,000300,601319,中国人保,a,cn
2024-07-31,000300,601328,交通银行,a,cn
2024-07-31,000300,601336,新华保险,a,cn
2024-07-31,000300,601360,三六零,a,cn
2024-07-31,000300,601377,兴业证券,a,cn
2024-07-31,000300,601390,中国中铁,a,cn
2024-07-31,000300,601398,工商银行,a,cn
2024-07-31,000300,601600,中国铝业,a,cn
2024-07-31,000300,601601,中国太保,a,cn
2024-07-31,000300,601607,上海医药,a,cn
2024-07-31,000300,601618,中国中冶,a,cn
2024-07-31,000300,601628,中国人寿,a,cn
2024-07-31,000300,601633,长城汽车,a,cn
2024-07-31,000300,601658,邮储银行,a,cn
2024-07-31,000300,601668,中国建筑,a,cn
2024-07-31,000300,601669,中国电建,a,cn
2024-07-31,000300,601688,华泰证券,a,cn
2024-07-31,000300,601689,拓普集团,a,cn
2024-07-31,000300,601698,中国卫通,a,cn
2024-07-31,000300,601699,潞安环能,a,cn
2024-07-31,000300,601728,中国电信,a,cn
2024-07-31,000300,601766,中国中车,a,cn
2024-07-31,000300,601788,光大证券,a,cn
2024-07-31,000300,601799,星宇股份,a,cn
2024-07-31,000300,601800,中国交建,a,cn
2024-07-31,000300,601808,中海油服,a,cn
2024-07-31,000300,601816,京沪高铁,a,cn
2024-07-31,000300,601818,光大银行,a,cn
2024-07-31,000300,601838,成都银行,a,cn
2024-07-31,000300,601857,中国石油,a,cn
2024-07-31,000300,601865,福莱特,a,cn
2024-07-31,000300,601868,中国能建,a,cn
2024-07-31,000300,601872,招商轮船,a,cn
2024-07-31,000300,601877,正泰电器,a,cn
2024-07-31,000300,601878,浙商证券,a,cn
2024-07-31,000300,601881,中国银河,a,cn
2024-07-31,000300,601888,中国中免,a,cn
2024-07-31,000300,601898,中煤能源,a,cn
2024-07-31,000300,601899,紫金矿业,a,cn
2024-07-31,000300,601901,方正证券,a,cn
2024-07-31,000300,601916,浙商银行,a,cn
2024-07-31,000300,601919,中远海控,a,cn
2024-07-31,000300,601939,建设银行,a,cn
2024-07-31,000300,601985,中国核电,a,cn
2024-07-31,000300,601988,中国银行,a,cn
2024-07-31,000300,601989,中国重工,a,cn
2024-07-31,000300,601995,中金公司,a,cn
2024-07-31,000300,601998,中信银行,a,cn
2024-07-31,000300,603019,中科曙光,a,cn
2024-07-31,000300,603195,公牛集团,a,cn
2024-07-31,000300,603259,药明康德,a,cn
2024-07-31,000300,603260,合盛硅业,a,cn
2024-07-31,000300,603288,海天味业,a,cn
2024-07-31,000300,603296,华勤技术,a,cn
2024-07-31,000300,603369,今世缘,a,cn
2024-07-31,000300,603392,万泰生物,a,cn
2024-07-31,000300,603501,豪威集团,a,cn
2024-07-31,000300,603659,璞泰来,a,cn
2024-07-31,000300,603799,华友钴业,a,cn
2024-07-31,000300,603806,福斯特,a,cn
2024-07-31,000300,603833,欧派家居,a,cn
2024-07-31,000300,603899,晨光股份,a,cn
2024-07-31,000300,603986,兆易创新,a,cn
2024-07-31,000300,603993,洛阳钼业,a,cn
2024-07-31,000300,605117,德业股份,a,cn
2024-07-31,000300,605499,东鹏饮料,a,cn
2024-07-31,000300,688008,澜起科技,a,cn
2024-07-31,000300,688009,中国通号,a,cn
2024-07-31,000300,688012,中微公司,a,cn
2024-07-31,000300,688036,传音控股,a,cn
2024-07-31,000300,688041,海光信息,a,cn
2024-07-31,000300,688082,盛美上海,a,cn
2024-07-31,000300,688111,金山办公,a,cn
2024-07-31,000300,688126,沪硅产业,a,cn
2024-07-31,000300,688187,时代电气,a,cn
2024-07-31,000300,688223,晶科能源,a,cn
2024-07-31,000300,688256,寒武纪,a,cn
2024-07-31,000300,688271,联影医疗,a,cn
2024-07-31,000300,688303,大全能源,a,cn
2024-07-31,000300,688363,华熙生物,a,cn
2024-07-31,000300,688396,华润微,a,cn
2024-07-31,000300,688599,天合光能,a,cn
2024-07-31,000300,688981,中芯国际,a,cn
2024-08-30,000300,000001,平安银行,a,cn
2024-08-30,000300,000002,万科A,a,cn
2024-08-30,000300,000063,中兴通讯,a,cn
2024-08-30,000300,000100,TCL科技,a,cn
2024-08-30,000300,000157,中联重科,a,cn
2024-08-30,000300,000166,申万宏源,a,cn
2024-08-30,000300,000301,东方盛虹,a,cn
2024-08-30,000300,000333,美的集团,a,cn
2024-08-30,000300,000338,潍柴动力,a,cn
2024-08-30,000300,000408,藏格矿业,a,cn
2024-08-30,000300,000425,徐工机械,a,cn
2024-08-30,000300,000538,云南白药,a,cn
2024-08-30,000300,000568,泸州老窖,a,cn
2024-08-30,000300,000596,古井贡酒,a,cn
2024-08-30,000300,000617,中油资本,a,cn
2024-08-30,000300,000625,长安汽车,a,cn
2024-08-30,000300,000651,格力电器,a,cn
2024-08-30,000300,000661,长春高新,a,cn
2024-08-30,000300,000708,中信特钢,a,cn
2024-08-30,000300,000725,京东方A,a,cn
2024-08-30,000300,000733,振华科技,a,cn
2024-08-30,000300,000768,中航西飞,a,cn
2024-08-30,000300,000776,广发证券,a,cn
2024-08-30,000300,000786,北新建材,a,cn
2024-08-30,000300,000792,盐湖股份,a,cn
2024-08-30,000300,000800,一汽解放,a,cn
2024-08-30,000300,000807,云铝股份,a,cn
2024-08-30,000300,000858,五粮液,a,cn
2024-08-30,000300,000876,新希望,a,cn
2024-08-30,000300,000895,双汇发展,a,cn
2024-08-30,000300,000938,紫光股份,a,cn
2024-08-30,000300,000963,华东医药,a,cn
2024-08-30,000300,000977,浪潮信息,a,cn
2024-08-30,000300,000983,山西焦煤,a,cn
2024-08-30,000300,000999,华润三九,a,cn
2024-08-30,000300,001289,龙源电力,a,cn
2024-08-30,000300,001965,招商公路,a,cn
2024-08-30,000300,001979,招商蛇口,a,cn
2024-08-30,000300,002001,新和成,a,cn
2024-08-30,000300,002007,华兰生物,a,cn
2024-08-30,000300,002027,分众传媒,a,cn
2024-08-30,000300,002049,紫光国微,a,cn
2024-08-30,000300,002050,三花智控,a,cn
2024-08-30,000300,002074,国轩高科,a,cn
2024-08-30,000300,002129,TCL中环,a,cn
2024-08-30,000300,002142,宁波银行,a,cn
2024-08-30,000300,002179,中航光电,a,cn
2024-08-30,000300,002180,奔图科技,a,cn
2024-08-30,000300,002230,科大讯飞,a,cn
2024-08-30,000300,002236,大华股份,a,cn
2024-08-30,000300,002241,歌尔股份,a,cn
2024-08-30,000300,002252,上海莱士,a,cn
2024-08-30,000300,002271,东方雨虹,a,cn
2024-08-30,000300,002304,洋河股份,a,cn
2024-08-30,000300,002311,海大集团,a,cn
2024-08-30,000300,002352,顺丰控股,a,cn
2024-08-30,000300,002371,北方华创,a,cn
2024-08-30,000300,002410,广联达,a,cn
2024-08-30,000300,002415,海康威视,a,cn
2024-08-30,000300,002459,晶澳科技,a,cn
2024-08-30,000300,002460,赣锋锂业,a,cn
2024-08-30,000300,002466,天齐锂业,a,cn
2024-08-30,000300,002475,立讯精密,a,cn
2024-08-30,000300,002493,荣盛石化,a,cn
2024-08-30,000300,002555,三七互娱,a,cn
2024-08-30,000300,002594,比亚迪,a,cn
2024-08-30,000300,002601,龙佰集团,a,cn
2024-08-30,000300,002603,以岭药业,a,cn
2024-08-30,000300,002648,卫星化学,a,cn
2024-08-30,000300,002709,天赐材料,a,cn
2024-08-30,000300,002714,牧原股份,a,cn
2024-08-30,000300,002736,国信证券,a,cn
2024-08-30,000300,002812,恩捷股份,a,cn
2024-08-30,000300,002821,凯莱英,a,cn
2024-08-30,000300,002841,视源股份,a,cn
2024-08-30,000300,002916,深南电路,a,cn
2024-08-30,000300,002920,德赛西威,a,cn
2024-08-30,000300,002938,鹏鼎控股,a,cn
2024-08-30,000300,003816,中国广核,a,cn
2024-08-30,000300,300014,亿纬锂能,a,cn
2024-08-30,000300,300015,爱尔眼科,a,cn
2024-08-30,000300,300033,同花顺,a,cn
2024-08-30,000300,300059,东方财富,a,cn
2024-08-30,000300,300122,智飞生物,a,cn
2024-08-30,000300,300124,汇川技术,a,cn
2024-08-30,000300,300142,沃森生物,a,cn
2024-08-30,000300,300223,北京君正,a,cn
2024-08-30,000300,300274,阳光电源,a,cn
2024-08-30,000300,300308,中际旭创,a,cn
2024-08-30,000300,300316,晶盛机电,a,cn
2024-08-30,000300,300347,泰格医药,a,cn
2024-08-30,000300,300408,三环集团,a,cn
2024-08-30,000300,300413,芒果超媒,a,cn
2024-08-30,000300,300418,昆仑万维,a,cn
2024-08-30,000300,300433,蓝思科技,a,cn
2024-08-30,000300,300442,润泽科技,a,cn
2024-08-30,000300,300450,先导智能,a,cn
2024-08-30,000300,300454,深信服,a,cn
2024-08-30,000300,300496,中科创达,a,cn
2024-08-30,000300,300498,温氏股份,a,cn
2024-08-30,000300,300628,亿联网络,a,cn
2024-08-30,000300,300661,圣邦股份,a,cn
2024-08-30,000300,300750,宁德时代,a,cn
2024-08-30,000300,300751,迈为股份,a,cn
2024-08-30,000300,300759,康龙化成,a,cn
2024-08-30,000300,300760,迈瑞医疗,a,cn
2024-08-30,000300,300782,卓胜微,a,cn
2024-08-30,000300,300832,新产业,a,cn
2024-08-30,000300,300896,爱美客,a,cn
2024-08-30,000300,300919,中伟新材,a,cn
2024-08-30,000300,300957,贝泰妮,a,cn
2024-08-30,000300,300979,华利集团,a,cn
2024-08-30,000300,300999,金龙鱼,a,cn
2024-08-30,000300,301269,华大九天,a,cn
2024-08-30,000300,600000,浦发银行,a,cn
2024-08-30,000300,600009,上海机场,a,cn
2024-08-30,000300,600010,包钢股份,a,cn
2024-08-30,000300,600011,华能国际,a,cn
2024-08-30,000300,600015,华夏银行,a,cn
2024-08-30,000300,600016,民生银行,a,cn
2024-08-30,000300,600018,上港集团,a,cn
2024-08-30,000300,600019,宝钢股份,a,cn
2024-08-30,000300,600023,浙能电力,a,cn
2024-08-30,000300,600025,华能水电,a,cn
2024-08-30,000300,600026,中远海能,a,cn
2024-08-30,000300,600027,华电国际,a,cn
2024-08-30,000300,600028,中国石化,a,cn
2024-08-30,000300,600029,南方航空,a,cn
2024-08-30,000300,600030,中信证券,a,cn
2024-08-30,000300,600031,三一重工,a,cn
2024-08-30,000300,600036,招商银行,a,cn
2024-08-30,000300,600039,四川路桥,a,cn
2024-08-30,000300,600048,保利发展,a,cn
2024-08-30,000300,600050,中国联通,a,cn
2024-08-30,000300,600061,国投资本,a,cn
2024-08-30,000300,600085,同仁堂,a,cn
2024-08-30,000300,600089,特变电工,a,cn
2024-08-30,000300,600104,上汽集团,a,cn
2024-08-30,000300,600111,北方稀土,a,cn
2024-08-30,000300,600115,中国东航,a,cn
2024-08-30,000300,600132,重庆啤酒,a,cn
2024-08-30,000300,600150,中国船舶,a,cn
2024-08-30,000300,600161,天坛生物,a,cn
2024-08-30,000300,600176,中国巨石,a,cn
2024-08-30,000300,600183,生益科技,a,cn
2024-08-30,000300,600188,兖矿能源,a,cn
2024-08-30,000300,600196,复星医药,a,cn
2024-08-30,000300,600219,南山铝业,a,cn
2024-08-30,000300,600233,圆通速递,a,cn
2024-08-30,000300,600276,恒瑞医药,a,cn
2024-08-30,000300,600309,万华化学,a,cn
2024-08-30,000300,600332,白云山,a,cn
2024-08-30,000300,600346,恒力石化,a,cn
2024-08-30,000300,600362,江西铜业,a,cn
2024-08-30,000300,600372,中航机载,a,cn
2024-08-30,000300,600406,国电南瑞,a,cn
2024-08-30,000300,600415,小商品城,a,cn
2024-08-30,000300,600426,华鲁恒升,a,cn
2024-08-30,000300,600436,片仔癀,a,cn
2024-08-30,000300,600438,通威股份,a,cn
2024-08-30,000300,600460,士兰微,a,cn
2024-08-30,000300,600489,中金黄金,a,cn
2024-08-30,000300,600515,海南机场,a,cn
2024-08-30,000300,600519,贵州茅台,a,cn
2024-08-30,000300,600547,山东黄金,a,cn
2024-08-30,000300,600570,恒生电子,a,cn
2024-08-30,000300,600584,长电科技,a,cn
2024-08-30,000300,600585,海螺水泥,a,cn
2024-08-30,000300,600588,用友网络,a,cn
2024-08-30,000300,600600,青岛啤酒,a,cn
2024-08-30,000300,600660,福耀玻璃,a,cn
2024-08-30,000300,600674,川投能源,a,cn
2024-08-30,000300,600690,海尔智家,a,cn
2024-08-30,000300,600732,爱旭股份,a,cn
2024-08-30,000300,600741,华域汽车,a,cn
2024-08-30,000300,600745,*ST闻泰,a,cn
2024-08-30,000300,600760,中航沈飞,a,cn
2024-08-30,000300,600795,国电电力,a,cn
2024-08-30,000300,600803,新奥股份,a,cn
2024-08-30,000300,600809,山西汾酒,a,cn
2024-08-30,000300,600837,海通证券,a,cn
2024-08-30,000300,600845,宝信软件,a,cn
2024-08-30,000300,600875,东方电气,a,cn
2024-08-30,000300,600886,国投电力,a,cn
2024-08-30,000300,600887,伊利股份,a,cn
2024-08-30,000300,600893,航发动力,a,cn
2024-08-30,000300,600900,长江电力,a,cn
2024-08-30,000300,600905,三峡能源,a,cn
2024-08-30,000300,600918,中泰证券,a,cn
2024-08-30,000300,600919,江苏银行,a,cn
2024-08-30,000300,600926,杭州银行,a,cn
2024-08-30,000300,600938,中国海油,a,cn
2024-08-30,000300,600941,中国移动,a,cn
2024-08-30,000300,600958,东方证券,a,cn
2024-08-30,000300,600989,宝丰能源,a,cn
2024-08-30,000300,600999,招商证券,a,cn
2024-08-30,000300,601006,大秦铁路,a,cn
2024-08-30,000300,601009,南京银行,a,cn
2024-08-30,000300,601012,隆基绿能,a,cn
2024-08-30,000300,601021,春秋航空,a,cn
2024-08-30,000300,601059,信达证券,a,cn
2024-08-30,000300,601066,中信建投,a,cn
2024-08-30,000300,601088,中国神华,a,cn
2024-08-30,000300,601100,恒立液压,a,cn
2024-08-30,000300,601111,中国国航,a,cn
2024-08-30,000300,601117,中国化学,a,cn
2024-08-30,000300,601138,工业富联,a,cn
2024-08-30,000300,601166,兴业银行,a,cn
2024-08-30,000300,601169,北京银行,a,cn
2024-08-30,000300,601186,中国铁建,a,cn
2024-08-30,000300,601211,国泰海通,a,cn
2024-08-30,000300,601225,陕西煤业,a,cn
2024-08-30,000300,601229,上海银行,a,cn
2024-08-30,000300,601236,红塔证券,a,cn
2024-08-30,000300,601238,广汽集团,a,cn
2024-08-30,000300,601288,农业银行,a,cn
2024-08-30,000300,601318,中国平安,a,cn
2024-08-30,000300,601319,中国人保,a,cn
2024-08-30,000300,601328,交通银行,a,cn
2024-08-30,000300,601336,新华保险,a,cn
2024-08-30,000300,601360,三六零,a,cn
2024-08-30,000300,601377,兴业证券,a,cn
2024-08-30,000300,601390,中国中铁,a,cn
2024-08-30,000300,601398,工商银行,a,cn
2024-08-30,000300,601600,中国铝业,a,cn
2024-08-30,000300,601601,中国太保,a,cn
2024-08-30,000300,601607,上海医药,a,cn
2024-08-30,000300,601618,中国中冶,a,cn
2024-08-30,000300,601628,中国人寿,a,cn
2024-08-30,000300,601633,长城汽车,a,cn
2024-08-30,000300,601658,邮储银行,a,cn
2024-08-30,000300,601668,中国建筑,a,cn
2024-08-30,000300,601669,中国电建,a,cn
2024-08-30,000300,601688,华泰证券,a,cn
2024-08-30,000300,601689,拓普集团,a,cn
2024-08-30,000300,601698,中国卫通,a,cn
2024-08-30,000300,601699,潞安环能,a,cn
2024-08-30,000300,601728,中国电信,a,cn
2024-08-30,000300,601766,中国中车,a,cn
2024-08-30,000300,601788,光大证券,a,cn
2024-08-30,000300,601799,星宇股份,a,cn
2024-08-30,000300,601800,中国交建,a,cn
2024-08-30,000300,601808,中海油服,a,cn
2024-08-30,000300,601816,京沪高铁,a,cn
2024-08-30,000300,601818,光大银行,a,cn
2024-08-30,000300,601838,成都银行,a,cn
2024-08-30,000300,601857,中国石油,a,cn
2024-08-30,000300,601865,福莱特,a,cn
2024-08-30,000300,601868,中国能建,a,cn
2024-08-30,000300,601872,招商轮船,a,cn
2024-08-30,000300,601877,正泰电器,a,cn
2024-08-30,000300,601878,浙商证券,a,cn
2024-08-30,000300,601881,中国银河,a,cn
2024-08-30,000300,601888,中国中免,a,cn
2024-08-30,000300,601898,中煤能源,a,cn
2024-08-30,000300,601899,紫金矿业,a,cn
2024-08-30,000300,601901,方正证券,a,cn
2024-08-30,000300,601916,浙商银行,a,cn
2024-08-30,000300,601919,中远海控,a,cn
2024-08-30,000300,601939,建设银行,a,cn
2024-08-30,000300,601985,中国核电,a,cn
2024-08-30,000300,601988,中国银行,a,cn
2024-08-30,000300,601989,中国重工,a,cn
2024-08-30,000300,601995,中金公司,a,cn
2024-08-30,000300,601998,中信银行,a,cn
2024-08-30,000300,603019,中科曙光,a,cn
2024-08-30,000300,603195,公牛集团,a,cn
2024-08-30,000300,603259,药明康德,a,cn
2024-08-30,000300,603260,合盛硅业,a,cn
2024-08-30,000300,603288,海天味业,a,cn
2024-08-30,000300,603296,华勤技术,a,cn
2024-08-30,000300,603369,今世缘,a,cn
2024-08-30,000300,603392,万泰生物,a,cn
2024-08-30,000300,603501,豪威集团,a,cn
2024-08-30,000300,603659,璞泰来,a,cn
2024-08-30,000300,603799,华友钴业,a,cn
2024-08-30,000300,603806,福斯特,a,cn
2024-08-30,000300,603833,欧派家居,a,cn
2024-08-30,000300,603899,晨光股份,a,cn
2024-08-30,000300,603986,兆易创新,a,cn
2024-08-30,000300,603993,洛阳钼业,a,cn
2024-08-30,000300,605117,德业股份,a,cn
2024-08-30,000300,605499,东鹏饮料,a,cn
2024-08-30,000300,688008,澜起科技,a,cn
2024-08-30,000300,688009,中国通号,a,cn
2024-08-30,000300,688012,中微公司,a,cn
2024-08-30,000300,688036,传音控股,a,cn
2024-08-30,000300,688041,海光信息,a,cn
2024-08-30,000300,688082,盛美上海,a,cn
2024-08-30,000300,688111,金山办公,a,cn
2024-08-30,000300,688126,沪硅产业,a,cn
2024-08-30,000300,688187,时代电气,a,cn
2024-08-30,000300,688223,晶科能源,a,cn
2024-08-30,000300,688256,寒武纪,a,cn
2024-08-30,000300,688271,联影医疗,a,cn
2024-08-30,000300,688303,大全能源,a,cn
2024-08-30,000300,688363,华熙生物,a,cn
2024-08-30,000300,688396,华润微,a,cn
2024-08-30,000300,688599,天合光能,a,cn
2024-08-30,000300,688981,中芯国际,a,cn
2024-09-30,000300,000001,平安银行,a,cn
2024-09-30,000300,000002,万科A,a,cn
2024-09-30,000300,000063,中兴通讯,a,cn
2024-09-30,000300,000100,TCL科技,a,cn
2024-09-30,000300,000157,中联重科,a,cn
2024-09-30,000300,000166,申万宏源,a,cn
2024-09-30,000300,000301,东方盛虹,a,cn
2024-09-30,000300,000333,美的集团,a,cn
2024-09-30,000300,000338,潍柴动力,a,cn
2024-09-30,000300,000408,藏格矿业,a,cn
2024-09-30,000300,000425,徐工机械,a,cn
2024-09-30,000300,000538,云南白药,a,cn
2024-09-30,000300,000568,泸州老窖,a,cn
2024-09-30,000300,000596,古井贡酒,a,cn
2024-09-30,000300,000617,中油资本,a,cn
2024-09-30,000300,000625,长安汽车,a,cn
2024-09-30,000300,000651,格力电器,a,cn
2024-09-30,000300,000661,长春高新,a,cn
2024-09-30,000300,000708,中信特钢,a,cn
2024-09-30,000300,000725,京东方A,a,cn
2024-09-30,000300,000733,振华科技,a,cn
2024-09-30,000300,000768,中航西飞,a,cn
2024-09-30,000300,000776,广发证券,a,cn
2024-09-30,000300,000786,北新建材,a,cn
2024-09-30,000300,000792,盐湖股份,a,cn
2024-09-30,000300,000800,一汽解放,a,cn
2024-09-30,000300,000807,云铝股份,a,cn
2024-09-30,000300,000858,五粮液,a,cn
2024-09-30,000300,000876,新希望,a,cn
2024-09-30,000300,000895,双汇发展,a,cn
2024-09-30,000300,000938,紫光股份,a,cn
2024-09-30,000300,000963,华东医药,a,cn
2024-09-30,000300,000977,浪潮信息,a,cn
2024-09-30,000300,000983,山西焦煤,a,cn
2024-09-30,000300,000999,华润三九,a,cn
2024-09-30,000300,001289,龙源电力,a,cn
2024-09-30,000300,001965,招商公路,a,cn
2024-09-30,000300,001979,招商蛇口,a,cn
2024-09-30,000300,002001,新和成,a,cn
2024-09-30,000300,002007,华兰生物,a,cn
2024-09-30,000300,002027,分众传媒,a,cn
2024-09-30,000300,002049,紫光国微,a,cn
2024-09-30,000300,002050,三花智控,a,cn
2024-09-30,000300,002074,国轩高科,a,cn
2024-09-30,000300,002129,TCL中环,a,cn
2024-09-30,000300,002142,宁波银行,a,cn
2024-09-30,000300,002179,中航光电,a,cn
2024-09-30,000300,002180,奔图科技,a,cn
2024-09-30,000300,002230,科大讯飞,a,cn
2024-09-30,000300,002236,大华股份,a,cn
2024-09-30,000300,002241,歌尔股份,a,cn
2024-09-30,000300,002252,上海莱士,a,cn
2024-09-30,000300,002271,东方雨虹,a,cn
2024-09-30,000300,002304,洋河股份,a,cn
2024-09-30,000300,002311,海大集团,a,cn
2024-09-30,000300,002352,顺丰控股,a,cn
2024-09-30,000300,002371,北方华创,a,cn
2024-09-30,000300,002410,广联达,a,cn
2024-09-30,000300,002415,海康威视,a,cn
2024-09-30,000300,002459,晶澳科技,a,cn
2024-09-30,000300,002460,赣锋锂业,a,cn
2024-09-30,000300,002466,天齐锂业,a,cn
2024-09-30,000300,002475,立讯精密,a,cn
2024-09-30,000300,002493,荣盛石化,a,cn
2024-09-30,000300,002555,三七互娱,a,cn
2024-09-30,000300,002594,比亚迪,a,cn
2024-09-30,000300,002601,龙佰集团,a,cn
2024-09-30,000300,002603,以岭药业,a,cn
2024-09-30,000300,002648,卫星化学,a,cn
2024-09-30,000300,002709,天赐材料,a,cn
2024-09-30,000300,002714,牧原股份,a,cn
2024-09-30,000300,002736,国信证券,a,cn
2024-09-30,000300,002812,恩捷股份,a,cn
2024-09-30,000300,002821,凯莱英,a,cn
2024-09-30,000300,002841,视源股份,a,cn
2024-09-30,000300,002916,深南电路,a,cn
2024-09-30,000300,002920,德赛西威,a,cn
2024-09-30,000300,002938,鹏鼎控股,a,cn
2024-09-30,000300,003816,中国广核,a,cn
2024-09-30,000300,300014,亿纬锂能,a,cn
2024-09-30,000300,300015,爱尔眼科,a,cn
2024-09-30,000300,300033,同花顺,a,cn
2024-09-30,000300,300059,东方财富,a,cn
2024-09-30,000300,300122,智飞生物,a,cn
2024-09-30,000300,300124,汇川技术,a,cn
2024-09-30,000300,300142,沃森生物,a,cn
2024-09-30,000300,300223,北京君正,a,cn
2024-09-30,000300,300274,阳光电源,a,cn
2024-09-30,000300,300308,中际旭创,a,cn
2024-09-30,000300,300316,晶盛机电,a,cn
2024-09-30,000300,300347,泰格医药,a,cn
2024-09-30,000300,300408,三环集团,a,cn
2024-09-30,000300,300413,芒果超媒,a,cn
2024-09-30,000300,300418,昆仑万维,a,cn
2024-09-30,000300,300433,蓝思科技,a,cn
2024-09-30,000300,300442,润泽科技,a,cn
2024-09-30,000300,300450,先导智能,a,cn
2024-09-30,000300,300454,深信服,a,cn
2024-09-30,000300,300496,中科创达,a,cn
2024-09-30,000300,300498,温氏股份,a,cn
2024-09-30,000300,300628,亿联网络,a,cn
2024-09-30,000300,300661,圣邦股份,a,cn
2024-09-30,000300,300750,宁德时代,a,cn
2024-09-30,000300,300751,迈为股份,a,cn
2024-09-30,000300,300759,康龙化成,a,cn
2024-09-30,000300,300760,迈瑞医疗,a,cn
2024-09-30,000300,300782,卓胜微,a,cn
2024-09-30,000300,300832,新产业,a,cn
2024-09-30,000300,300896,爱美客,a,cn
2024-09-30,000300,300919,中伟新材,a,cn
2024-09-30,000300,300957,贝泰妮,a,cn
2024-09-30,000300,300979,华利集团,a,cn
2024-09-30,000300,300999,金龙鱼,a,cn
2024-09-30,000300,301269,华大九天,a,cn
2024-09-30,000300,600000,浦发银行,a,cn
2024-09-30,000300,600009,上海机场,a,cn
2024-09-30,000300,600010,包钢股份,a,cn
2024-09-30,000300,600011,华能国际,a,cn
2024-09-30,000300,600015,华夏银行,a,cn
2024-09-30,000300,600016,民生银行,a,cn
2024-09-30,000300,600018,上港集团,a,cn
2024-09-30,000300,600019,宝钢股份,a,cn
2024-09-30,000300,600023,浙能电力,a,cn
2024-09-30,000300,600025,华能水电,a,cn
2024-09-30,000300,600026,中远海能,a,cn
2024-09-30,000300,600027,华电国际,a,cn
2024-09-30,000300,600028,中国石化,a,cn
2024-09-30,000300,600029,南方航空,a,cn
2024-09-30,000300,600030,中信证券,a,cn
2024-09-30,000300,600031,三一重工,a,cn
2024-09-30,000300,600036,招商银行,a,cn
2024-09-30,000300,600039,四川路桥,a,cn
2024-09-30,000300,600048,保利发展,a,cn
2024-09-30,000300,600050,中国联通,a,cn
2024-09-30,000300,600061,国投资本,a,cn
2024-09-30,000300,600085,同仁堂,a,cn
2024-09-30,000300,600089,特变电工,a,cn
2024-09-30,000300,600104,上汽集团,a,cn
2024-09-30,000300,600111,北方稀土,a,cn
2024-09-30,000300,600115,中国东航,a,cn
2024-09-30,000300,600132,重庆啤酒,a,cn
2024-09-30,000300,600150,中国船舶,a,cn
2024-09-30,000300,600161,天坛生物,a,cn
2024-09-30,000300,600176,中国巨石,a,cn
2024-09-30,000300,600183,生益科技,a,cn
2024-09-30,000300,600188,兖矿能源,a,cn
2024-09-30,000300,600196,复星医药,a,cn
2024-09-30,000300,600219,南山铝业,a,cn
2024-09-30,000300,600233,圆通速递,a,cn
2024-09-30,000300,600276,恒瑞医药,a,cn
2024-09-30,000300,600309,万华化学,a,cn
2024-09-30,000300,600332,白云山,a,cn
2024-09-30,000300,600346,恒力石化,a,cn
2024-09-30,000300,600362,江西铜业,a,cn
2024-09-30,000300,600372,中航机载,a,cn
2024-09-30,000300,600406,国电南瑞,a,cn
2024-09-30,000300,600415,小商品城,a,cn
2024-09-30,000300,600426,华鲁恒升,a,cn
2024-09-30,000300,600436,片仔癀,a,cn
2024-09-30,000300,600438,通威股份,a,cn
2024-09-30,000300,600460,士兰微,a,cn
2024-09-30,000300,600489,中金黄金,a,cn
2024-09-30,000300,600515,海南机场,a,cn
2024-09-30,000300,600519,贵州茅台,a,cn
2024-09-30,000300,600547,山东黄金,a,cn
2024-09-30,000300,600570,恒生电子,a,cn
2024-09-30,000300,600584,长电科技,a,cn
2024-09-30,000300,600585,海螺水泥,a,cn
2024-09-30,000300,600588,用友网络,a,cn
2024-09-30,000300,600600,青岛啤酒,a,cn
2024-09-30,000300,600660,福耀玻璃,a,cn
2024-09-30,000300,600674,川投能源,a,cn
2024-09-30,000300,600690,海尔智家,a,cn
2024-09-30,000300,600732,爱旭股份,a,cn
2024-09-30,000300,600741,华域汽车,a,cn
2024-09-30,000300,600745,*ST闻泰,a,cn
2024-09-30,000300,600760,中航沈飞,a,cn
2024-09-30,000300,600795,国电电力,a,cn
2024-09-30,000300,600803,新奥股份,a,cn
2024-09-30,000300,600809,山西汾酒,a,cn
2024-09-30,000300,600837,海通证券,a,cn
2024-09-30,000300,600845,宝信软件,a,cn
2024-09-30,000300,600875,东方电气,a,cn
2024-09-30,000300,600886,国投电力,a,cn
2024-09-30,000300,600887,伊利股份,a,cn
2024-09-30,000300,600893,航发动力,a,cn
2024-09-30,000300,600900,长江电力,a,cn
2024-09-30,000300,600905,三峡能源,a,cn
2024-09-30,000300,600918,中泰证券,a,cn
2024-09-30,000300,600919,江苏银行,a,cn
2024-09-30,000300,600926,杭州银行,a,cn
2024-09-30,000300,600938,中国海油,a,cn
2024-09-30,000300,600941,中国移动,a,cn
2024-09-30,000300,600958,东方证券,a,cn
2024-09-30,000300,600989,宝丰能源,a,cn
2024-09-30,000300,600999,招商证券,a,cn
2024-09-30,000300,601006,大秦铁路,a,cn
2024-09-30,000300,601009,南京银行,a,cn
2024-09-30,000300,601012,隆基绿能,a,cn
2024-09-30,000300,601021,春秋航空,a,cn
2024-09-30,000300,601059,信达证券,a,cn
2024-09-30,000300,601066,中信建投,a,cn
2024-09-30,000300,601088,中国神华,a,cn
2024-09-30,000300,601100,恒立液压,a,cn
2024-09-30,000300,601111,中国国航,a,cn
2024-09-30,000300,601117,中国化学,a,cn
2024-09-30,000300,601138,工业富联,a,cn
2024-09-30,000300,601166,兴业银行,a,cn
2024-09-30,000300,601169,北京银行,a,cn
2024-09-30,000300,601186,中国铁建,a,cn
2024-09-30,000300,601211,国泰海通,a,cn
2024-09-30,000300,601225,陕西煤业,a,cn
2024-09-30,000300,601229,上海银行,a,cn
2024-09-30,000300,601236,红塔证券,a,cn
2024-09-30,000300,601238,广汽集团,a,cn
2024-09-30,000300,601288,农业银行,a,cn
2024-09-30,000300,601318,中国平安,a,cn
2024-09-30,000300,601319,中国人保,a,cn
2024-09-30,000300,601328,交通银行,a,cn
2024-09-30,000300,601336,新华保险,a,cn
2024-09-30,000300,601360,三六零,a,cn
2024-09-30,000300,601377,兴业证券,a,cn
2024-09-30,000300,601390,中国中铁,a,cn
2024-09-30,000300,601398,工商银行,a,cn
2024-09-30,000300,601600,中国铝业,a,cn
2024-09-30,000300,601601,中国太保,a,cn
2024-09-30,000300,601607,上海医药,a,cn
2024-09-30,000300,601618,中国中冶,a,cn
2024-09-30,000300,601628,中国人寿,a,cn
2024-09-30,000300,601633,长城汽车,a,cn
2024-09-30,000300,601658,邮储银行,a,cn
2024-09-30,000300,601668,中国建筑,a,cn
2024-09-30,000300,601669,中国电建,a,cn
2024-09-30,000300,601688,华泰证券,a,cn
2024-09-30,000300,601689,拓普集团,a,cn
2024-09-30,000300,601698,中国卫通,a,cn
2024-09-30,000300,601699,潞安环能,a,cn
2024-09-30,000300,601728,中国电信,a,cn
2024-09-30,000300,601766,中国中车,a,cn
2024-09-30,000300,601788,光大证券,a,cn
2024-09-30,000300,601799,星宇股份,a,cn
2024-09-30,000300,601800,中国交建,a,cn
2024-09-30,000300,601808,中海油服,a,cn
2024-09-30,000300,601816,京沪高铁,a,cn
2024-09-30,000300,601818,光大银行,a,cn
2024-09-30,000300,601838,成都银行,a,cn
2024-09-30,000300,601857,中国石油,a,cn
2024-09-30,000300,601865,福莱特,a,cn
2024-09-30,000300,601868,中国能建,a,cn
2024-09-30,000300,601872,招商轮船,a,cn
2024-09-30,000300,601877,正泰电器,a,cn
2024-09-30,000300,601878,浙商证券,a,cn
2024-09-30,000300,601881,中国银河,a,cn
2024-09-30,000300,601888,中国中免,a,cn
2024-09-30,000300,601898,中煤能源,a,cn
2024-09-30,000300,601899,紫金矿业,a,cn
2024-09-30,000300,601901,方正证券,a,cn
2024-09-30,000300,601916,浙商银行,a,cn
2024-09-30,000300,601919,中远海控,a,cn
2024-09-30,000300,601939,建设银行,a,cn
2024-09-30,000300,601985,中国核电,a,cn
2024-09-30,000300,601988,中国银行,a,cn
2024-09-30,000300,601989,中国重工,a,cn
2024-09-30,000300,601995,中金公司,a,cn
2024-09-30,000300,601998,中信银行,a,cn
2024-09-30,000300,603019,中科曙光,a,cn
2024-09-30,000300,603195,公牛集团,a,cn
2024-09-30,000300,603259,药明康德,a,cn
2024-09-30,000300,603260,合盛硅业,a,cn
2024-09-30,000300,603288,海天味业,a,cn
2024-09-30,000300,603296,华勤技术,a,cn
2024-09-30,000300,603369,今世缘,a,cn
2024-09-30,000300,603392,万泰生物,a,cn
2024-09-30,000300,603501,豪威集团,a,cn
2024-09-30,000300,603659,璞泰来,a,cn
2024-09-30,000300,603799,华友钴业,a,cn
2024-09-30,000300,603806,福斯特,a,cn
2024-09-30,000300,603833,欧派家居,a,cn
2024-09-30,000300,603899,晨光股份,a,cn
2024-09-30,000300,603986,兆易创新,a,cn
2024-09-30,000300,603993,洛阳钼业,a,cn
2024-09-30,000300,605117,德业股份,a,cn
2024-09-30,000300,605499,东鹏饮料,a,cn
2024-09-30,000300,688008,澜起科技,a,cn
2024-09-30,000300,688009,中国通号,a,cn
2024-09-30,000300,688012,中微公司,a,cn
2024-09-30,000300,688036,传音控股,a,cn
2024-09-30,000300,688041,海光信息,a,cn
2024-09-30,000300,688082,盛美上海,a,cn
2024-09-30,000300,688111,金山办公,a,cn
2024-09-30,000300,688126,沪硅产业,a,cn
2024-09-30,000300,688187,时代电气,a,cn
2024-09-30,000300,688223,晶科能源,a,cn
2024-09-30,000300,688256,寒武纪,a,cn
2024-09-30,000300,688271,联影医疗,a,cn
2024-09-30,000300,688303,大全能源,a,cn
2024-09-30,000300,688363,华熙生物,a,cn
2024-09-30,000300,688396,华润微,a,cn
2024-09-30,000300,688599,天合光能,a,cn
2024-09-30,000300,688981,中芯国际,a,cn
2024-10-31,000300,000001,平安银行,a,cn
2024-10-31,000300,000002,万科A,a,cn
2024-10-31,000300,000063,中兴通讯,a,cn
2024-10-31,000300,000100,TCL科技,a,cn
2024-10-31,000300,000157,中联重科,a,cn
2024-10-31,000300,000166,申万宏源,a,cn
2024-10-31,000300,000301,东方盛虹,a,cn
2024-10-31,000300,000333,美的集团,a,cn
2024-10-31,000300,000338,潍柴动力,a,cn
2024-10-31,000300,000408,藏格矿业,a,cn
2024-10-31,000300,000425,徐工机械,a,cn
2024-10-31,000300,000538,云南白药,a,cn
2024-10-31,000300,000568,泸州老窖,a,cn
2024-10-31,000300,000596,古井贡酒,a,cn
2024-10-31,000300,000617,中油资本,a,cn
2024-10-31,000300,000625,长安汽车,a,cn
2024-10-31,000300,000651,格力电器,a,cn
2024-10-31,000300,000661,长春高新,a,cn
2024-10-31,000300,000708,中信特钢,a,cn
2024-10-31,000300,000725,京东方A,a,cn
2024-10-31,000300,000733,振华科技,a,cn
2024-10-31,000300,000768,中航西飞,a,cn
2024-10-31,000300,000776,广发证券,a,cn
2024-10-31,000300,000786,北新建材,a,cn
2024-10-31,000300,000792,盐湖股份,a,cn
2024-10-31,000300,000800,一汽解放,a,cn
2024-10-31,000300,000807,云铝股份,a,cn
2024-10-31,000300,000858,五粮液,a,cn
2024-10-31,000300,000876,新希望,a,cn
2024-10-31,000300,000895,双汇发展,a,cn
2024-10-31,000300,000938,紫光股份,a,cn
2024-10-31,000300,000963,华东医药,a,cn
2024-10-31,000300,000977,浪潮信息,a,cn
2024-10-31,000300,000983,山西焦煤,a,cn
2024-10-31,000300,000999,华润三九,a,cn
2024-10-31,000300,001289,龙源电力,a,cn
2024-10-31,000300,001965,招商公路,a,cn
2024-10-31,000300,001979,招商蛇口,a,cn
2024-10-31,000300,002001,新和成,a,cn
2024-10-31,000300,002007,华兰生物,a,cn
2024-10-31,000300,002027,分众传媒,a,cn
2024-10-31,000300,002049,紫光国微,a,cn
2024-10-31,000300,002050,三花智控,a,cn
2024-10-31,000300,002074,国轩高科,a,cn
2024-10-31,000300,002129,TCL中环,a,cn
2024-10-31,000300,002142,宁波银行,a,cn
2024-10-31,000300,002179,中航光电,a,cn
2024-10-31,000300,002180,奔图科技,a,cn
2024-10-31,000300,002230,科大讯飞,a,cn
2024-10-31,000300,002236,大华股份,a,cn
2024-10-31,000300,002241,歌尔股份,a,cn
2024-10-31,000300,002252,上海莱士,a,cn
2024-10-31,000300,002271,东方雨虹,a,cn
2024-10-31,000300,002304,洋河股份,a,cn
2024-10-31,000300,002311,海大集团,a,cn
2024-10-31,000300,002352,顺丰控股,a,cn
2024-10-31,000300,002371,北方华创,a,cn
2024-10-31,000300,002410,广联达,a,cn
2024-10-31,000300,002415,海康威视,a,cn
2024-10-31,000300,002459,晶澳科技,a,cn
2024-10-31,000300,002460,赣锋锂业,a,cn
2024-10-31,000300,002466,天齐锂业,a,cn
2024-10-31,000300,002475,立讯精密,a,cn
2024-10-31,000300,002493,荣盛石化,a,cn
2024-10-31,000300,002555,三七互娱,a,cn
2024-10-31,000300,002594,比亚迪,a,cn
2024-10-31,000300,002601,龙佰集团,a,cn
2024-10-31,000300,002603,以岭药业,a,cn
2024-10-31,000300,002648,卫星化学,a,cn
2024-10-31,000300,002709,天赐材料,a,cn
2024-10-31,000300,002714,牧原股份,a,cn
2024-10-31,000300,002736,国信证券,a,cn
2024-10-31,000300,002812,恩捷股份,a,cn
2024-10-31,000300,002821,凯莱英,a,cn
2024-10-31,000300,002841,视源股份,a,cn
2024-10-31,000300,002916,深南电路,a,cn
2024-10-31,000300,002920,德赛西威,a,cn
2024-10-31,000300,002938,鹏鼎控股,a,cn
2024-10-31,000300,003816,中国广核,a,cn
2024-10-31,000300,300014,亿纬锂能,a,cn
2024-10-31,000300,300015,爱尔眼科,a,cn
2024-10-31,000300,300033,同花顺,a,cn
2024-10-31,000300,300059,东方财富,a,cn
2024-10-31,000300,300122,智飞生物,a,cn
2024-10-31,000300,300124,汇川技术,a,cn
2024-10-31,000300,300142,沃森生物,a,cn
2024-10-31,000300,300223,北京君正,a,cn
2024-10-31,000300,300274,阳光电源,a,cn
2024-10-31,000300,300308,中际旭创,a,cn
2024-10-31,000300,300316,晶盛机电,a,cn
2024-10-31,000300,300347,泰格医药,a,cn
2024-10-31,000300,300408,三环集团,a,cn
2024-10-31,000300,300413,芒果超媒,a,cn
2024-10-31,000300,300418,昆仑万维,a,cn
2024-10-31,000300,300433,蓝思科技,a,cn
2024-10-31,000300,300442,润泽科技,a,cn
2024-10-31,000300,300450,先导智能,a,cn
2024-10-31,000300,300454,深信服,a,cn
2024-10-31,000300,300496,中科创达,a,cn
2024-10-31,000300,300498,温氏股份,a,cn
2024-10-31,000300,300628,亿联网络,a,cn
2024-10-31,000300,300661,圣邦股份,a,cn
2024-10-31,000300,300750,宁德时代,a,cn
2024-10-31,000300,300751,迈为股份,a,cn
2024-10-31,000300,300759,康龙化成,a,cn
2024-10-31,000300,300760,迈瑞医疗,a,cn
2024-10-31,000300,300782,卓胜微,a,cn
2024-10-31,000300,300832,新产业,a,cn
2024-10-31,000300,300896,爱美客,a,cn
2024-10-31,000300,300919,中伟新材,a,cn
2024-10-31,000300,300957,贝泰妮,a,cn
2024-10-31,000300,300979,华利集团,a,cn
2024-10-31,000300,300999,金龙鱼,a,cn
2024-10-31,000300,301269,华大九天,a,cn
2024-10-31,000300,600000,浦发银行,a,cn
2024-10-31,000300,600009,上海机场,a,cn
2024-10-31,000300,600010,包钢股份,a,cn
2024-10-31,000300,600011,华能国际,a,cn
2024-10-31,000300,600015,华夏银行,a,cn
2024-10-31,000300,600016,民生银行,a,cn
2024-10-31,000300,600018,上港集团,a,cn
2024-10-31,000300,600019,宝钢股份,a,cn
2024-10-31,000300,600023,浙能电力,a,cn
2024-10-31,000300,600025,华能水电,a,cn
2024-10-31,000300,600026,中远海能,a,cn
2024-10-31,000300,600027,华电国际,a,cn
2024-10-31,000300,600028,中国石化,a,cn
2024-10-31,000300,600029,南方航空,a,cn
2024-10-31,000300,600030,中信证券,a,cn
2024-10-31,000300,600031,三一重工,a,cn
2024-10-31,000300,600036,招商银行,a,cn
2024-10-31,000300,600039,四川路桥,a,cn
2024-10-31,000300,600048,保利发展,a,cn
2024-10-31,000300,600050,中国联通,a,cn
2024-10-31,000300,600061,国投资本,a,cn
2024-10-31,000300,600085,同仁堂,a,cn
2024-10-31,000300,600089,特变电工,a,cn
2024-10-31,000300,600104,上汽集团,a,cn
2024-10-31,000300,600111,北方稀土,a,cn
2024-10-31,000300,600115,中国东航,a,cn
2024-10-31,000300,600132,重庆啤酒,a,cn
2024-10-31,000300,600150,中国船舶,a,cn
2024-10-31,000300,600161,天坛生物,a,cn
2024-10-31,000300,600176,中国巨石,a,cn
2024-10-31,000300,600183,生益科技,a,cn
2024-10-31,000300,600188,兖矿能源,a,cn
2024-10-31,000300,600196,复星医药,a,cn
2024-10-31,000300,600219,南山铝业,a,cn
2024-10-31,000300,600233,圆通速递,a,cn
2024-10-31,000300,600276,恒瑞医药,a,cn
2024-10-31,000300,600309,万华化学,a,cn
2024-10-31,000300,600332,白云山,a,cn
2024-10-31,000300,600346,恒力石化,a,cn
2024-10-31,000300,600362,江西铜业,a,cn
2024-10-31,000300,600372,中航机载,a,cn
2024-10-31,000300,600406,国电南瑞,a,cn
2024-10-31,000300,600415,小商品城,a,cn
2024-10-31,000300,600426,华鲁恒升,a,cn
2024-10-31,000300,600436,片仔癀,a,cn
2024-10-31,000300,600438,通威股份,a,cn
2024-10-31,000300,600460,士兰微,a,cn
2024-10-31,000300,600489,中金黄金,a,cn
2024-10-31,000300,600515,海南机场,a,cn
2024-10-31,000300,600519,贵州茅台,a,cn
2024-10-31,000300,600547,山东黄金,a,cn
2024-10-31,000300,600570,恒生电子,a,cn
2024-10-31,000300,600584,长电科技,a,cn
2024-10-31,000300,600585,海螺水泥,a,cn
2024-10-31,000300,600588,用友网络,a,cn
2024-10-31,000300,600600,青岛啤酒,a,cn
2024-10-31,000300,600660,福耀玻璃,a,cn
2024-10-31,000300,600674,川投能源,a,cn
2024-10-31,000300,600690,海尔智家,a,cn
2024-10-31,000300,600732,爱旭股份,a,cn
2024-10-31,000300,600741,华域汽车,a,cn
2024-10-31,000300,600745,*ST闻泰,a,cn
2024-10-31,000300,600760,中航沈飞,a,cn
2024-10-31,000300,600795,国电电力,a,cn
2024-10-31,000300,600803,新奥股份,a,cn
2024-10-31,000300,600809,山西汾酒,a,cn
2024-10-31,000300,600837,海通证券,a,cn
2024-10-31,000300,600845,宝信软件,a,cn
2024-10-31,000300,600875,东方电气,a,cn
2024-10-31,000300,600886,国投电力,a,cn
2024-10-31,000300,600887,伊利股份,a,cn
2024-10-31,000300,600893,航发动力,a,cn
2024-10-31,000300,600900,长江电力,a,cn
2024-10-31,000300,600905,三峡能源,a,cn
2024-10-31,000300,600918,中泰证券,a,cn
2024-10-31,000300,600919,江苏银行,a,cn
2024-10-31,000300,600926,杭州银行,a,cn
2024-10-31,000300,600938,中国海油,a,cn
2024-10-31,000300,600941,中国移动,a,cn
2024-10-31,000300,600958,东方证券,a,cn
2024-10-31,000300,600989,宝丰能源,a,cn
2024-10-31,000300,600999,招商证券,a,cn
2024-10-31,000300,601006,大秦铁路,a,cn
2024-10-31,000300,601009,南京银行,a,cn
2024-10-31,000300,601012,隆基绿能,a,cn
2024-10-31,000300,601021,春秋航空,a,cn
2024-10-31,000300,601059,信达证券,a,cn
2024-10-31,000300,601066,中信建投,a,cn
2024-10-31,000300,601088,中国神华,a,cn
2024-10-31,000300,601100,恒立液压,a,cn
2024-10-31,000300,601111,中国国航,a,cn
2024-10-31,000300,601117,中国化学,a,cn
2024-10-31,000300,601138,工业富联,a,cn
2024-10-31,000300,601166,兴业银行,a,cn
2024-10-31,000300,601169,北京银行,a,cn
2024-10-31,000300,601186,中国铁建,a,cn
2024-10-31,000300,601211,国泰海通,a,cn
2024-10-31,000300,601225,陕西煤业,a,cn
2024-10-31,000300,601229,上海银行,a,cn
2024-10-31,000300,601236,红塔证券,a,cn
2024-10-31,000300,601238,广汽集团,a,cn
2024-10-31,000300,601288,农业银行,a,cn
2024-10-31,000300,601318,中国平安,a,cn
2024-10-31,000300,601319,中国人保,a,cn
2024-10-31,000300,601328,交通银行,a,cn
2024-10-31,000300,601336,新华保险,a,cn
2024-10-31,000300,601360,三六零,a,cn
2024-10-31,000300,601377,兴业证券,a,cn
2024-10-31,000300,601390,中国中铁,a,cn
2024-10-31,000300,601398,工商银行,a,cn
2024-10-31,000300,601600,中国铝业,a,cn
2024-10-31,000300,601601,中国太保,a,cn
2024-10-31,000300,601607,上海医药,a,cn
2024-10-31,000300,601618,中国中冶,a,cn
2024-10-31,000300,601628,中国人寿,a,cn
2024-10-31,000300,601633,长城汽车,a,cn
2024-10-31,000300,601658,邮储银行,a,cn
2024-10-31,000300,601668,中国建筑,a,cn
2024-10-31,000300,601669,中国电建,a,cn
2024-10-31,000300,601688,华泰证券,a,cn
2024-10-31,000300,601689,拓普集团,a,cn
2024-10-31,000300,601698,中国卫通,a,cn
2024-10-31,000300,601699,潞安环能,a,cn
2024-10-31,000300,601728,中国电信,a,cn
2024-10-31,000300,601766,中国中车,a,cn
2024-10-31,000300,601788,光大证券,a,cn
2024-10-31,000300,601799,星宇股份,a,cn
2024-10-31,000300,601800,中国交建,a,cn
2024-10-31,000300,601808,中海油服,a,cn
2024-10-31,000300,601816,京沪高铁,a,cn
2024-10-31,000300,601818,光大银行,a,cn
2024-10-31,000300,601838,成都银行,a,cn
2024-10-31,000300,601857,中国石油,a,cn
2024-10-31,000300,601865,福莱特,a,cn
2024-10-31,000300,601868,中国能建,a,cn
2024-10-31,000300,601872,招商轮船,a,cn
2024-10-31,000300,601877,正泰电器,a,cn
2024-10-31,000300,601878,浙商证券,a,cn
2024-10-31,000300,601881,中国银河,a,cn
2024-10-31,000300,601888,中国中免,a,cn
2024-10-31,000300,601898,中煤能源,a,cn
2024-10-31,000300,601899,紫金矿业,a,cn
2024-10-31,000300,601901,方正证券,a,cn
2024-10-31,000300,601916,浙商银行,a,cn
2024-10-31,000300,601919,中远海控,a,cn
2024-10-31,000300,601939,建设银行,a,cn
2024-10-31,000300,601985,中国核电,a,cn
2024-10-31,000300,601988,中国银行,a,cn
2024-10-31,000300,601989,中国重工,a,cn
2024-10-31,000300,601995,中金公司,a,cn
2024-10-31,000300,601998,中信银行,a,cn
2024-10-31,000300,603019,中科曙光,a,cn
2024-10-31,000300,603195,公牛集团,a,cn
2024-10-31,000300,603259,药明康德,a,cn
2024-10-31,000300,603260,合盛硅业,a,cn
2024-10-31,000300,603288,海天味业,a,cn
2024-10-31,000300,603296,华勤技术,a,cn
2024-10-31,000300,603369,今世缘,a,cn
2024-10-31,000300,603392,万泰生物,a,cn
2024-10-31,000300,603501,豪威集团,a,cn
2024-10-31,000300,603659,璞泰来,a,cn
2024-10-31,000300,603799,华友钴业,a,cn
2024-10-31,000300,603806,福斯特,a,cn
2024-10-31,000300,603833,欧派家居,a,cn
2024-10-31,000300,603899,晨光股份,a,cn
2024-10-31,000300,603986,兆易创新,a,cn
2024-10-31,000300,603993,洛阳钼业,a,cn
2024-10-31,000300,605117,德业股份,a,cn
2024-10-31,000300,605499,东鹏饮料,a,cn
2024-10-31,000300,688008,澜起科技,a,cn
2024-10-31,000300,688009,中国通号,a,cn
2024-10-31,000300,688012,中微公司,a,cn
2024-10-31,000300,688036,传音控股,a,cn
2024-10-31,000300,688041,海光信息,a,cn
2024-10-31,000300,688082,盛美上海,a,cn
2024-10-31,000300,688111,金山办公,a,cn
2024-10-31,000300,688126,沪硅产业,a,cn
2024-10-31,000300,688187,时代电气,a,cn
2024-10-31,000300,688223,晶科能源,a,cn
2024-10-31,000300,688256,寒武纪,a,cn
2024-10-31,000300,688271,联影医疗,a,cn
2024-10-31,000300,688303,大全能源,a,cn
2024-10-31,000300,688363,华熙生物,a,cn
2024-10-31,000300,688396,华润微,a,cn
2024-10-31,000300,688599,天合光能,a,cn
2024-10-31,000300,688981,中芯国际,a,cn
2024-11-29,000300,000001,平安银行,a,cn
2024-11-29,000300,000002,万科A,a,cn
2024-11-29,000300,000063,中兴通讯,a,cn
2024-11-29,000300,000100,TCL科技,a,cn
2024-11-29,000300,000157,中联重科,a,cn
2024-11-29,000300,000166,申万宏源,a,cn
2024-11-29,000300,000301,东方盛虹,a,cn
2024-11-29,000300,000333,美的集团,a,cn
2024-11-29,000300,000338,潍柴动力,a,cn
2024-11-29,000300,000408,藏格矿业,a,cn
2024-11-29,000300,000425,徐工机械,a,cn
2024-11-29,000300,000538,云南白药,a,cn
2024-11-29,000300,000568,泸州老窖,a,cn
2024-11-29,000300,000596,古井贡酒,a,cn
2024-11-29,000300,000617,中油资本,a,cn
2024-11-29,000300,000625,长安汽车,a,cn
2024-11-29,000300,000651,格力电器,a,cn
2024-11-29,000300,000661,长春高新,a,cn
2024-11-29,000300,000708,中信特钢,a,cn
2024-11-29,000300,000725,京东方A,a,cn
2024-11-29,000300,000733,振华科技,a,cn
2024-11-29,000300,000768,中航西飞,a,cn
2024-11-29,000300,000776,广发证券,a,cn
2024-11-29,000300,000786,北新建材,a,cn
2024-11-29,000300,000792,盐湖股份,a,cn
2024-11-29,000300,000800,一汽解放,a,cn
2024-11-29,000300,000807,云铝股份,a,cn
2024-11-29,000300,000858,五粮液,a,cn
2024-11-29,000300,000876,新希望,a,cn
2024-11-29,000300,000895,双汇发展,a,cn
2024-11-29,000300,000938,紫光股份,a,cn
2024-11-29,000300,000963,华东医药,a,cn
2024-11-29,000300,000977,浪潮信息,a,cn
2024-11-29,000300,000983,山西焦煤,a,cn
2024-11-29,000300,000999,华润三九,a,cn
2024-11-29,000300,001289,龙源电力,a,cn
2024-11-29,000300,001965,招商公路,a,cn
2024-11-29,000300,001979,招商蛇口,a,cn
2024-11-29,000300,002001,新和成,a,cn
2024-11-29,000300,002007,华兰生物,a,cn
2024-11-29,000300,002027,分众传媒,a,cn
2024-11-29,000300,002049,紫光国微,a,cn
2024-11-29,000300,002050,三花智控,a,cn
2024-11-29,000300,002074,国轩高科,a,cn
2024-11-29,000300,002129,TCL中环,a,cn
2024-11-29,000300,002142,宁波银行,a,cn
2024-11-29,000300,002179,中航光电,a,cn
2024-11-29,000300,002180,奔图科技,a,cn
2024-11-29,000300,002230,科大讯飞,a,cn
2024-11-29,000300,002236,大华股份,a,cn
2024-11-29,000300,002241,歌尔股份,a,cn
2024-11-29,000300,002252,上海莱士,a,cn
2024-11-29,000300,002271,东方雨虹,a,cn
2024-11-29,000300,002304,洋河股份,a,cn
2024-11-29,000300,002311,海大集团,a,cn
2024-11-29,000300,002352,顺丰控股,a,cn
2024-11-29,000300,002371,北方华创,a,cn
2024-11-29,000300,002410,广联达,a,cn
2024-11-29,000300,002415,海康威视,a,cn
2024-11-29,000300,002459,晶澳科技,a,cn
2024-11-29,000300,002460,赣锋锂业,a,cn
2024-11-29,000300,002466,天齐锂业,a,cn
2024-11-29,000300,002475,立讯精密,a,cn
2024-11-29,000300,002493,荣盛石化,a,cn
2024-11-29,000300,002555,三七互娱,a,cn
2024-11-29,000300,002594,比亚迪,a,cn
2024-11-29,000300,002601,龙佰集团,a,cn
2024-11-29,000300,002603,以岭药业,a,cn
2024-11-29,000300,002648,卫星化学,a,cn
2024-11-29,000300,002709,天赐材料,a,cn
2024-11-29,000300,002714,牧原股份,a,cn
2024-11-29,000300,002736,国信证券,a,cn
2024-11-29,000300,002812,恩捷股份,a,cn
2024-11-29,000300,002821,凯莱英,a,cn
2024-11-29,000300,002841,视源股份,a,cn
2024-11-29,000300,002916,深南电路,a,cn
2024-11-29,000300,002920,德赛西威,a,cn
2024-11-29,000300,002938,鹏鼎控股,a,cn
2024-11-29,000300,003816,中国广核,a,cn
2024-11-29,000300,300014,亿纬锂能,a,cn
2024-11-29,000300,300015,爱尔眼科,a,cn
2024-11-29,000300,300033,同花顺,a,cn
2024-11-29,000300,300059,东方财富,a,cn
2024-11-29,000300,300122,智飞生物,a,cn
2024-11-29,000300,300124,汇川技术,a,cn
2024-11-29,000300,300142,沃森生物,a,cn
2024-11-29,000300,300223,北京君正,a,cn
2024-11-29,000300,300274,阳光电源,a,cn
2024-11-29,000300,300308,中际旭创,a,cn
2024-11-29,000300,300316,晶盛机电,a,cn
2024-11-29,000300,300347,泰格医药,a,cn
2024-11-29,000300,300408,三环集团,a,cn
2024-11-29,000300,300413,芒果超媒,a,cn
2024-11-29,000300,300418,昆仑万维,a,cn
2024-11-29,000300,300433,蓝思科技,a,cn
2024-11-29,000300,300442,润泽科技,a,cn
2024-11-29,000300,300450,先导智能,a,cn
2024-11-29,000300,300454,深信服,a,cn
2024-11-29,000300,300496,中科创达,a,cn
2024-11-29,000300,300498,温氏股份,a,cn
2024-11-29,000300,300628,亿联网络,a,cn
2024-11-29,000300,300661,圣邦股份,a,cn
2024-11-29,000300,300750,宁德时代,a,cn
2024-11-29,000300,300751,迈为股份,a,cn
2024-11-29,000300,300759,康龙化成,a,cn
2024-11-29,000300,300760,迈瑞医疗,a,cn
2024-11-29,000300,300782,卓胜微,a,cn
2024-11-29,000300,300832,新产业,a,cn
2024-11-29,000300,300896,爱美客,a,cn
2024-11-29,000300,300919,中伟新材,a,cn
2024-11-29,000300,300957,贝泰妮,a,cn
2024-11-29,000300,300979,华利集团,a,cn
2024-11-29,000300,300999,金龙鱼,a,cn
2024-11-29,000300,301269,华大九天,a,cn
2024-11-29,000300,600000,浦发银行,a,cn
2024-11-29,000300,600009,上海机场,a,cn
2024-11-29,000300,600010,包钢股份,a,cn
2024-11-29,000300,600011,华能国际,a,cn
2024-11-29,000300,600015,华夏银行,a,cn
2024-11-29,000300,600016,民生银行,a,cn
2024-11-29,000300,600018,上港集团,a,cn
2024-11-29,000300,600019,宝钢股份,a,cn
2024-11-29,000300,600023,浙能电力,a,cn
2024-11-29,000300,600025,华能水电,a,cn
2024-11-29,000300,600026,中远海能,a,cn
2024-11-29,000300,600027,华电国际,a,cn
2024-11-29,000300,600028,中国石化,a,cn
2024-11-29,000300,600029,南方航空,a,cn
2024-11-29,000300,600030,中信证券,a,cn
2024-11-29,000300,600031,三一重工,a,cn
2024-11-29,000300,600036,招商银行,a,cn
2024-11-29,000300,600039,四川路桥,a,cn
2024-11-29,000300,600048,保利发展,a,cn
2024-11-29,000300,600050,中国联通,a,cn
2024-11-29,000300,600061,国投资本,a,cn
2024-11-29,000300,600085,同仁堂,a,cn
2024-11-29,000300,600089,特变电工,a,cn
2024-11-29,000300,600104,上汽集团,a,cn
2024-11-29,000300,600111,北方稀土,a,cn
2024-11-29,000300,600115,中国东航,a,cn
2024-11-29,000300,600132,重庆啤酒,a,cn
2024-11-29,000300,600150,中国船舶,a,cn
2024-11-29,000300,600161,天坛生物,a,cn
2024-11-29,000300,600176,中国巨石,a,cn
2024-11-29,000300,600183,生益科技,a,cn
2024-11-29,000300,600188,兖矿能源,a,cn
2024-11-29,000300,600196,复星医药,a,cn
2024-11-29,000300,600219,南山铝业,a,cn
2024-11-29,000300,600233,圆通速递,a,cn
2024-11-29,000300,600276,恒瑞医药,a,cn
2024-11-29,000300,600309,万华化学,a,cn
2024-11-29,000300,600332,白云山,a,cn
2024-11-29,000300,600346,恒力石化,a,cn
2024-11-29,000300,600362,江西铜业,a,cn
2024-11-29,000300,600372,中航机载,a,cn
2024-11-29,000300,600406,国电南瑞,a,cn
2024-11-29,000300,600415,小商品城,a,cn
2024-11-29,000300,600426,华鲁恒升,a,cn
2024-11-29,000300,600436,片仔癀,a,cn
2024-11-29,000300,600438,通威股份,a,cn
2024-11-29,000300,600460,士兰微,a,cn
2024-11-29,000300,600489,中金黄金,a,cn
2024-11-29,000300,600515,海南机场,a,cn
2024-11-29,000300,600519,贵州茅台,a,cn
2024-11-29,000300,600547,山东黄金,a,cn
2024-11-29,000300,600570,恒生电子,a,cn
2024-11-29,000300,600584,长电科技,a,cn
2024-11-29,000300,600585,海螺水泥,a,cn
2024-11-29,000300,600588,用友网络,a,cn
2024-11-29,000300,600600,青岛啤酒,a,cn
2024-11-29,000300,600660,福耀玻璃,a,cn
2024-11-29,000300,600674,川投能源,a,cn
2024-11-29,000300,600690,海尔智家,a,cn
2024-11-29,000300,600732,爱旭股份,a,cn
2024-11-29,000300,600741,华域汽车,a,cn
2024-11-29,000300,600745,*ST闻泰,a,cn
2024-11-29,000300,600760,中航沈飞,a,cn
2024-11-29,000300,600795,国电电力,a,cn
2024-11-29,000300,600803,新奥股份,a,cn
2024-11-29,000300,600809,山西汾酒,a,cn
2024-11-29,000300,600837,海通证券,a,cn
2024-11-29,000300,600845,宝信软件,a,cn
2024-11-29,000300,600875,东方电气,a,cn
2024-11-29,000300,600886,国投电力,a,cn
2024-11-29,000300,600887,伊利股份,a,cn
2024-11-29,000300,600893,航发动力,a,cn
2024-11-29,000300,600900,长江电力,a,cn
2024-11-29,000300,600905,三峡能源,a,cn
2024-11-29,000300,600918,中泰证券,a,cn
2024-11-29,000300,600919,江苏银行,a,cn
2024-11-29,000300,600926,杭州银行,a,cn
2024-11-29,000300,600938,中国海油,a,cn
2024-11-29,000300,600941,中国移动,a,cn
2024-11-29,000300,600958,东方证券,a,cn
2024-11-29,000300,600989,宝丰能源,a,cn
2024-11-29,000300,600999,招商证券,a,cn
2024-11-29,000300,601006,大秦铁路,a,cn
2024-11-29,000300,601009,南京银行,a,cn
2024-11-29,000300,601012,隆基绿能,a,cn
2024-11-29,000300,601021,春秋航空,a,cn
2024-11-29,000300,601059,信达证券,a,cn
2024-11-29,000300,601066,中信建投,a,cn
2024-11-29,000300,601088,中国神华,a,cn
2024-11-29,000300,601100,恒立液压,a,cn
2024-11-29,000300,601111,中国国航,a,cn
2024-11-29,000300,601117,中国化学,a,cn
2024-11-29,000300,601138,工业富联,a,cn
2024-11-29,000300,601166,兴业银行,a,cn
2024-11-29,000300,601169,北京银行,a,cn
2024-11-29,000300,601186,中国铁建,a,cn
2024-11-29,000300,601211,国泰海通,a,cn
2024-11-29,000300,601225,陕西煤业,a,cn
2024-11-29,000300,601229,上海银行,a,cn
2024-11-29,000300,601236,红塔证券,a,cn
2024-11-29,000300,601238,广汽集团,a,cn
2024-11-29,000300,601288,农业银行,a,cn
2024-11-29,000300,601318,中国平安,a,cn
2024-11-29,000300,601319,中国人保,a,cn
2024-11-29,000300,601328,交通银行,a,cn
2024-11-29,000300,601336,新华保险,a,cn
2024-11-29,000300,601360,三六零,a,cn
2024-11-29,000300,601377,兴业证券,a,cn
2024-11-29,000300,601390,中国中铁,a,cn
2024-11-29,000300,601398,工商银行,a,cn
2024-11-29,000300,601600,中国铝业,a,cn
2024-11-29,000300,601601,中国太保,a,cn
2024-11-29,000300,601607,上海医药,a,cn
2024-11-29,000300,601618,中国中冶,a,cn
2024-11-29,000300,601628,中国人寿,a,cn
2024-11-29,000300,601633,长城汽车,a,cn
2024-11-29,000300,601658,邮储银行,a,cn
2024-11-29,000300,601668,中国建筑,a,cn
2024-11-29,000300,601669,中国电建,a,cn
2024-11-29,000300,601688,华泰证券,a,cn
2024-11-29,000300,601689,拓普集团,a,cn
2024-11-29,000300,601698,中国卫通,a,cn
2024-11-29,000300,601699,潞安环能,a,cn
2024-11-29,000300,601728,中国电信,a,cn
2024-11-29,000300,601766,中国中车,a,cn
2024-11-29,000300,601788,光大证券,a,cn
2024-11-29,000300,601799,星宇股份,a,cn
2024-11-29,000300,601800,中国交建,a,cn
2024-11-29,000300,601808,中海油服,a,cn
2024-11-29,000300,601816,京沪高铁,a,cn
2024-11-29,000300,601818,光大银行,a,cn
2024-11-29,000300,601838,成都银行,a,cn
2024-11-29,000300,601857,中国石油,a,cn
2024-11-29,000300,601865,福莱特,a,cn
2024-11-29,000300,601868,中国能建,a,cn
2024-11-29,000300,601872,招商轮船,a,cn
2024-11-29,000300,601877,正泰电器,a,cn
2024-11-29,000300,601878,浙商证券,a,cn
2024-11-29,000300,601881,中国银河,a,cn
2024-11-29,000300,601888,中国中免,a,cn
2024-11-29,000300,601898,中煤能源,a,cn
2024-11-29,000300,601899,紫金矿业,a,cn
2024-11-29,000300,601901,方正证券,a,cn
2024-11-29,000300,601916,浙商银行,a,cn
2024-11-29,000300,601919,中远海控,a,cn
2024-11-29,000300,601939,建设银行,a,cn
2024-11-29,000300,601985,中国核电,a,cn
2024-11-29,000300,601988,中国银行,a,cn
2024-11-29,000300,601989,中国重工,a,cn
2024-11-29,000300,601995,中金公司,a,cn
2024-11-29,000300,601998,中信银行,a,cn
2024-11-29,000300,603019,中科曙光,a,cn
2024-11-29,000300,603195,公牛集团,a,cn
2024-11-29,000300,603259,药明康德,a,cn
2024-11-29,000300,603260,合盛硅业,a,cn
2024-11-29,000300,603288,海天味业,a,cn
2024-11-29,000300,603296,华勤技术,a,cn
2024-11-29,000300,603369,今世缘,a,cn
2024-11-29,000300,603392,万泰生物,a,cn
2024-11-29,000300,603501,豪威集团,a,cn
2024-11-29,000300,603659,璞泰来,a,cn
2024-11-29,000300,603799,华友钴业,a,cn
2024-11-29,000300,603806,福斯特,a,cn
2024-11-29,000300,603833,欧派家居,a,cn
2024-11-29,000300,603899,晨光股份,a,cn
2024-11-29,000300,603986,兆易创新,a,cn
2024-11-29,000300,603993,洛阳钼业,a,cn
2024-11-29,000300,605117,德业股份,a,cn
2024-11-29,000300,605499,东鹏饮料,a,cn
2024-11-29,000300,688008,澜起科技,a,cn
2024-11-29,000300,688009,中国通号,a,cn
2024-11-29,000300,688012,中微公司,a,cn
2024-11-29,000300,688036,传音控股,a,cn
2024-11-29,000300,688041,海光信息,a,cn
2024-11-29,000300,688082,盛美上海,a,cn
2024-11-29,000300,688111,金山办公,a,cn
2024-11-29,000300,688126,沪硅产业,a,cn
2024-11-29,000300,688187,时代电气,a,cn
2024-11-29,000300,688223,晶科能源,a,cn
2024-11-29,000300,688256,寒武纪,a,cn
2024-11-29,000300,688271,联影医疗,a,cn
2024-11-29,000300,688303,大全能源,a,cn
2024-11-29,000300,688363,华熙生物,a,cn
2024-11-29,000300,688396,华润微,a,cn
2024-11-29,000300,688599,天合光能,a,cn
2024-11-29,000300,688981,中芯国际,a,cn
2024-12-31,000300,000001,平安银行,a,cn
2024-12-31,000300,000002,万科A,a,cn
2024-12-31,000300,000063,中兴通讯,a,cn
2024-12-31,000300,000100,TCL科技,a,cn
2024-12-31,000300,000157,中联重科,a,cn
2024-12-31,000300,000166,申万宏源,a,cn
2024-12-31,000300,000301,东方盛虹,a,cn
2024-12-31,000300,000333,美的集团,a,cn
2024-12-31,000300,000338,潍柴动力,a,cn
2024-12-31,000300,000408,藏格矿业,a,cn
2024-12-31,000300,000425,徐工机械,a,cn
2024-12-31,000300,000538,云南白药,a,cn
2024-12-31,000300,000568,泸州老窖,a,cn
2024-12-31,000300,000596,古井贡酒,a,cn
2024-12-31,000300,000617,中油资本,a,cn
2024-12-31,000300,000625,长安汽车,a,cn
2024-12-31,000300,000630,铜陵有色,a,cn
2024-12-31,000300,000651,格力电器,a,cn
2024-12-31,000300,000661,长春高新,a,cn
2024-12-31,000300,000708,中信特钢,a,cn
2024-12-31,000300,000725,京东方A,a,cn
2024-12-31,000300,000768,中航西飞,a,cn
2024-12-31,000300,000776,广发证券,a,cn
2024-12-31,000300,000786,北新建材,a,cn
2024-12-31,000300,000792,盐湖股份,a,cn
2024-12-31,000300,000800,一汽解放,a,cn
2024-12-31,000300,000807,云铝股份,a,cn
2024-12-31,000300,000858,五粮液,a,cn
2024-12-31,000300,000876,新希望,a,cn
2024-12-31,000300,000895,双汇发展,a,cn
2024-12-31,000300,000938,紫光股份,a,cn
2024-12-31,000300,000963,华东医药,a,cn
2024-12-31,000300,000975,山金国际,a,cn
2024-12-31,000300,000977,浪潮信息,a,cn
2024-12-31,000300,000983,山西焦煤,a,cn
2024-12-31,000300,000999,华润三九,a,cn
2024-12-31,000300,001289,龙源电力,a,cn
2024-12-31,000300,001965,招商公路,a,cn
2024-12-31,000300,001979,招商蛇口,a,cn
2024-12-31,000300,002001,新和成,a,cn
2024-12-31,000300,002007,华兰生物,a,cn
2024-12-31,000300,002027,分众传媒,a,cn
2024-12-31,000300,002028,思源电气,a,cn
2024-12-31,000300,002049,紫光国微,a,cn
2024-12-31,000300,002050,三花智控,a,cn
2024-12-31,000300,002074,国轩高科,a,cn
2024-12-31,000300,002129,TCL中环,a,cn
2024-12-31,000300,002142,宁波银行,a,cn
2024-12-31,000300,002179,中航光电,a,cn
2024-12-31,000300,002180,奔图科技,a,cn
2024-12-31,000300,002230,科大讯飞,a,cn
2024-12-31,000300,002236,大华股份,a,cn
2024-12-31,000300,002241,歌尔股份,a,cn
2024-12-31,000300,002252,上海莱士,a,cn
2024-12-31,000300,002271,东方雨虹,a,cn
2024-12-31,000300,002304,洋河股份,a,cn
2024-12-31,000300,002311,海大集团,a,cn
2024-12-31,000300,002352,顺丰控股,a,cn
2024-12-31,000300,002371,北方华创,a,cn
2024-12-31,000300,002415,海康威视,a,cn
2024-12-31,000300,002422,科伦药业,a,cn
2024-12-31,000300,002459,晶澳科技,a,cn
2024-12-31,000300,002460,赣锋锂业,a,cn
2024-12-31,000300,002463,沪电股份,a,cn
2024-12-31,000300,002466,天齐锂业,a,cn
2024-12-31,000300,002475,立讯精密,a,cn
2024-12-31,000300,002493,荣盛石化,a,cn
2024-12-31,000300,002555,三七互娱,a,cn
2024-12-31,000300,002594,比亚迪,a,cn
2024-12-31,000300,002601,龙佰集团,a,cn
2024-12-31,000300,002648,卫星化学,a,cn
2024-12-31,000300,002709,天赐材料,a,cn
2024-12-31,000300,002714,牧原股份,a,cn
2024-12-31,000300,002736,国信证券,a,cn
2024-12-31,000300,002812,恩捷股份,a,cn
2024-12-31,000300,002916,深南电路,a,cn
2024-12-31,000300,002920,德赛西威,a,cn
2024-12-31,000300,002938,鹏鼎控股,a,cn
2024-12-31,000300,003816,中国广核,a,cn
2024-12-31,000300,300014,亿纬锂能,a,cn
2024-12-31,000300,300015,爱尔眼科,a,cn
2024-12-31,000300,300033,同花顺,a,cn
2024-12-31,000300,300059,东方财富,a,cn
2024-12-31,000300,300122,智飞生物,a,cn
2024-12-31,000300,300124,汇川技术,a,cn
2024-12-31,000300,300274,阳光电源,a,cn
2024-12-31,000300,300308,中际旭创,a,cn
2024-12-31,000300,300316,晶盛机电,a,cn
2024-12-31,000300,300347,泰格医药,a,cn
2024-12-31,000300,300394,天孚通信,a,cn
2024-12-31,000300,300408,三环集团,a,cn
2024-12-31,000300,300413,芒果超媒,a,cn
2024-12-31,000300,300418,昆仑万维,a,cn
2024-12-31,000300,300433,蓝思科技,a,cn
2024-12-31,000300,300442,润泽科技,a,cn
2024-12-31,000300,300450,先导智能,a,cn
2024-12-31,000300,300498,温氏股份,a,cn
2024-12-31,000300,300502,新易盛,a,cn
2024-12-31,000300,300628,亿联网络,a,cn
2024-12-31,000300,300661,圣邦股份,a,cn
2024-12-31,000300,300750,宁德时代,a,cn
2024-12-31,000300,300759,康龙化成,a,cn
2024-12-31,000300,300760,迈瑞医疗,a,cn
2024-12-31,000300,300782,卓胜微,a,cn
2024-12-31,000300,300832,新产业,a,cn
2024-12-31,000300,300896,爱美客,a,cn
2024-12-31,000300,300979,华利集团,a,cn
2024-12-31,000300,300999,金龙鱼,a,cn
2024-12-31,000300,301269,华大九天,a,cn
2024-12-31,000300,600000,浦发银行,a,cn
2024-12-31,000300,600009,上海机场,a,cn
2024-12-31,000300,600010,包钢股份,a,cn
2024-12-31,000300,600011,华能国际,a,cn
2024-12-31,000300,600015,华夏银行,a,cn
2024-12-31,000300,600016,民生银行,a,cn
2024-12-31,000300,600018,上港集团,a,cn
2024-12-31,000300,600019,宝钢股份,a,cn
2024-12-31,000300,600023,浙能电力,a,cn
2024-12-31,000300,600025,华能水电,a,cn
2024-12-31,000300,600026,中远海能,a,cn
2024-12-31,000300,600027,华电国际,a,cn
2024-12-31,000300,600028,中国石化,a,cn
2024-12-31,000300,600029,南方航空,a,cn
2024-12-31,000300,600030,中信证券,a,cn
2024-12-31,000300,600031,三一重工,a,cn
2024-12-31,000300,600036,招商银行,a,cn
2024-12-31,000300,600039,四川路桥,a,cn
2024-12-31,000300,600048,保利发展,a,cn
2024-12-31,000300,600050,中国联通,a,cn
2024-12-31,000300,600061,国投资本,a,cn
2024-12-31,000300,600066,宇通客车,a,cn
2024-12-31,000300,600085,同仁堂,a,cn
2024-12-31,000300,600089,特变电工,a,cn
2024-12-31,000300,600104,上汽集团,a,cn
2024-12-31,000300,600111,北方稀土,a,cn
2024-12-31,000300,600115,中国东航,a,cn
2024-12-31,000300,600150,中国船舶,a,cn
2024-12-31,000300,600160,巨化股份,a,cn
2024-12-31,000300,600161,天坛生物,a,cn
2024-12-31,000300,600176,中国巨石,a,cn
2024-12-31,000300,600183,生益科技,a,cn
2024-12-31,000300,600188,兖矿能源,a,cn
2024-12-31,000300,600196,复星医药,a,cn
2024-12-31,000300,600219,南山铝业,a,cn
2024-12-31,000300,600233,圆通速递,a,cn
2024-12-31,000300,600276,恒瑞医药,a,cn
2024-12-31,000300,600309,万华化学,a,cn
2024-12-31,000300,600332,白云山,a,cn
2024-12-31,000300,600346,恒力石化,a,cn
2024-12-31,000300,600362,江西铜业,a,cn
2024-12-31,000300,600372,中航机载,a,cn
2024-12-31,000300,600377,宁沪高速,a,cn
2024-12-31,000300,600406,国电南瑞,a,cn
2024-12-31,000300,600415,小商品城,a,cn
2024-12-31,000300,600426,华鲁恒升,a,cn
2024-12-31,000300,600436,片仔癀,a,cn
2024-12-31,000300,600438,通威股份,a,cn
2024-12-31,000300,600460,士兰微,a,cn
2024-12-31,000300,600482,中国动力,a,cn
2024-12-31,000300,600489,中金黄金,a,cn
2024-12-31,000300,600515,海南机场,a,cn
2024-12-31,000300,600519,贵州茅台,a,cn
2024-12-31,000300,600547,山东黄金,a,cn
2024-12-31,000300,600570,恒生电子,a,cn
2024-12-31,000300,600584,长电科技,a,cn
2024-12-31,000300,600585,海螺水泥,a,cn
2024-12-31,000300,600588,用友网络,a,cn
2024-12-31,000300,600600,青岛啤酒,a,cn
2024-12-31,000300,600660,福耀玻璃,a,cn
2024-12-31,000300,600674,川投能源,a,cn
2024-12-31,000300,600690,海尔智家,a,cn
2024-12-31,000300,600741,华域汽车,a,cn
2024-12-31,000300,600745,*ST闻泰,a,cn
2024-12-31,000300,600760,中航沈飞,a,cn
2024-12-31,000300,600795,国电电力,a,cn
2024-12-31,000300,600803,新奥股份,a,cn
2024-12-31,000300,600809,山西汾酒,a,cn
2024-12-31,000300,600837,海通证券,a,cn
2024-12-31,000300,600845,宝信软件,a,cn
2024-12-31,000300,600875,东方电气,a,cn
2024-12-31,000300,600886,国投电力,a,cn
2024-12-31,000300,600887,伊利股份,a,cn
2024-12-31,000300,600893,航发动力,a,cn
2024-12-31,000300,600900,长江电力,a,cn
2024-12-31,000300,600905,三峡能源,a,cn
2024-12-31,000300,600918,中泰证券,a,cn
2024-12-31,000300,600919,江苏银行,a,cn
2024-12-31,000300,600926,杭州银行,a,cn
2024-12-31,000300,600938,中国海油,a,cn
2024-12-31,000300,600941,中国移动,a,cn
2024-12-31,000300,600958,东方证券,a,cn
2024-12-31,000300,600989,宝丰能源,a,cn
2024-12-31,000300,600999,招商证券,a,cn
2024-12-31,000300,601006,大秦铁路,a,cn
2024-12-31,000300,601009,南京银行,a,cn
2024-12-31,000300,601012,隆基绿能,a,cn
2024-12-31,000300,601021,春秋航空,a,cn
2024-12-31,000300,601059,信达证券,a,cn
2024-12-31,000300,601066,中信建投,a,cn
2024-12-31,000300,601088,中国神华,a,cn
2024-12-31,000300,601100,恒立液压,a,cn
2024-12-31,000300,601111,中国国航,a,cn
2024-12-31,000300,601117,中国化学,a,cn
2024-12-31,000300,601127,赛力斯,a,cn
2024-12-31,000300,601136,首创证券,a,cn
2024-12-31,000300,601138,工业富联,a,cn
2024-12-31,000300,601166,兴业银行,a,cn
2024-12-31,000300,601169,北京银行,a,cn
2024-12-31,000300,601186,中国铁建,a,cn
2024-12-31,000300,601211,国泰海通,a,cn
2024-12-31,000300,601225,陕西煤业,a,cn
2024-12-31,000300,601229,上海银行,a,cn
2024-12-31,000300,601236,红塔证券,a,cn
2024-12-31,000300,601238,广汽集团,a,cn
2024-12-31,000300,601288,农业银行,a,cn
2024-12-31,000300,601318,中国平安,a,cn
2024-12-31,000300,601319,中国人保,a,cn
2024-12-31,000300,601328,交通银行,a,cn
2024-12-31,000300,601336,新华保险,a,cn
2024-12-31,000300,601360,三六零,a,cn
2024-12-31,000300,601377,兴业证券,a,cn
2024-12-31,000300,601390,中国中铁,a,cn
2024-12-31,000300,601398,工商银行,a,cn
2024-12-31,000300,601600,中国铝业,a,cn
2024-12-31,000300,601601,中国太保,a,cn
2024-12-31,000300,601607,上海医药,a,cn
2024-12-31,000300,601618,中国中冶,a,cn
2024-12-31,000300,601628,中国人寿,a,cn
2024-12-31,000300,601633,长城汽车,a,cn
2024-12-31,000300,601658,邮储银行,a,cn
2024-12-31,000300,601668,中国建筑,a,cn
2024-12-31,000300,601669,中国电建,a,cn
2024-12-31,000300,601688,华泰证券,a,cn
2024-12-31,000300,601689,拓普集团,a,cn
2024-12-31,000300,601698,中国卫通,a,cn
2024-12-31,000300,601699,潞安环能,a,cn
2024-12-31,000300,601728,中国电信,a,cn
2024-12-31,000300,601766,中国中车,a,cn
2024-12-31,000300,601788,光大证券,a,cn
2024-12-31,000300,601799,星宇股份,a,cn
2024-12-31,000300,601800,中国交建,a,cn
2024-12-31,000300,601808,中海油服,a,cn
2024-12-31,000300,601816,京沪高铁,a,cn
2024-12-31,000300,601818,光大银行,a,cn
2024-12-31,000300,601838,成都银行,a,cn
2024-12-31,000300,601857,中国石油,a,cn
2024-12-31,000300,601865,福莱特,a,cn
2024-12-31,000300,601868,中国能建,a,cn
2024-12-31,000300,601872,招商轮船,a,cn
2024-12-31,000300,601877,正泰电器,a,cn
2024-12-31,000300,601878,浙商证券,a,cn
2024-12-31,000300,601881,中国银河,a,cn
2024-12-31,000300,601888,中国中免,a,cn
2024-12-31,000300,601898,中煤能源,a,cn
2024-12-31,000300,601899,紫金矿业,a,cn
2024-12-31,000300,601901,方正证券,a,cn
2024-12-31,000300,601916,浙商银行,a,cn
2024-12-31,000300,601919,中远海控,a,cn
2024-12-31,000300,601939,建设银行,a,cn
2024-12-31,000300,601985,中国核电,a,cn
2024-12-31,000300,601988,中国银行,a,cn
2024-12-31,000300,601989,中国重工,a,cn
2024-12-31,000300,601995,中金公司,a,cn
2024-12-31,000300,601998,中信银行,a,cn
2024-12-31,000300,603019,中科曙光,a,cn
2024-12-31,000300,603195,公牛集团,a,cn
2024-12-31,000300,603259,药明康德,a,cn
2024-12-31,000300,603260,合盛硅业,a,cn
2024-12-31,000300,603288,海天味业,a,cn
2024-12-31,000300,603296,华勤技术,a,cn
2024-12-31,000300,603369,今世缘,a,cn
2024-12-31,000300,603392,万泰生物,a,cn
2024-12-31,000300,603501,豪威集团,a,cn
2024-12-31,000300,603659,璞泰来,a,cn
2024-12-31,000300,603799,华友钴业,a,cn
2024-12-31,000300,603806,福斯特,a,cn
2024-12-31,000300,603833,欧派家居,a,cn
2024-12-31,000300,603986,兆易创新,a,cn
2024-12-31,000300,603993,洛阳钼业,a,cn
2024-12-31,000300,605117,德业股份,a,cn
2024-12-31,000300,605499,东鹏饮料,a,cn
2024-12-31,000300,688008,澜起科技,a,cn
2024-12-31,000300,688009,中国通号,a,cn
2024-12-31,000300,688012,中微公司,a,cn
2024-12-31,000300,688036,传音控股,a,cn
2024-12-31,000300,688041,海光信息,a,cn
2024-12-31,000300,688082,盛美上海,a,cn
2024-12-31,000300,688111,金山办公,a,cn
2024-12-31,000300,688126,沪硅产业,a,cn
2024-12-31,000300,688169,石头科技,a,cn
2024-12-31,000300,688187,时代电气,a,cn
2024-12-31,000300,688223,晶科能源,a,cn
2024-12-31,000300,688256,寒武纪,a,cn
2024-12-31,000300,688271,联影医疗,a,cn
2024-12-31,000300,688303,大全能源,a,cn
2024-12-31,000300,688396,华润微,a,cn
2024-12-31,000300,688472,阿特斯,a,cn
2024-12-31,000300,688506,百利天恒,a,cn
2024-12-31,000300,688599,天合光能,a,cn
2024-12-31,000300,688981,中芯国际,a,cn
2025-01-27,000300,000001,平安银行,a,cn
2025-01-27,000300,000002,万科A,a,cn
2025-01-27,000300,000063,中兴通讯,a,cn
2025-01-27,000300,000100,TCL科技,a,cn
2025-01-27,000300,000157,中联重科,a,cn
2025-01-27,000300,000166,申万宏源,a,cn
2025-01-27,000300,000301,东方盛虹,a,cn
2025-01-27,000300,000333,美的集团,a,cn
2025-01-27,000300,000338,潍柴动力,a,cn
2025-01-27,000300,000408,藏格矿业,a,cn
2025-01-27,000300,000425,徐工机械,a,cn
2025-01-27,000300,000538,云南白药,a,cn
2025-01-27,000300,000568,泸州老窖,a,cn
2025-01-27,000300,000596,古井贡酒,a,cn
2025-01-27,000300,000617,中油资本,a,cn
2025-01-27,000300,000625,长安汽车,a,cn
2025-01-27,000300,000630,铜陵有色,a,cn
2025-01-27,000300,000651,格力电器,a,cn
2025-01-27,000300,000661,长春高新,a,cn
2025-01-27,000300,000708,中信特钢,a,cn
2025-01-27,000300,000725,京东方A,a,cn
2025-01-27,000300,000768,中航西飞,a,cn
2025-01-27,000300,000776,广发证券,a,cn
2025-01-27,000300,000786,北新建材,a,cn
2025-01-27,000300,000792,盐湖股份,a,cn
2025-01-27,000300,000800,一汽解放,a,cn
2025-01-27,000300,000807,云铝股份,a,cn
2025-01-27,000300,000858,五粮液,a,cn
2025-01-27,000300,000876,新希望,a,cn
2025-01-27,000300,000895,双汇发展,a,cn
2025-01-27,000300,000938,紫光股份,a,cn
2025-01-27,000300,000963,华东医药,a,cn
2025-01-27,000300,000975,山金国际,a,cn
2025-01-27,000300,000977,浪潮信息,a,cn
2025-01-27,000300,000983,山西焦煤,a,cn
2025-01-27,000300,000999,华润三九,a,cn
2025-01-27,000300,001289,龙源电力,a,cn
2025-01-27,000300,001965,招商公路,a,cn
2025-01-27,000300,001979,招商蛇口,a,cn
2025-01-27,000300,002001,新和成,a,cn
2025-01-27,000300,002007,华兰生物,a,cn
2025-01-27,000300,002027,分众传媒,a,cn
2025-01-27,000300,002028,思源电气,a,cn
2025-01-27,000300,002049,紫光国微,a,cn
2025-01-27,000300,002050,三花智控,a,cn
2025-01-27,000300,002074,国轩高科,a,cn
2025-01-27,000300,002129,TCL中环,a,cn
2025-01-27,000300,002142,宁波银行,a,cn
2025-01-27,000300,002179,中航光电,a,cn
2025-01-27,000300,002180,奔图科技,a,cn
2025-01-27,000300,002230,科大讯飞,a,cn
2025-01-27,000300,002236,大华股份,a,cn
2025-01-27,000300,002241,歌尔股份,a,cn
2025-01-27,000300,002252,上海莱士,a,cn
2025-01-27,000300,002271,东方雨虹,a,cn
2025-01-27,000300,002304,洋河股份,a,cn
2025-01-27,000300,002311,海大集团,a,cn
2025-01-27,000300,002352,顺丰控股,a,cn
2025-01-27,000300,002371,北方华创,a,cn
2025-01-27,000300,002415,海康威视,a,cn
2025-01-27,000300,002422,科伦药业,a,cn
2025-01-27,000300,002459,晶澳科技,a,cn
2025-01-27,000300,002460,赣锋锂业,a,cn
2025-01-27,000300,002463,沪电股份,a,cn
2025-01-27,000300,002466,天齐锂业,a,cn
2025-01-27,000300,002475,立讯精密,a,cn
2025-01-27,000300,002493,荣盛石化,a,cn
2025-01-27,000300,002555,三七互娱,a,cn
2025-01-27,000300,002594,比亚迪,a,cn
2025-01-27,000300,002601,龙佰集团,a,cn
2025-01-27,000300,002648,卫星化学,a,cn
2025-01-27,000300,002709,天赐材料,a,cn
2025-01-27,000300,002714,牧原股份,a,cn
2025-01-27,000300,002736,国信证券,a,cn
2025-01-27,000300,002812,恩捷股份,a,cn
2025-01-27,000300,002916,深南电路,a,cn
2025-01-27,000300,002920,德赛西威,a,cn
2025-01-27,000300,002938,鹏鼎控股,a,cn
2025-01-27,000300,003816,中国广核,a,cn
2025-01-27,000300,300014,亿纬锂能,a,cn
2025-01-27,000300,300015,爱尔眼科,a,cn
2025-01-27,000300,300033,同花顺,a,cn
2025-01-27,000300,300059,东方财富,a,cn
2025-01-27,000300,300122,智飞生物,a,cn
2025-01-27,000300,300124,汇川技术,a,cn
2025-01-27,000300,300274,阳光电源,a,cn
2025-01-27,000300,300308,中际旭创,a,cn
2025-01-27,000300,300316,晶盛机电,a,cn
2025-01-27,000300,300347,泰格医药,a,cn
2025-01-27,000300,300394,天孚通信,a,cn
2025-01-27,000300,300408,三环集团,a,cn
2025-01-27,000300,300413,芒果超媒,a,cn
2025-01-27,000300,300418,昆仑万维,a,cn
2025-01-27,000300,300433,蓝思科技,a,cn
2025-01-27,000300,300442,润泽科技,a,cn
2025-01-27,000300,300450,先导智能,a,cn
2025-01-27,000300,300498,温氏股份,a,cn
2025-01-27,000300,300502,新易盛,a,cn
2025-01-27,000300,300628,亿联网络,a,cn
2025-01-27,000300,300661,圣邦股份,a,cn
2025-01-27,000300,300750,宁德时代,a,cn
2025-01-27,000300,300759,康龙化成,a,cn
2025-01-27,000300,300760,迈瑞医疗,a,cn
2025-01-27,000300,300782,卓胜微,a,cn
2025-01-27,000300,300832,新产业,a,cn
2025-01-27,000300,300896,爱美客,a,cn
2025-01-27,000300,300979,华利集团,a,cn
2025-01-27,000300,300999,金龙鱼,a,cn
2025-01-27,000300,301269,华大九天,a,cn
2025-01-27,000300,600000,浦发银行,a,cn
2025-01-27,000300,600009,上海机场,a,cn
2025-01-27,000300,600010,包钢股份,a,cn
2025-01-27,000300,600011,华能国际,a,cn
2025-01-27,000300,600015,华夏银行,a,cn
2025-01-27,000300,600016,民生银行,a,cn
2025-01-27,000300,600018,上港集团,a,cn
2025-01-27,000300,600019,宝钢股份,a,cn
2025-01-27,000300,600023,浙能电力,a,cn
2025-01-27,000300,600025,华能水电,a,cn
2025-01-27,000300,600026,中远海能,a,cn
2025-01-27,000300,600027,华电国际,a,cn
2025-01-27,000300,600028,中国石化,a,cn
2025-01-27,000300,600029,南方航空,a,cn
2025-01-27,000300,600030,中信证券,a,cn
2025-01-27,000300,600031,三一重工,a,cn
2025-01-27,000300,600036,招商银行,a,cn
2025-01-27,000300,600039,四川路桥,a,cn
2025-01-27,000300,600048,保利发展,a,cn
2025-01-27,000300,600050,中国联通,a,cn
2025-01-27,000300,600061,国投资本,a,cn
2025-01-27,000300,600066,宇通客车,a,cn
2025-01-27,000300,600085,同仁堂,a,cn
2025-01-27,000300,600089,特变电工,a,cn
2025-01-27,000300,600104,上汽集团,a,cn
2025-01-27,000300,600111,北方稀土,a,cn
2025-01-27,000300,600115,中国东航,a,cn
2025-01-27,000300,600150,中国船舶,a,cn
2025-01-27,000300,600160,巨化股份,a,cn
2025-01-27,000300,600161,天坛生物,a,cn
2025-01-27,000300,600176,中国巨石,a,cn
2025-01-27,000300,600183,生益科技,a,cn
2025-01-27,000300,600188,兖矿能源,a,cn
2025-01-27,000300,600196,复星医药,a,cn
2025-01-27,000300,600219,南山铝业,a,cn
2025-01-27,000300,600233,圆通速递,a,cn
2025-01-27,000300,600276,恒瑞医药,a,cn
2025-01-27,000300,600309,万华化学,a,cn
2025-01-27,000300,600332,白云山,a,cn
2025-01-27,000300,600346,恒力石化,a,cn
2025-01-27,000300,600362,江西铜业,a,cn
2025-01-27,000300,600372,中航机载,a,cn
2025-01-27,000300,600377,宁沪高速,a,cn
2025-01-27,000300,600406,国电南瑞,a,cn
2025-01-27,000300,600415,小商品城,a,cn
2025-01-27,000300,600426,华鲁恒升,a,cn
2025-01-27,000300,600436,片仔癀,a,cn
2025-01-27,000300,600438,通威股份,a,cn
2025-01-27,000300,600460,士兰微,a,cn
2025-01-27,000300,600482,中国动力,a,cn
2025-01-27,000300,600489,中金黄金,a,cn
2025-01-27,000300,600515,海南机场,a,cn
2025-01-27,000300,600519,贵州茅台,a,cn
2025-01-27,000300,600547,山东黄金,a,cn
2025-01-27,000300,600570,恒生电子,a,cn
2025-01-27,000300,600584,长电科技,a,cn
2025-01-27,000300,600585,海螺水泥,a,cn
2025-01-27,000300,600588,用友网络,a,cn
2025-01-27,000300,600600,青岛啤酒,a,cn
2025-01-27,000300,600660,福耀玻璃,a,cn
2025-01-27,000300,600674,川投能源,a,cn
2025-01-27,000300,600690,海尔智家,a,cn
2025-01-27,000300,600741,华域汽车,a,cn
2025-01-27,000300,600745,*ST闻泰,a,cn
2025-01-27,000300,600760,中航沈飞,a,cn
2025-01-27,000300,600795,国电电力,a,cn
2025-01-27,000300,600803,新奥股份,a,cn
2025-01-27,000300,600809,山西汾酒,a,cn
2025-01-27,000300,600837,海通证券,a,cn
2025-01-27,000300,600845,宝信软件,a,cn
2025-01-27,000300,600875,东方电气,a,cn
2025-01-27,000300,600886,国投电力,a,cn
2025-01-27,000300,600887,伊利股份,a,cn
2025-01-27,000300,600893,航发动力,a,cn
2025-01-27,000300,600900,长江电力,a,cn
2025-01-27,000300,600905,三峡能源,a,cn
2025-01-27,000300,600918,中泰证券,a,cn
2025-01-27,000300,600919,江苏银行,a,cn
2025-01-27,000300,600926,杭州银行,a,cn
2025-01-27,000300,600938,中国海油,a,cn
2025-01-27,000300,600941,中国移动,a,cn
2025-01-27,000300,600958,东方证券,a,cn
2025-01-27,000300,600989,宝丰能源,a,cn
2025-01-27,000300,600999,招商证券,a,cn
2025-01-27,000300,601006,大秦铁路,a,cn
2025-01-27,000300,601009,南京银行,a,cn
2025-01-27,000300,601012,隆基绿能,a,cn
2025-01-27,000300,601021,春秋航空,a,cn
2025-01-27,000300,601059,信达证券,a,cn
2025-01-27,000300,601066,中信建投,a,cn
2025-01-27,000300,601088,中国神华,a,cn
2025-01-27,000300,601100,恒立液压,a,cn
2025-01-27,000300,601111,中国国航,a,cn
2025-01-27,000300,601117,中国化学,a,cn
2025-01-27,000300,601127,赛力斯,a,cn
2025-01-27,000300,601136,首创证券,a,cn
2025-01-27,000300,601138,工业富联,a,cn
2025-01-27,000300,601166,兴业银行,a,cn
2025-01-27,000300,601169,北京银行,a,cn
2025-01-27,000300,601186,中国铁建,a,cn
2025-01-27,000300,601211,国泰海通,a,cn
2025-01-27,000300,601225,陕西煤业,a,cn
2025-01-27,000300,601229,上海银行,a,cn
2025-01-27,000300,601236,红塔证券,a,cn
2025-01-27,000300,601238,广汽集团,a,cn
2025-01-27,000300,601288,农业银行,a,cn
2025-01-27,000300,601318,中国平安,a,cn
2025-01-27,000300,601319,中国人保,a,cn
2025-01-27,000300,601328,交通银行,a,cn
2025-01-27,000300,601336,新华保险,a,cn
2025-01-27,000300,601360,三六零,a,cn
2025-01-27,000300,601377,兴业证券,a,cn
2025-01-27,000300,601390,中国中铁,a,cn
2025-01-27,000300,601398,工商银行,a,cn
2025-01-27,000300,601600,中国铝业,a,cn
2025-01-27,000300,601601,中国太保,a,cn
2025-01-27,000300,601607,上海医药,a,cn
2025-01-27,000300,601618,中国中冶,a,cn
2025-01-27,000300,601628,中国人寿,a,cn
2025-01-27,000300,601633,长城汽车,a,cn
2025-01-27,000300,601658,邮储银行,a,cn
2025-01-27,000300,601668,中国建筑,a,cn
2025-01-27,000300,601669,中国电建,a,cn
2025-01-27,000300,601688,华泰证券,a,cn
2025-01-27,000300,601689,拓普集团,a,cn
2025-01-27,000300,601698,中国卫通,a,cn
2025-01-27,000300,601699,潞安环能,a,cn
2025-01-27,000300,601728,中国电信,a,cn
2025-01-27,000300,601766,中国中车,a,cn
2025-01-27,000300,601788,光大证券,a,cn
2025-01-27,000300,601799,星宇股份,a,cn
2025-01-27,000300,601800,中国交建,a,cn
2025-01-27,000300,601808,中海油服,a,cn
2025-01-27,000300,601816,京沪高铁,a,cn
2025-01-27,000300,601818,光大银行,a,cn
2025-01-27,000300,601838,成都银行,a,cn
2025-01-27,000300,601857,中国石油,a,cn
2025-01-27,000300,601865,福莱特,a,cn
2025-01-27,000300,601868,中国能建,a,cn
2025-01-27,000300,601872,招商轮船,a,cn
2025-01-27,000300,601877,正泰电器,a,cn
2025-01-27,000300,601878,浙商证券,a,cn
2025-01-27,000300,601881,中国银河,a,cn
2025-01-27,000300,601888,中国中免,a,cn
2025-01-27,000300,601898,中煤能源,a,cn
2025-01-27,000300,601899,紫金矿业,a,cn
2025-01-27,000300,601901,方正证券,a,cn
2025-01-27,000300,601916,浙商银行,a,cn
2025-01-27,000300,601919,中远海控,a,cn
2025-01-27,000300,601939,建设银行,a,cn
2025-01-27,000300,601985,中国核电,a,cn
2025-01-27,000300,601988,中国银行,a,cn
2025-01-27,000300,601989,中国重工,a,cn
2025-01-27,000300,601995,中金公司,a,cn
2025-01-27,000300,601998,中信银行,a,cn
2025-01-27,000300,603019,中科曙光,a,cn
2025-01-27,000300,603195,公牛集团,a,cn
2025-01-27,000300,603259,药明康德,a,cn
2025-01-27,000300,603260,合盛硅业,a,cn
2025-01-27,000300,603288,海天味业,a,cn
2025-01-27,000300,603296,华勤技术,a,cn
2025-01-27,000300,603369,今世缘,a,cn
2025-01-27,000300,603392,万泰生物,a,cn
2025-01-27,000300,603501,豪威集团,a,cn
2025-01-27,000300,603659,璞泰来,a,cn
2025-01-27,000300,603799,华友钴业,a,cn
2025-01-27,000300,603806,福斯特,a,cn
2025-01-27,000300,603833,欧派家居,a,cn
2025-01-27,000300,603986,兆易创新,a,cn
2025-01-27,000300,603993,洛阳钼业,a,cn
2025-01-27,000300,605117,德业股份,a,cn
2025-01-27,000300,605499,东鹏饮料,a,cn
2025-01-27,000300,688008,澜起科技,a,cn
2025-01-27,000300,688009,中国通号,a,cn
2025-01-27,000300,688012,中微公司,a,cn
2025-01-27,000300,688036,传音控股,a,cn
2025-01-27,000300,688041,海光信息,a,cn
2025-01-27,000300,688082,盛美上海,a,cn
2025-01-27,000300,688111,金山办公,a,cn
2025-01-27,000300,688126,沪硅产业,a,cn
2025-01-27,000300,688169,石头科技,a,cn
2025-01-27,000300,688187,时代电气,a,cn
2025-01-27,000300,688223,晶科能源,a,cn
2025-01-27,000300,688256,寒武纪,a,cn
2025-01-27,000300,688271,联影医疗,a,cn
2025-01-27,000300,688303,大全能源,a,cn
2025-01-27,000300,688396,华润微,a,cn
2025-01-27,000300,688472,阿特斯,a,cn
2025-01-27,000300,688506,百利天恒,a,cn
2025-01-27,000300,688599,天合光能,a,cn
2025-01-27,000300,688981,中芯国际,a,cn
2025-02-28,000300,000001,平安银行,a,cn
2025-02-28,000300,000002,万科A,a,cn
2025-02-28,000300,000063,中兴通讯,a,cn
2025-02-28,000300,000100,TCL科技,a,cn
2025-02-28,000300,000157,中联重科,a,cn
2025-02-28,000300,000166,申万宏源,a,cn
2025-02-28,000300,000301,东方盛虹,a,cn
2025-02-28,000300,000333,美的集团,a,cn
2025-02-28,000300,000338,潍柴动力,a,cn
2025-02-28,000300,000408,藏格矿业,a,cn
2025-02-28,000300,000425,徐工机械,a,cn
2025-02-28,000300,000538,云南白药,a,cn
2025-02-28,000300,000568,泸州老窖,a,cn
2025-02-28,000300,000596,古井贡酒,a,cn
2025-02-28,000300,000617,中油资本,a,cn
2025-02-28,000300,000625,长安汽车,a,cn
2025-02-28,000300,000630,铜陵有色,a,cn
2025-02-28,000300,000651,格力电器,a,cn
2025-02-28,000300,000661,长春高新,a,cn
2025-02-28,000300,000708,中信特钢,a,cn
2025-02-28,000300,000725,京东方A,a,cn
2025-02-28,000300,000768,中航西飞,a,cn
2025-02-28,000300,000776,广发证券,a,cn
2025-02-28,000300,000786,北新建材,a,cn
2025-02-28,000300,000792,盐湖股份,a,cn
2025-02-28,000300,000800,一汽解放,a,cn
2025-02-28,000300,000807,云铝股份,a,cn
2025-02-28,000300,000858,五粮液,a,cn
2025-02-28,000300,000876,新希望,a,cn
2025-02-28,000300,000895,双汇发展,a,cn
2025-02-28,000300,000938,紫光股份,a,cn
2025-02-28,000300,000963,华东医药,a,cn
2025-02-28,000300,000975,山金国际,a,cn
2025-02-28,000300,000977,浪潮信息,a,cn
2025-02-28,000300,000983,山西焦煤,a,cn
2025-02-28,000300,000999,华润三九,a,cn
2025-02-28,000300,001289,龙源电力,a,cn
2025-02-28,000300,001965,招商公路,a,cn
2025-02-28,000300,001979,招商蛇口,a,cn
2025-02-28,000300,002001,新和成,a,cn
2025-02-28,000300,002007,华兰生物,a,cn
2025-02-28,000300,002027,分众传媒,a,cn
2025-02-28,000300,002028,思源电气,a,cn
2025-02-28,000300,002049,紫光国微,a,cn
2025-02-28,000300,002050,三花智控,a,cn
2025-02-28,000300,002074,国轩高科,a,cn
2025-02-28,000300,002129,TCL中环,a,cn
2025-02-28,000300,002142,宁波银行,a,cn
2025-02-28,000300,002179,中航光电,a,cn
2025-02-28,000300,002180,奔图科技,a,cn
2025-02-28,000300,002230,科大讯飞,a,cn
2025-02-28,000300,002236,大华股份,a,cn
2025-02-28,000300,002241,歌尔股份,a,cn
2025-02-28,000300,002252,上海莱士,a,cn
2025-02-28,000300,002271,东方雨虹,a,cn
2025-02-28,000300,002304,洋河股份,a,cn
2025-02-28,000300,002311,海大集团,a,cn
2025-02-28,000300,002352,顺丰控股,a,cn
2025-02-28,000300,002371,北方华创,a,cn
2025-02-28,000300,002415,海康威视,a,cn
2025-02-28,000300,002422,科伦药业,a,cn
2025-02-28,000300,002459,晶澳科技,a,cn
2025-02-28,000300,002460,赣锋锂业,a,cn
2025-02-28,000300,002463,沪电股份,a,cn
2025-02-28,000300,002466,天齐锂业,a,cn
2025-02-28,000300,002475,立讯精密,a,cn
2025-02-28,000300,002493,荣盛石化,a,cn
2025-02-28,000300,002555,三七互娱,a,cn
2025-02-28,000300,002594,比亚迪,a,cn
2025-02-28,000300,002601,龙佰集团,a,cn
2025-02-28,000300,002648,卫星化学,a,cn
2025-02-28,000300,002709,天赐材料,a,cn
2025-02-28,000300,002714,牧原股份,a,cn
2025-02-28,000300,002736,国信证券,a,cn
2025-02-28,000300,002812,恩捷股份,a,cn
2025-02-28,000300,002916,深南电路,a,cn
2025-02-28,000300,002920,德赛西威,a,cn
2025-02-28,000300,002938,鹏鼎控股,a,cn
2025-02-28,000300,003816,中国广核,a,cn
2025-02-28,000300,300014,亿纬锂能,a,cn
2025-02-28,000300,300015,爱尔眼科,a,cn
2025-02-28,000300,300033,同花顺,a,cn
2025-02-28,000300,300059,东方财富,a,cn
2025-02-28,000300,300122,智飞生物,a,cn
2025-02-28,000300,300124,汇川技术,a,cn
2025-02-28,000300,300274,阳光电源,a,cn
2025-02-28,000300,300308,中际旭创,a,cn
2025-02-28,000300,300316,晶盛机电,a,cn
2025-02-28,000300,300347,泰格医药,a,cn
2025-02-28,000300,300394,天孚通信,a,cn
2025-02-28,000300,300408,三环集团,a,cn
2025-02-28,000300,300413,芒果超媒,a,cn
2025-02-28,000300,300418,昆仑万维,a,cn
2025-02-28,000300,300433,蓝思科技,a,cn
2025-02-28,000300,300442,润泽科技,a,cn
2025-02-28,000300,300450,先导智能,a,cn
2025-02-28,000300,300498,温氏股份,a,cn
2025-02-28,000300,300502,新易盛,a,cn
2025-02-28,000300,300628,亿联网络,a,cn
2025-02-28,000300,300661,圣邦股份,a,cn
2025-02-28,000300,300750,宁德时代,a,cn
2025-02-28,000300,300759,康龙化成,a,cn
2025-02-28,000300,300760,迈瑞医疗,a,cn
2025-02-28,000300,300782,卓胜微,a,cn
2025-02-28,000300,300832,新产业,a,cn
2025-02-28,000300,300896,爱美客,a,cn
2025-02-28,000300,300979,华利集团,a,cn
2025-02-28,000300,300999,金龙鱼,a,cn
2025-02-28,000300,301269,华大九天,a,cn
2025-02-28,000300,600000,浦发银行,a,cn
2025-02-28,000300,600009,上海机场,a,cn
2025-02-28,000300,600010,包钢股份,a,cn
2025-02-28,000300,600011,华能国际,a,cn
2025-02-28,000300,600015,华夏银行,a,cn
2025-02-28,000300,600016,民生银行,a,cn
2025-02-28,000300,600018,上港集团,a,cn
2025-02-28,000300,600019,宝钢股份,a,cn
2025-02-28,000300,600023,浙能电力,a,cn
2025-02-28,000300,600025,华能水电,a,cn
2025-02-28,000300,600026,中远海能,a,cn
2025-02-28,000300,600027,华电国际,a,cn
2025-02-28,000300,600028,中国石化,a,cn
2025-02-28,000300,600029,南方航空,a,cn
2025-02-28,000300,600030,中信证券,a,cn
2025-02-28,000300,600031,三一重工,a,cn
2025-02-28,000300,600036,招商银行,a,cn
2025-02-28,000300,600039,四川路桥,a,cn
2025-02-28,000300,600048,保利发展,a,cn
2025-02-28,000300,600050,中国联通,a,cn
2025-02-28,000300,600061,国投资本,a,cn
2025-02-28,000300,600066,宇通客车,a,cn
2025-02-28,000300,600085,同仁堂,a,cn
2025-02-28,000300,600089,特变电工,a,cn
2025-02-28,000300,600104,上汽集团,a,cn
2025-02-28,000300,600111,北方稀土,a,cn
2025-02-28,000300,600115,中国东航,a,cn
2025-02-28,000300,600150,中国船舶,a,cn
2025-02-28,000300,600160,巨化股份,a,cn
2025-02-28,000300,600161,天坛生物,a,cn
2025-02-28,000300,600176,中国巨石,a,cn
2025-02-28,000300,600183,生益科技,a,cn
2025-02-28,000300,600188,兖矿能源,a,cn
2025-02-28,000300,600196,复星医药,a,cn
2025-02-28,000300,600219,南山铝业,a,cn
2025-02-28,000300,600233,圆通速递,a,cn
2025-02-28,000300,600276,恒瑞医药,a,cn
2025-02-28,000300,600309,万华化学,a,cn
2025-02-28,000300,600332,白云山,a,cn
2025-02-28,000300,600346,恒力石化,a,cn
2025-02-28,000300,600362,江西铜业,a,cn
2025-02-28,000300,600372,中航机载,a,cn
2025-02-28,000300,600377,宁沪高速,a,cn
2025-02-28,000300,600406,国电南瑞,a,cn
2025-02-28,000300,600415,小商品城,a,cn
2025-02-28,000300,600426,华鲁恒升,a,cn
2025-02-28,000300,600436,片仔癀,a,cn
2025-02-28,000300,600438,通威股份,a,cn
2025-02-28,000300,600460,士兰微,a,cn
2025-02-28,000300,600482,中国动力,a,cn
2025-02-28,000300,600489,中金黄金,a,cn
2025-02-28,000300,600515,海南机场,a,cn
2025-02-28,000300,600519,贵州茅台,a,cn
2025-02-28,000300,600547,山东黄金,a,cn
2025-02-28,000300,600570,恒生电子,a,cn
2025-02-28,000300,600584,长电科技,a,cn
2025-02-28,000300,600585,海螺水泥,a,cn
2025-02-28,000300,600588,用友网络,a,cn
2025-02-28,000300,600600,青岛啤酒,a,cn
2025-02-28,000300,600660,福耀玻璃,a,cn
2025-02-28,000300,600674,川投能源,a,cn
2025-02-28,000300,600690,海尔智家,a,cn
2025-02-28,000300,600741,华域汽车,a,cn
2025-02-28,000300,600745,*ST闻泰,a,cn
2025-02-28,000300,600760,中航沈飞,a,cn
2025-02-28,000300,600795,国电电力,a,cn
2025-02-28,000300,600803,新奥股份,a,cn
2025-02-28,000300,600809,山西汾酒,a,cn
2025-02-28,000300,600837,海通证券,a,cn
2025-02-28,000300,600845,宝信软件,a,cn
2025-02-28,000300,600875,东方电气,a,cn
2025-02-28,000300,600886,国投电力,a,cn
2025-02-28,000300,600887,伊利股份,a,cn
2025-02-28,000300,600893,航发动力,a,cn
2025-02-28,000300,600900,长江电力,a,cn
2025-02-28,000300,600905,三峡能源,a,cn
2025-02-28,000300,600918,中泰证券,a,cn
2025-02-28,000300,600919,江苏银行,a,cn
2025-02-28,000300,600926,杭州银行,a,cn
2025-02-28,000300,600938,中国海油,a,cn
2025-02-28,000300,600941,中国移动,a,cn
2025-02-28,000300,600958,东方证券,a,cn
2025-02-28,000300,600989,宝丰能源,a,cn
2025-02-28,000300,600999,招商证券,a,cn
2025-02-28,000300,601006,大秦铁路,a,cn
2025-02-28,000300,601009,南京银行,a,cn
2025-02-28,000300,601012,隆基绿能,a,cn
2025-02-28,000300,601021,春秋航空,a,cn
2025-02-28,000300,601059,信达证券,a,cn
2025-02-28,000300,601066,中信建投,a,cn
2025-02-28,000300,601088,中国神华,a,cn
2025-02-28,000300,601100,恒立液压,a,cn
2025-02-28,000300,601111,中国国航,a,cn
2025-02-28,000300,601117,中国化学,a,cn
2025-02-28,000300,601127,赛力斯,a,cn
2025-02-28,000300,601136,首创证券,a,cn
2025-02-28,000300,601138,工业富联,a,cn
2025-02-28,000300,601166,兴业银行,a,cn
2025-02-28,000300,601169,北京银行,a,cn
2025-02-28,000300,601186,中国铁建,a,cn
2025-02-28,000300,601211,国泰海通,a,cn
2025-02-28,000300,601225,陕西煤业,a,cn
2025-02-28,000300,601229,上海银行,a,cn
2025-02-28,000300,601236,红塔证券,a,cn
2025-02-28,000300,601238,广汽集团,a,cn
2025-02-28,000300,601288,农业银行,a,cn
2025-02-28,000300,601318,中国平安,a,cn
2025-02-28,000300,601319,中国人保,a,cn
2025-02-28,000300,601328,交通银行,a,cn
2025-02-28,000300,601336,新华保险,a,cn
2025-02-28,000300,601360,三六零,a,cn
2025-02-28,000300,601377,兴业证券,a,cn
2025-02-28,000300,601390,中国中铁,a,cn
2025-02-28,000300,601398,工商银行,a,cn
2025-02-28,000300,601600,中国铝业,a,cn
2025-02-28,000300,601601,中国太保,a,cn
2025-02-28,000300,601607,上海医药,a,cn
2025-02-28,000300,601618,中国中冶,a,cn
2025-02-28,000300,601628,中国人寿,a,cn
2025-02-28,000300,601633,长城汽车,a,cn
2025-02-28,000300,601658,邮储银行,a,cn
2025-02-28,000300,601668,中国建筑,a,cn
2025-02-28,000300,601669,中国电建,a,cn
2025-02-28,000300,601688,华泰证券,a,cn
2025-02-28,000300,601689,拓普集团,a,cn
2025-02-28,000300,601698,中国卫通,a,cn
2025-02-28,000300,601699,潞安环能,a,cn
2025-02-28,000300,601728,中国电信,a,cn
2025-02-28,000300,601766,中国中车,a,cn
2025-02-28,000300,601788,光大证券,a,cn
2025-02-28,000300,601799,星宇股份,a,cn
2025-02-28,000300,601800,中国交建,a,cn
2025-02-28,000300,601808,中海油服,a,cn
2025-02-28,000300,601816,京沪高铁,a,cn
2025-02-28,000300,601818,光大银行,a,cn
2025-02-28,000300,601838,成都银行,a,cn
2025-02-28,000300,601857,中国石油,a,cn
2025-02-28,000300,601865,福莱特,a,cn
2025-02-28,000300,601868,中国能建,a,cn
2025-02-28,000300,601872,招商轮船,a,cn
2025-02-28,000300,601877,正泰电器,a,cn
2025-02-28,000300,601878,浙商证券,a,cn
2025-02-28,000300,601881,中国银河,a,cn
2025-02-28,000300,601888,中国中免,a,cn
2025-02-28,000300,601898,中煤能源,a,cn
2025-02-28,000300,601899,紫金矿业,a,cn
2025-02-28,000300,601901,方正证券,a,cn
2025-02-28,000300,601916,浙商银行,a,cn
2025-02-28,000300,601919,中远海控,a,cn
2025-02-28,000300,601939,建设银行,a,cn
2025-02-28,000300,601985,中国核电,a,cn
2025-02-28,000300,601988,中国银行,a,cn
2025-02-28,000300,601989,中国重工,a,cn
2025-02-28,000300,601995,中金公司,a,cn
2025-02-28,000300,601998,中信银行,a,cn
2025-02-28,000300,603019,中科曙光,a,cn
2025-02-28,000300,603195,公牛集团,a,cn
2025-02-28,000300,603259,药明康德,a,cn
2025-02-28,000300,603260,合盛硅业,a,cn
2025-02-28,000300,603288,海天味业,a,cn
2025-02-28,000300,603296,华勤技术,a,cn
2025-02-28,000300,603369,今世缘,a,cn
2025-02-28,000300,603392,万泰生物,a,cn
2025-02-28,000300,603501,豪威集团,a,cn
2025-02-28,000300,603659,璞泰来,a,cn
2025-02-28,000300,603799,华友钴业,a,cn
2025-02-28,000300,603806,福斯特,a,cn
2025-02-28,000300,603833,欧派家居,a,cn
2025-02-28,000300,603986,兆易创新,a,cn
2025-02-28,000300,603993,洛阳钼业,a,cn
2025-02-28,000300,605117,德业股份,a,cn
2025-02-28,000300,605499,东鹏饮料,a,cn
2025-02-28,000300,688008,澜起科技,a,cn
2025-02-28,000300,688009,中国通号,a,cn
2025-02-28,000300,688012,中微公司,a,cn
2025-02-28,000300,688036,传音控股,a,cn
2025-02-28,000300,688041,海光信息,a,cn
2025-02-28,000300,688082,盛美上海,a,cn
2025-02-28,000300,688111,金山办公,a,cn
2025-02-28,000300,688126,沪硅产业,a,cn
2025-02-28,000300,688169,石头科技,a,cn
2025-02-28,000300,688187,时代电气,a,cn
2025-02-28,000300,688223,晶科能源,a,cn
2025-02-28,000300,688256,寒武纪,a,cn
2025-02-28,000300,688271,联影医疗,a,cn
2025-02-28,000300,688303,大全能源,a,cn
2025-02-28,000300,688396,华润微,a,cn
2025-02-28,000300,688472,阿特斯,a,cn
2025-02-28,000300,688506,百利天恒,a,cn
2025-02-28,000300,688599,天合光能,a,cn
2025-02-28,000300,688981,中芯国际,a,cn
2025-03-31,000300,000001,平安银行,a,cn
2025-03-31,000300,000002,万科A,a,cn
2025-03-31,000300,000063,中兴通讯,a,cn
2025-03-31,000300,000100,TCL科技,a,cn
2025-03-31,000300,000157,中联重科,a,cn
2025-03-31,000300,000166,申万宏源,a,cn
2025-03-31,000300,000301,东方盛虹,a,cn
2025-03-31,000300,000333,美的集团,a,cn
2025-03-31,000300,000338,潍柴动力,a,cn
2025-03-31,000300,000408,藏格矿业,a,cn
2025-03-31,000300,000425,徐工机械,a,cn
2025-03-31,000300,000538,云南白药,a,cn
2025-03-31,000300,000568,泸州老窖,a,cn
2025-03-31,000300,000596,古井贡酒,a,cn
2025-03-31,000300,000617,中油资本,a,cn
2025-03-31,000300,000625,长安汽车,a,cn
2025-03-31,000300,000630,铜陵有色,a,cn
2025-03-31,000300,000651,格力电器,a,cn
2025-03-31,000300,000661,长春高新,a,cn
2025-03-31,000300,000708,中信特钢,a,cn
2025-03-31,000300,000725,京东方A,a,cn
2025-03-31,000300,000768,中航西飞,a,cn
2025-03-31,000300,000776,广发证券,a,cn
2025-03-31,000300,000786,北新建材,a,cn
2025-03-31,000300,000792,盐湖股份,a,cn
2025-03-31,000300,000800,一汽解放,a,cn
2025-03-31,000300,000807,云铝股份,a,cn
2025-03-31,000300,000858,五粮液,a,cn
2025-03-31,000300,000876,新希望,a,cn
2025-03-31,000300,000895,双汇发展,a,cn
2025-03-31,000300,000938,紫光股份,a,cn
2025-03-31,000300,000963,华东医药,a,cn
2025-03-31,000300,000975,山金国际,a,cn
2025-03-31,000300,000977,浪潮信息,a,cn
2025-03-31,000300,000983,山西焦煤,a,cn
2025-03-31,000300,000999,华润三九,a,cn
2025-03-31,000300,001289,龙源电力,a,cn
2025-03-31,000300,001965,招商公路,a,cn
2025-03-31,000300,001979,招商蛇口,a,cn
2025-03-31,000300,002001,新和成,a,cn
2025-03-31,000300,002007,华兰生物,a,cn
2025-03-31,000300,002027,分众传媒,a,cn
2025-03-31,000300,002028,思源电气,a,cn
2025-03-31,000300,002049,紫光国微,a,cn
2025-03-31,000300,002050,三花智控,a,cn
2025-03-31,000300,002074,国轩高科,a,cn
2025-03-31,000300,002129,TCL中环,a,cn
2025-03-31,000300,002142,宁波银行,a,cn
2025-03-31,000300,002179,中航光电,a,cn
2025-03-31,000300,002180,奔图科技,a,cn
2025-03-31,000300,002230,科大讯飞,a,cn
2025-03-31,000300,002236,大华股份,a,cn
2025-03-31,000300,002241,歌尔股份,a,cn
2025-03-31,000300,002252,上海莱士,a,cn
2025-03-31,000300,002271,东方雨虹,a,cn
2025-03-31,000300,002304,洋河股份,a,cn
2025-03-31,000300,002311,海大集团,a,cn
2025-03-31,000300,002352,顺丰控股,a,cn
2025-03-31,000300,002371,北方华创,a,cn
2025-03-31,000300,002415,海康威视,a,cn
2025-03-31,000300,002422,科伦药业,a,cn
2025-03-31,000300,002459,晶澳科技,a,cn
2025-03-31,000300,002460,赣锋锂业,a,cn
2025-03-31,000300,002463,沪电股份,a,cn
2025-03-31,000300,002466,天齐锂业,a,cn
2025-03-31,000300,002475,立讯精密,a,cn
2025-03-31,000300,002493,荣盛石化,a,cn
2025-03-31,000300,002555,三七互娱,a,cn
2025-03-31,000300,002594,比亚迪,a,cn
2025-03-31,000300,002601,龙佰集团,a,cn
2025-03-31,000300,002648,卫星化学,a,cn
2025-03-31,000300,002709,天赐材料,a,cn
2025-03-31,000300,002714,牧原股份,a,cn
2025-03-31,000300,002736,国信证券,a,cn
2025-03-31,000300,002812,恩捷股份,a,cn
2025-03-31,000300,002916,深南电路,a,cn
2025-03-31,000300,002920,德赛西威,a,cn
2025-03-31,000300,002938,鹏鼎控股,a,cn
2025-03-31,000300,003816,中国广核,a,cn
2025-03-31,000300,300014,亿纬锂能,a,cn
2025-03-31,000300,300015,爱尔眼科,a,cn
2025-03-31,000300,300033,同花顺,a,cn
2025-03-31,000300,300059,东方财富,a,cn
2025-03-31,000300,300122,智飞生物,a,cn
2025-03-31,000300,300124,汇川技术,a,cn
2025-03-31,000300,300274,阳光电源,a,cn
2025-03-31,000300,300308,中际旭创,a,cn
2025-03-31,000300,300316,晶盛机电,a,cn
2025-03-31,000300,300347,泰格医药,a,cn
2025-03-31,000300,300394,天孚通信,a,cn
2025-03-31,000300,300408,三环集团,a,cn
2025-03-31,000300,300413,芒果超媒,a,cn
2025-03-31,000300,300418,昆仑万维,a,cn
2025-03-31,000300,300433,蓝思科技,a,cn
2025-03-31,000300,300442,润泽科技,a,cn
2025-03-31,000300,300450,先导智能,a,cn
2025-03-31,000300,300498,温氏股份,a,cn
2025-03-31,000300,300502,新易盛,a,cn
2025-03-31,000300,300628,亿联网络,a,cn
2025-03-31,000300,300661,圣邦股份,a,cn
2025-03-31,000300,300750,宁德时代,a,cn
2025-03-31,000300,300759,康龙化成,a,cn
2025-03-31,000300,300760,迈瑞医疗,a,cn
2025-03-31,000300,300782,卓胜微,a,cn
2025-03-31,000300,300832,新产业,a,cn
2025-03-31,000300,300896,爱美客,a,cn
2025-03-31,000300,300979,华利集团,a,cn
2025-03-31,000300,300999,金龙鱼,a,cn
2025-03-31,000300,301269,华大九天,a,cn
2025-03-31,000300,600000,浦发银行,a,cn
2025-03-31,000300,600009,上海机场,a,cn
2025-03-31,000300,600010,包钢股份,a,cn
2025-03-31,000300,600011,华能国际,a,cn
2025-03-31,000300,600015,华夏银行,a,cn
2025-03-31,000300,600016,民生银行,a,cn
2025-03-31,000300,600018,上港集团,a,cn
2025-03-31,000300,600019,宝钢股份,a,cn
2025-03-31,000300,600023,浙能电力,a,cn
2025-03-31,000300,600025,华能水电,a,cn
2025-03-31,000300,600026,中远海能,a,cn
2025-03-31,000300,600027,华电国际,a,cn
2025-03-31,000300,600028,中国石化,a,cn
2025-03-31,000300,600029,南方航空,a,cn
2025-03-31,000300,600030,中信证券,a,cn
2025-03-31,000300,600031,三一重工,a,cn
2025-03-31,000300,600036,招商银行,a,cn
2025-03-31,000300,600039,四川路桥,a,cn
2025-03-31,000300,600048,保利发展,a,cn
2025-03-31,000300,600050,中国联通,a,cn
2025-03-31,000300,600061,国投资本,a,cn
2025-03-31,000300,600066,宇通客车,a,cn
2025-03-31,000300,600085,同仁堂,a,cn
2025-03-31,000300,600089,特变电工,a,cn
2025-03-31,000300,600104,上汽集团,a,cn
2025-03-31,000300,600111,北方稀土,a,cn
2025-03-31,000300,600115,中国东航,a,cn
2025-03-31,000300,600150,中国船舶,a,cn
2025-03-31,000300,600160,巨化股份,a,cn
2025-03-31,000300,600161,天坛生物,a,cn
2025-03-31,000300,600176,中国巨石,a,cn
2025-03-31,000300,600183,生益科技,a,cn
2025-03-31,000300,600188,兖矿能源,a,cn
2025-03-31,000300,600196,复星医药,a,cn
2025-03-31,000300,600219,南山铝业,a,cn
2025-03-31,000300,600233,圆通速递,a,cn
2025-03-31,000300,600276,恒瑞医药,a,cn
2025-03-31,000300,600309,万华化学,a,cn
2025-03-31,000300,600332,白云山,a,cn
2025-03-31,000300,600346,恒力石化,a,cn
2025-03-31,000300,600362,江西铜业,a,cn
2025-03-31,000300,600372,中航机载,a,cn
2025-03-31,000300,600377,宁沪高速,a,cn
2025-03-31,000300,600406,国电南瑞,a,cn
2025-03-31,000300,600415,小商品城,a,cn
2025-03-31,000300,600426,华鲁恒升,a,cn
2025-03-31,000300,600436,片仔癀,a,cn
2025-03-31,000300,600438,通威股份,a,cn
2025-03-31,000300,600460,士兰微,a,cn
2025-03-31,000300,600482,中国动力,a,cn
2025-03-31,000300,600489,中金黄金,a,cn
2025-03-31,000300,600515,海南机场,a,cn
2025-03-31,000300,600519,贵州茅台,a,cn
2025-03-31,000300,600547,山东黄金,a,cn
2025-03-31,000300,600570,恒生电子,a,cn
2025-03-31,000300,600584,长电科技,a,cn
2025-03-31,000300,600585,海螺水泥,a,cn
2025-03-31,000300,600588,用友网络,a,cn
2025-03-31,000300,600600,青岛啤酒,a,cn
2025-03-31,000300,600660,福耀玻璃,a,cn
2025-03-31,000300,600674,川投能源,a,cn
2025-03-31,000300,600690,海尔智家,a,cn
2025-03-31,000300,600741,华域汽车,a,cn
2025-03-31,000300,600745,*ST闻泰,a,cn
2025-03-31,000300,600760,中航沈飞,a,cn
2025-03-31,000300,600795,国电电力,a,cn
2025-03-31,000300,600803,新奥股份,a,cn
2025-03-31,000300,600809,山西汾酒,a,cn
2025-03-31,000300,600845,宝信软件,a,cn
2025-03-31,000300,600875,东方电气,a,cn
2025-03-31,000300,600886,国投电力,a,cn
2025-03-31,000300,600887,伊利股份,a,cn
2025-03-31,000300,600893,航发动力,a,cn
2025-03-31,000300,600900,长江电力,a,cn
2025-03-31,000300,600905,三峡能源,a,cn
2025-03-31,000300,600918,中泰证券,a,cn
2025-03-31,000300,600919,江苏银行,a,cn
2025-03-31,000300,600926,杭州银行,a,cn
2025-03-31,000300,600938,中国海油,a,cn
2025-03-31,000300,600941,中国移动,a,cn
2025-03-31,000300,600958,东方证券,a,cn
2025-03-31,000300,600989,宝丰能源,a,cn
2025-03-31,000300,600999,招商证券,a,cn
2025-03-31,000300,601006,大秦铁路,a,cn
2025-03-31,000300,601009,南京银行,a,cn
2025-03-31,000300,601012,隆基绿能,a,cn
2025-03-31,000300,601021,春秋航空,a,cn
2025-03-31,000300,601058,赛轮轮胎,a,cn
2025-03-31,000300,601059,信达证券,a,cn
2025-03-31,000300,601066,中信建投,a,cn
2025-03-31,000300,601088,中国神华,a,cn
2025-03-31,000300,601100,恒立液压,a,cn
2025-03-31,000300,601111,中国国航,a,cn
2025-03-31,000300,601117,中国化学,a,cn
2025-03-31,000300,601127,赛力斯,a,cn
2025-03-31,000300,601136,首创证券,a,cn
2025-03-31,000300,601138,工业富联,a,cn
2025-03-31,000300,601166,兴业银行,a,cn
2025-03-31,000300,601169,北京银行,a,cn
2025-03-31,000300,601186,中国铁建,a,cn
2025-03-31,000300,601211,国泰海通,a,cn
2025-03-31,000300,601225,陕西煤业,a,cn
2025-03-31,000300,601229,上海银行,a,cn
2025-03-31,000300,601236,红塔证券,a,cn
2025-03-31,000300,601238,广汽集团,a,cn
2025-03-31,000300,601288,农业银行,a,cn
2025-03-31,000300,601318,中国平安,a,cn
2025-03-31,000300,601319,中国人保,a,cn
2025-03-31,000300,601328,交通银行,a,cn
2025-03-31,000300,601336,新华保险,a,cn
2025-03-31,000300,601360,三六零,a,cn
2025-03-31,000300,601377,兴业证券,a,cn
2025-03-31,000300,601390,中国中铁,a,cn
2025-03-31,000300,601398,工商银行,a,cn
2025-03-31,000300,601600,中国铝业,a,cn
2025-03-31,000300,601601,中国太保,a,cn
2025-03-31,000300,601607,上海医药,a,cn
2025-03-31,000300,601618,中国中冶,a,cn
2025-03-31,000300,601628,中国人寿,a,cn
2025-03-31,000300,601633,长城汽车,a,cn
2025-03-31,000300,601658,邮储银行,a,cn
2025-03-31,000300,601668,中国建筑,a,cn
2025-03-31,000300,601669,中国电建,a,cn
2025-03-31,000300,601688,华泰证券,a,cn
2025-03-31,000300,601689,拓普集团,a,cn
2025-03-31,000300,601698,中国卫通,a,cn
2025-03-31,000300,601699,潞安环能,a,cn
2025-03-31,000300,601728,中国电信,a,cn
2025-03-31,000300,601766,中国中车,a,cn
2025-03-31,000300,601788,光大证券,a,cn
2025-03-31,000300,601799,星宇股份,a,cn
2025-03-31,000300,601800,中国交建,a,cn
2025-03-31,000300,601808,中海油服,a,cn
2025-03-31,000300,601816,京沪高铁,a,cn
2025-03-31,000300,601818,光大银行,a,cn
2025-03-31,000300,601838,成都银行,a,cn
2025-03-31,000300,601857,中国石油,a,cn
2025-03-31,000300,601865,福莱特,a,cn
2025-03-31,000300,601868,中国能建,a,cn
2025-03-31,000300,601872,招商轮船,a,cn
2025-03-31,000300,601877,正泰电器,a,cn
2025-03-31,000300,601878,浙商证券,a,cn
2025-03-31,000300,601881,中国银河,a,cn
2025-03-31,000300,601888,中国中免,a,cn
2025-03-31,000300,601898,中煤能源,a,cn
2025-03-31,000300,601899,紫金矿业,a,cn
2025-03-31,000300,601901,方正证券,a,cn
2025-03-31,000300,601916,浙商银行,a,cn
2025-03-31,000300,601919,中远海控,a,cn
2025-03-31,000300,601939,建设银行,a,cn
2025-03-31,000300,601985,中国核电,a,cn
2025-03-31,000300,601988,中国银行,a,cn
2025-03-31,000300,601989,中国重工,a,cn
2025-03-31,000300,601995,中金公司,a,cn
2025-03-31,000300,601998,中信银行,a,cn
2025-03-31,000300,603019,中科曙光,a,cn
2025-03-31,000300,603195,公牛集团,a,cn
2025-03-31,000300,603259,药明康德,a,cn
2025-03-31,000300,603260,合盛硅业,a,cn
2025-03-31,000300,603288,海天味业,a,cn
2025-03-31,000300,603296,华勤技术,a,cn
2025-03-31,000300,603369,今世缘,a,cn
2025-03-31,000300,603392,万泰生物,a,cn
2025-03-31,000300,603501,豪威集团,a,cn
2025-03-31,000300,603659,璞泰来,a,cn
2025-03-31,000300,603799,华友钴业,a,cn
2025-03-31,000300,603806,福斯特,a,cn
2025-03-31,000300,603833,欧派家居,a,cn
2025-03-31,000300,603986,兆易创新,a,cn
2025-03-31,000300,603993,洛阳钼业,a,cn
2025-03-31,000300,605117,德业股份,a,cn
2025-03-31,000300,605499,东鹏饮料,a,cn
2025-03-31,000300,688008,澜起科技,a,cn
2025-03-31,000300,688009,中国通号,a,cn
2025-03-31,000300,688012,中微公司,a,cn
2025-03-31,000300,688036,传音控股,a,cn
2025-03-31,000300,688041,海光信息,a,cn
2025-03-31,000300,688082,盛美上海,a,cn
2025-03-31,000300,688111,金山办公,a,cn
2025-03-31,000300,688126,沪硅产业,a,cn
2025-03-31,000300,688169,石头科技,a,cn
2025-03-31,000300,688187,时代电气,a,cn
2025-03-31,000300,688223,晶科能源,a,cn
2025-03-31,000300,688256,寒武纪,a,cn
2025-03-31,000300,688271,联影医疗,a,cn
2025-03-31,000300,688303,大全能源,a,cn
2025-03-31,000300,688396,华润微,a,cn
2025-03-31,000300,688472,阿特斯,a,cn
2025-03-31,000300,688506,百利天恒,a,cn
2025-03-31,000300,688599,天合光能,a,cn
2025-03-31,000300,688981,中芯国际,a,cn
2025-04-30,000300,000001,平安银行,a,cn
2025-04-30,000300,000002,万科A,a,cn
2025-04-30,000300,000063,中兴通讯,a,cn
2025-04-30,000300,000100,TCL科技,a,cn
2025-04-30,000300,000157,中联重科,a,cn
2025-04-30,000300,000166,申万宏源,a,cn
2025-04-30,000300,000301,东方盛虹,a,cn
2025-04-30,000300,000333,美的集团,a,cn
2025-04-30,000300,000338,潍柴动力,a,cn
2025-04-30,000300,000408,藏格矿业,a,cn
2025-04-30,000300,000425,徐工机械,a,cn
2025-04-30,000300,000538,云南白药,a,cn
2025-04-30,000300,000568,泸州老窖,a,cn
2025-04-30,000300,000596,古井贡酒,a,cn
2025-04-30,000300,000617,中油资本,a,cn
2025-04-30,000300,000625,长安汽车,a,cn
2025-04-30,000300,000630,铜陵有色,a,cn
2025-04-30,000300,000651,格力电器,a,cn
2025-04-30,000300,000661,长春高新,a,cn
2025-04-30,000300,000708,中信特钢,a,cn
2025-04-30,000300,000725,京东方A,a,cn
2025-04-30,000300,000768,中航西飞,a,cn
2025-04-30,000300,000776,广发证券,a,cn
2025-04-30,000300,000786,北新建材,a,cn
2025-04-30,000300,000792,盐湖股份,a,cn
2025-04-30,000300,000800,一汽解放,a,cn
2025-04-30,000300,000807,云铝股份,a,cn
2025-04-30,000300,000858,五粮液,a,cn
2025-04-30,000300,000876,新希望,a,cn
2025-04-30,000300,000895,双汇发展,a,cn
2025-04-30,000300,000938,紫光股份,a,cn
2025-04-30,000300,000963,华东医药,a,cn
2025-04-30,000300,000975,山金国际,a,cn
2025-04-30,000300,000977,浪潮信息,a,cn
2025-04-30,000300,000983,山西焦煤,a,cn
2025-04-30,000300,000999,华润三九,a,cn
2025-04-30,000300,001289,龙源电力,a,cn
2025-04-30,000300,001965,招商公路,a,cn
2025-04-30,000300,001979,招商蛇口,a,cn
2025-04-30,000300,002001,新和成,a,cn
2025-04-30,000300,002007,华兰生物,a,cn
2025-04-30,000300,002027,分众传媒,a,cn
2025-04-30,000300,002028,思源电气,a,cn
2025-04-30,000300,002049,紫光国微,a,cn
2025-04-30,000300,002050,三花智控,a,cn
2025-04-30,000300,002074,国轩高科,a,cn
2025-04-30,000300,002129,TCL中环,a,cn
2025-04-30,000300,002142,宁波银行,a,cn
2025-04-30,000300,002179,中航光电,a,cn
2025-04-30,000300,002180,奔图科技,a,cn
2025-04-30,000300,002230,科大讯飞,a,cn
2025-04-30,000300,002236,大华股份,a,cn
2025-04-30,000300,002241,歌尔股份,a,cn
2025-04-30,000300,002252,上海莱士,a,cn
2025-04-30,000300,002271,东方雨虹,a,cn
2025-04-30,000300,002304,洋河股份,a,cn
2025-04-30,000300,002311,海大集团,a,cn
2025-04-30,000300,002352,顺丰控股,a,cn
2025-04-30,000300,002371,北方华创,a,cn
2025-04-30,000300,002415,海康威视,a,cn
2025-04-30,000300,002422,科伦药业,a,cn
2025-04-30,000300,002459,晶澳科技,a,cn
2025-04-30,000300,002460,赣锋锂业,a,cn
2025-04-30,000300,002463,沪电股份,a,cn
2025-04-30,000300,002466,天齐锂业,a,cn
2025-04-30,000300,002475,立讯精密,a,cn
2025-04-30,000300,002493,荣盛石化,a,cn
2025-04-30,000300,002555,三七互娱,a,cn
2025-04-30,000300,002594,比亚迪,a,cn
2025-04-30,000300,002601,龙佰集团,a,cn
2025-04-30,000300,002648,卫星化学,a,cn
2025-04-30,000300,002709,天赐材料,a,cn
2025-04-30,000300,002714,牧原股份,a,cn
2025-04-30,000300,002736,国信证券,a,cn
2025-04-30,000300,002812,恩捷股份,a,cn
2025-04-30,000300,002916,深南电路,a,cn
2025-04-30,000300,002920,德赛西威,a,cn
2025-04-30,000300,002938,鹏鼎控股,a,cn
2025-04-30,000300,003816,中国广核,a,cn
2025-04-30,000300,300014,亿纬锂能,a,cn
2025-04-30,000300,300015,爱尔眼科,a,cn
2025-04-30,000300,300033,同花顺,a,cn
2025-04-30,000300,300059,东方财富,a,cn
2025-04-30,000300,300122,智飞生物,a,cn
2025-04-30,000300,300124,汇川技术,a,cn
2025-04-30,000300,300274,阳光电源,a,cn
2025-04-30,000300,300308,中际旭创,a,cn
2025-04-30,000300,300316,晶盛机电,a,cn
2025-04-30,000300,300347,泰格医药,a,cn
2025-04-30,000300,300394,天孚通信,a,cn
2025-04-30,000300,300408,三环集团,a,cn
2025-04-30,000300,300413,芒果超媒,a,cn
2025-04-30,000300,300418,昆仑万维,a,cn
2025-04-30,000300,300433,蓝思科技,a,cn
2025-04-30,000300,300442,润泽科技,a,cn
2025-04-30,000300,300450,先导智能,a,cn
2025-04-30,000300,300498,温氏股份,a,cn
2025-04-30,000300,300502,新易盛,a,cn
2025-04-30,000300,300628,亿联网络,a,cn
2025-04-30,000300,300661,圣邦股份,a,cn
2025-04-30,000300,300750,宁德时代,a,cn
2025-04-30,000300,300759,康龙化成,a,cn
2025-04-30,000300,300760,迈瑞医疗,a,cn
2025-04-30,000300,300782,卓胜微,a,cn
2025-04-30,000300,300832,新产业,a,cn
2025-04-30,000300,300896,爱美客,a,cn
2025-04-30,000300,300979,华利集团,a,cn
2025-04-30,000300,300999,金龙鱼,a,cn
2025-04-30,000300,301269,华大九天,a,cn
2025-04-30,000300,600000,浦发银行,a,cn
2025-04-30,000300,600009,上海机场,a,cn
2025-04-30,000300,600010,包钢股份,a,cn
2025-04-30,000300,600011,华能国际,a,cn
2025-04-30,000300,600015,华夏银行,a,cn
2025-04-30,000300,600016,民生银行,a,cn
2025-04-30,000300,600018,上港集团,a,cn
2025-04-30,000300,600019,宝钢股份,a,cn
2025-04-30,000300,600023,浙能电力,a,cn
2025-04-30,000300,600025,华能水电,a,cn
2025-04-30,000300,600026,中远海能,a,cn
2025-04-30,000300,600027,华电国际,a,cn
2025-04-30,000300,600028,中国石化,a,cn
2025-04-30,000300,600029,南方航空,a,cn
2025-04-30,000300,600030,中信证券,a,cn
2025-04-30,000300,600031,三一重工,a,cn
2025-04-30,000300,600036,招商银行,a,cn
2025-04-30,000300,600039,四川路桥,a,cn
2025-04-30,000300,600048,保利发展,a,cn
2025-04-30,000300,600050,中国联通,a,cn
2025-04-30,000300,600061,国投资本,a,cn
2025-04-30,000300,600066,宇通客车,a,cn
2025-04-30,000300,600085,同仁堂,a,cn
2025-04-30,000300,600089,特变电工,a,cn
2025-04-30,000300,600104,上汽集团,a,cn
2025-04-30,000300,600111,北方稀土,a,cn
2025-04-30,000300,600115,中国东航,a,cn
2025-04-30,000300,600150,中国船舶,a,cn
2025-04-30,000300,600160,巨化股份,a,cn
2025-04-30,000300,600161,天坛生物,a,cn
2025-04-30,000300,600176,中国巨石,a,cn
2025-04-30,000300,600183,生益科技,a,cn
2025-04-30,000300,600188,兖矿能源,a,cn
2025-04-30,000300,600196,复星医药,a,cn
2025-04-30,000300,600219,南山铝业,a,cn
2025-04-30,000300,600233,圆通速递,a,cn
2025-04-30,000300,600276,恒瑞医药,a,cn
2025-04-30,000300,600309,万华化学,a,cn
2025-04-30,000300,600332,白云山,a,cn
2025-04-30,000300,600346,恒力石化,a,cn
2025-04-30,000300,600362,江西铜业,a,cn
2025-04-30,000300,600372,中航机载,a,cn
2025-04-30,000300,600377,宁沪高速,a,cn
2025-04-30,000300,600406,国电南瑞,a,cn
2025-04-30,000300,600415,小商品城,a,cn
2025-04-30,000300,600426,华鲁恒升,a,cn
2025-04-30,000300,600436,片仔癀,a,cn
2025-04-30,000300,600438,通威股份,a,cn
2025-04-30,000300,600460,士兰微,a,cn
2025-04-30,000300,600482,中国动力,a,cn
2025-04-30,000300,600489,中金黄金,a,cn
2025-04-30,000300,600515,海南机场,a,cn
2025-04-30,000300,600519,贵州茅台,a,cn
2025-04-30,000300,600547,山东黄金,a,cn
2025-04-30,000300,600570,恒生电子,a,cn
2025-04-30,000300,600584,长电科技,a,cn
2025-04-30,000300,600585,海螺水泥,a,cn
2025-04-30,000300,600588,用友网络,a,cn
2025-04-30,000300,600600,青岛啤酒,a,cn
2025-04-30,000300,600660,福耀玻璃,a,cn
2025-04-30,000300,600674,川投能源,a,cn
2025-04-30,000300,600690,海尔智家,a,cn
2025-04-30,000300,600741,华域汽车,a,cn
2025-04-30,000300,600745,*ST闻泰,a,cn
2025-04-30,000300,600760,中航沈飞,a,cn
2025-04-30,000300,600795,国电电力,a,cn
2025-04-30,000300,600803,新奥股份,a,cn
2025-04-30,000300,600809,山西汾酒,a,cn
2025-04-30,000300,600845,宝信软件,a,cn
2025-04-30,000300,600875,东方电气,a,cn
2025-04-30,000300,600886,国投电力,a,cn
2025-04-30,000300,600887,伊利股份,a,cn
2025-04-30,000300,600893,航发动力,a,cn
2025-04-30,000300,600900,长江电力,a,cn
2025-04-30,000300,600905,三峡能源,a,cn
2025-04-30,000300,600918,中泰证券,a,cn
2025-04-30,000300,600919,江苏银行,a,cn
2025-04-30,000300,600926,杭州银行,a,cn
2025-04-30,000300,600938,中国海油,a,cn
2025-04-30,000300,600941,中国移动,a,cn
2025-04-30,000300,600958,东方证券,a,cn
2025-04-30,000300,600989,宝丰能源,a,cn
2025-04-30,000300,600999,招商证券,a,cn
2025-04-30,000300,601006,大秦铁路,a,cn
2025-04-30,000300,601009,南京银行,a,cn
2025-04-30,000300,601012,隆基绿能,a,cn
2025-04-30,000300,601021,春秋航空,a,cn
2025-04-30,000300,601058,赛轮轮胎,a,cn
2025-04-30,000300,601059,信达证券,a,cn
2025-04-30,000300,601066,中信建投,a,cn
2025-04-30,000300,601088,中国神华,a,cn
2025-04-30,000300,601100,恒立液压,a,cn
2025-04-30,000300,601111,中国国航,a,cn
2025-04-30,000300,601117,中国化学,a,cn
2025-04-30,000300,601127,赛力斯,a,cn
2025-04-30,000300,601136,首创证券,a,cn
2025-04-30,000300,601138,工业富联,a,cn
2025-04-30,000300,601166,兴业银行,a,cn
2025-04-30,000300,601169,北京银行,a,cn
2025-04-30,000300,601186,中国铁建,a,cn
2025-04-30,000300,601211,国泰海通,a,cn
2025-04-30,000300,601225,陕西煤业,a,cn
2025-04-30,000300,601229,上海银行,a,cn
2025-04-30,000300,601236,红塔证券,a,cn
2025-04-30,000300,601238,广汽集团,a,cn
2025-04-30,000300,601288,农业银行,a,cn
2025-04-30,000300,601318,中国平安,a,cn
2025-04-30,000300,601319,中国人保,a,cn
2025-04-30,000300,601328,交通银行,a,cn
2025-04-30,000300,601336,新华保险,a,cn
2025-04-30,000300,601360,三六零,a,cn
2025-04-30,000300,601377,兴业证券,a,cn
2025-04-30,000300,601390,中国中铁,a,cn
2025-04-30,000300,601398,工商银行,a,cn
2025-04-30,000300,601600,中国铝业,a,cn
2025-04-30,000300,601601,中国太保,a,cn
2025-04-30,000300,601607,上海医药,a,cn
2025-04-30,000300,601618,中国中冶,a,cn
2025-04-30,000300,601628,中国人寿,a,cn
2025-04-30,000300,601633,长城汽车,a,cn
2025-04-30,000300,601658,邮储银行,a,cn
2025-04-30,000300,601668,中国建筑,a,cn
2025-04-30,000300,601669,中国电建,a,cn
2025-04-30,000300,601688,华泰证券,a,cn
2025-04-30,000300,601689,拓普集团,a,cn
2025-04-30,000300,601698,中国卫通,a,cn
2025-04-30,000300,601699,潞安环能,a,cn
2025-04-30,000300,601728,中国电信,a,cn
2025-04-30,000300,601766,中国中车,a,cn
2025-04-30,000300,601788,光大证券,a,cn
2025-04-30,000300,601799,星宇股份,a,cn
2025-04-30,000300,601800,中国交建,a,cn
2025-04-30,000300,601808,中海油服,a,cn
2025-04-30,000300,601816,京沪高铁,a,cn
2025-04-30,000300,601818,光大银行,a,cn
2025-04-30,000300,601838,成都银行,a,cn
2025-04-30,000300,601857,中国石油,a,cn
2025-04-30,000300,601865,福莱特,a,cn
2025-04-30,000300,601868,中国能建,a,cn
2025-04-30,000300,601872,招商轮船,a,cn
2025-04-30,000300,601877,正泰电器,a,cn
2025-04-30,000300,601878,浙商证券,a,cn
2025-04-30,000300,601881,中国银河,a,cn
2025-04-30,000300,601888,中国中免,a,cn
2025-04-30,000300,601898,中煤能源,a,cn
2025-04-30,000300,601899,紫金矿业,a,cn
2025-04-30,000300,601901,方正证券,a,cn
2025-04-30,000300,601916,浙商银行,a,cn
2025-04-30,000300,601919,中远海控,a,cn
2025-04-30,000300,601939,建设银行,a,cn
2025-04-30,000300,601985,中国核电,a,cn
2025-04-30,000300,601988,中国银行,a,cn
2025-04-30,000300,601989,中国重工,a,cn
2025-04-30,000300,601995,中金公司,a,cn
2025-04-30,000300,601998,中信银行,a,cn
2025-04-30,000300,603019,中科曙光,a,cn
2025-04-30,000300,603195,公牛集团,a,cn
2025-04-30,000300,603259,药明康德,a,cn
2025-04-30,000300,603260,合盛硅业,a,cn
2025-04-30,000300,603288,海天味业,a,cn
2025-04-30,000300,603296,华勤技术,a,cn
2025-04-30,000300,603369,今世缘,a,cn
2025-04-30,000300,603392,万泰生物,a,cn
2025-04-30,000300,603501,豪威集团,a,cn
2025-04-30,000300,603659,璞泰来,a,cn
2025-04-30,000300,603799,华友钴业,a,cn
2025-04-30,000300,603806,福斯特,a,cn
2025-04-30,000300,603833,欧派家居,a,cn
2025-04-30,000300,603986,兆易创新,a,cn
2025-04-30,000300,603993,洛阳钼业,a,cn
2025-04-30,000300,605117,德业股份,a,cn
2025-04-30,000300,605499,东鹏饮料,a,cn
2025-04-30,000300,688008,澜起科技,a,cn
2025-04-30,000300,688009,中国通号,a,cn
2025-04-30,000300,688012,中微公司,a,cn
2025-04-30,000300,688036,传音控股,a,cn
2025-04-30,000300,688041,海光信息,a,cn
2025-04-30,000300,688082,盛美上海,a,cn
2025-04-30,000300,688111,金山办公,a,cn
2025-04-30,000300,688126,沪硅产业,a,cn
2025-04-30,000300,688169,石头科技,a,cn
2025-04-30,000300,688187,时代电气,a,cn
2025-04-30,000300,688223,晶科能源,a,cn
2025-04-30,000300,688256,寒武纪,a,cn
2025-04-30,000300,688271,联影医疗,a,cn
2025-04-30,000300,688303,大全能源,a,cn
2025-04-30,000300,688396,华润微,a,cn
2025-04-30,000300,688472,阿特斯,a,cn
2025-04-30,000300,688506,百利天恒,a,cn
2025-04-30,000300,688599,天合光能,a,cn
2025-04-30,000300,688981,中芯国际,a,cn
2025-05-30,000300,000001,平安银行,a,cn
2025-05-30,000300,000002,万科A,a,cn
2025-05-30,000300,000063,中兴通讯,a,cn
2025-05-30,000300,000100,TCL科技,a,cn
2025-05-30,000300,000157,中联重科,a,cn
2025-05-30,000300,000166,申万宏源,a,cn
2025-05-30,000300,000301,东方盛虹,a,cn
2025-05-30,000300,000333,美的集团,a,cn
2025-05-30,000300,000338,潍柴动力,a,cn
2025-05-30,000300,000408,藏格矿业,a,cn
2025-05-30,000300,000425,徐工机械,a,cn
2025-05-30,000300,000538,云南白药,a,cn
2025-05-30,000300,000568,泸州老窖,a,cn
2025-05-30,000300,000596,古井贡酒,a,cn
2025-05-30,000300,000617,中油资本,a,cn
2025-05-30,000300,000625,长安汽车,a,cn
2025-05-30,000300,000630,铜陵有色,a,cn
2025-05-30,000300,000651,格力电器,a,cn
2025-05-30,000300,000661,长春高新,a,cn
2025-05-30,000300,000708,中信特钢,a,cn
2025-05-30,000300,000725,京东方A,a,cn
2025-05-30,000300,000768,中航西飞,a,cn
2025-05-30,000300,000776,广发证券,a,cn
2025-05-30,000300,000786,北新建材,a,cn
2025-05-30,000300,000792,盐湖股份,a,cn
2025-05-30,000300,000800,一汽解放,a,cn
2025-05-30,000300,000807,云铝股份,a,cn
2025-05-30,000300,000858,五粮液,a,cn
2025-05-30,000300,000876,新希望,a,cn
2025-05-30,000300,000895,双汇发展,a,cn
2025-05-30,000300,000938,紫光股份,a,cn
2025-05-30,000300,000963,华东医药,a,cn
2025-05-30,000300,000975,山金国际,a,cn
2025-05-30,000300,000977,浪潮信息,a,cn
2025-05-30,000300,000983,山西焦煤,a,cn
2025-05-30,000300,000999,华润三九,a,cn
2025-05-30,000300,001289,龙源电力,a,cn
2025-05-30,000300,001965,招商公路,a,cn
2025-05-30,000300,001979,招商蛇口,a,cn
2025-05-30,000300,002001,新和成,a,cn
2025-05-30,000300,002007,华兰生物,a,cn
2025-05-30,000300,002027,分众传媒,a,cn
2025-05-30,000300,002028,思源电气,a,cn
2025-05-30,000300,002049,紫光国微,a,cn
2025-05-30,000300,002050,三花智控,a,cn
2025-05-30,000300,002074,国轩高科,a,cn
2025-05-30,000300,002129,TCL中环,a,cn
2025-05-30,000300,002142,宁波银行,a,cn
2025-05-30,000300,002179,中航光电,a,cn
2025-05-30,000300,002180,奔图科技,a,cn
2025-05-30,000300,002230,科大讯飞,a,cn
2025-05-30,000300,002236,大华股份,a,cn
2025-05-30,000300,002241,歌尔股份,a,cn
2025-05-30,000300,002252,上海莱士,a,cn
2025-05-30,000300,002271,东方雨虹,a,cn
2025-05-30,000300,002304,洋河股份,a,cn
2025-05-30,000300,002311,海大集团,a,cn
2025-05-30,000300,002352,顺丰控股,a,cn
2025-05-30,000300,002371,北方华创,a,cn
2025-05-30,000300,002415,海康威视,a,cn
2025-05-30,000300,002422,科伦药业,a,cn
2025-05-30,000300,002459,晶澳科技,a,cn
2025-05-30,000300,002460,赣锋锂业,a,cn
2025-05-30,000300,002463,沪电股份,a,cn
2025-05-30,000300,002466,天齐锂业,a,cn
2025-05-30,000300,002475,立讯精密,a,cn
2025-05-30,000300,002493,荣盛石化,a,cn
2025-05-30,000300,002555,三七互娱,a,cn
2025-05-30,000300,002594,比亚迪,a,cn
2025-05-30,000300,002601,龙佰集团,a,cn
2025-05-30,000300,002648,卫星化学,a,cn
2025-05-30,000300,002709,天赐材料,a,cn
2025-05-30,000300,002714,牧原股份,a,cn
2025-05-30,000300,002736,国信证券,a,cn
2025-05-30,000300,002812,恩捷股份,a,cn
2025-05-30,000300,002916,深南电路,a,cn
2025-05-30,000300,002920,德赛西威,a,cn
2025-05-30,000300,002938,鹏鼎控股,a,cn
2025-05-30,000300,003816,中国广核,a,cn
2025-05-30,000300,300014,亿纬锂能,a,cn
2025-05-30,000300,300015,爱尔眼科,a,cn
2025-05-30,000300,300033,同花顺,a,cn
2025-05-30,000300,300059,东方财富,a,cn
2025-05-30,000300,300122,智飞生物,a,cn
2025-05-30,000300,300124,汇川技术,a,cn
2025-05-30,000300,300274,阳光电源,a,cn
2025-05-30,000300,300308,中际旭创,a,cn
2025-05-30,000300,300316,晶盛机电,a,cn
2025-05-30,000300,300347,泰格医药,a,cn
2025-05-30,000300,300394,天孚通信,a,cn
2025-05-30,000300,300408,三环集团,a,cn
2025-05-30,000300,300413,芒果超媒,a,cn
2025-05-30,000300,300418,昆仑万维,a,cn
2025-05-30,000300,300433,蓝思科技,a,cn
2025-05-30,000300,300442,润泽科技,a,cn
2025-05-30,000300,300450,先导智能,a,cn
2025-05-30,000300,300498,温氏股份,a,cn
2025-05-30,000300,300502,新易盛,a,cn
2025-05-30,000300,300628,亿联网络,a,cn
2025-05-30,000300,300661,圣邦股份,a,cn
2025-05-30,000300,300750,宁德时代,a,cn
2025-05-30,000300,300759,康龙化成,a,cn
2025-05-30,000300,300760,迈瑞医疗,a,cn
2025-05-30,000300,300782,卓胜微,a,cn
2025-05-30,000300,300832,新产业,a,cn
2025-05-30,000300,300896,爱美客,a,cn
2025-05-30,000300,300979,华利集团,a,cn
2025-05-30,000300,300999,金龙鱼,a,cn
2025-05-30,000300,301269,华大九天,a,cn
2025-05-30,000300,600000,浦发银行,a,cn
2025-05-30,000300,600009,上海机场,a,cn
2025-05-30,000300,600010,包钢股份,a,cn
2025-05-30,000300,600011,华能国际,a,cn
2025-05-30,000300,600015,华夏银行,a,cn
2025-05-30,000300,600016,民生银行,a,cn
2025-05-30,000300,600018,上港集团,a,cn
2025-05-30,000300,600019,宝钢股份,a,cn
2025-05-30,000300,600023,浙能电力,a,cn
2025-05-30,000300,600025,华能水电,a,cn
2025-05-30,000300,600026,中远海能,a,cn
2025-05-30,000300,600027,华电国际,a,cn
2025-05-30,000300,600028,中国石化,a,cn
2025-05-30,000300,600029,南方航空,a,cn
2025-05-30,000300,600030,中信证券,a,cn
2025-05-30,000300,600031,三一重工,a,cn
2025-05-30,000300,600036,招商银行,a,cn
2025-05-30,000300,600039,四川路桥,a,cn
2025-05-30,000300,600048,保利发展,a,cn
2025-05-30,000300,600050,中国联通,a,cn
2025-05-30,000300,600061,国投资本,a,cn
2025-05-30,000300,600066,宇通客车,a,cn
2025-05-30,000300,600085,同仁堂,a,cn
2025-05-30,000300,600089,特变电工,a,cn
2025-05-30,000300,600104,上汽集团,a,cn
2025-05-30,000300,600111,北方稀土,a,cn
2025-05-30,000300,600115,中国东航,a,cn
2025-05-30,000300,600150,中国船舶,a,cn
2025-05-30,000300,600160,巨化股份,a,cn
2025-05-30,000300,600161,天坛生物,a,cn
2025-05-30,000300,600176,中国巨石,a,cn
2025-05-30,000300,600183,生益科技,a,cn
2025-05-30,000300,600188,兖矿能源,a,cn
2025-05-30,000300,600196,复星医药,a,cn
2025-05-30,000300,600219,南山铝业,a,cn
2025-05-30,000300,600233,圆通速递,a,cn
2025-05-30,000300,600276,恒瑞医药,a,cn
2025-05-30,000300,600309,万华化学,a,cn
2025-05-30,000300,600332,白云山,a,cn
2025-05-30,000300,600346,恒力石化,a,cn
2025-05-30,000300,600362,江西铜业,a,cn
2025-05-30,000300,600372,中航机载,a,cn
2025-05-30,000300,600377,宁沪高速,a,cn
2025-05-30,000300,600406,国电南瑞,a,cn
2025-05-30,000300,600415,小商品城,a,cn
2025-05-30,000300,600426,华鲁恒升,a,cn
2025-05-30,000300,600436,片仔癀,a,cn
2025-05-30,000300,600438,通威股份,a,cn
2025-05-30,000300,600460,士兰微,a,cn
2025-05-30,000300,600482,中国动力,a,cn
2025-05-30,000300,600489,中金黄金,a,cn
2025-05-30,000300,600515,海南机场,a,cn
2025-05-30,000300,600519,贵州茅台,a,cn
2025-05-30,000300,600547,山东黄金,a,cn
2025-05-30,000300,600570,恒生电子,a,cn
2025-05-30,000300,600584,长电科技,a,cn
2025-05-30,000300,600585,海螺水泥,a,cn
2025-05-30,000300,600588,用友网络,a,cn
2025-05-30,000300,600600,青岛啤酒,a,cn
2025-05-30,000300,600660,福耀玻璃,a,cn
2025-05-30,000300,600674,川投能源,a,cn
2025-05-30,000300,600690,海尔智家,a,cn
2025-05-30,000300,600741,华域汽车,a,cn
2025-05-30,000300,600745,*ST闻泰,a,cn
2025-05-30,000300,600760,中航沈飞,a,cn
2025-05-30,000300,600795,国电电力,a,cn
2025-05-30,000300,600803,新奥股份,a,cn
2025-05-30,000300,600809,山西汾酒,a,cn
2025-05-30,000300,600845,宝信软件,a,cn
2025-05-30,000300,600875,东方电气,a,cn
2025-05-30,000300,600886,国投电力,a,cn
2025-05-30,000300,600887,伊利股份,a,cn
2025-05-30,000300,600893,航发动力,a,cn
2025-05-30,000300,600900,长江电力,a,cn
2025-05-30,000300,600905,三峡能源,a,cn
2025-05-30,000300,600918,中泰证券,a,cn
2025-05-30,000300,600919,江苏银行,a,cn
2025-05-30,000300,600926,杭州银行,a,cn
2025-05-30,000300,600938,中国海油,a,cn
2025-05-30,000300,600941,中国移动,a,cn
2025-05-30,000300,600958,东方证券,a,cn
2025-05-30,000300,600989,宝丰能源,a,cn
2025-05-30,000300,600999,招商证券,a,cn
2025-05-30,000300,601006,大秦铁路,a,cn
2025-05-30,000300,601009,南京银行,a,cn
2025-05-30,000300,601012,隆基绿能,a,cn
2025-05-30,000300,601021,春秋航空,a,cn
2025-05-30,000300,601058,赛轮轮胎,a,cn
2025-05-30,000300,601059,信达证券,a,cn
2025-05-30,000300,601066,中信建投,a,cn
2025-05-30,000300,601088,中国神华,a,cn
2025-05-30,000300,601100,恒立液压,a,cn
2025-05-30,000300,601111,中国国航,a,cn
2025-05-30,000300,601117,中国化学,a,cn
2025-05-30,000300,601127,赛力斯,a,cn
2025-05-30,000300,601136,首创证券,a,cn
2025-05-30,000300,601138,工业富联,a,cn
2025-05-30,000300,601166,兴业银行,a,cn
2025-05-30,000300,601169,北京银行,a,cn
2025-05-30,000300,601186,中国铁建,a,cn
2025-05-30,000300,601211,国泰海通,a,cn
2025-05-30,000300,601225,陕西煤业,a,cn
2025-05-30,000300,601229,上海银行,a,cn
2025-05-30,000300,601236,红塔证券,a,cn
2025-05-30,000300,601238,广汽集团,a,cn
2025-05-30,000300,601288,农业银行,a,cn
2025-05-30,000300,601318,中国平安,a,cn
2025-05-30,000300,601319,中国人保,a,cn
2025-05-30,000300,601328,交通银行,a,cn
2025-05-30,000300,601336,新华保险,a,cn
2025-05-30,000300,601360,三六零,a,cn
2025-05-30,000300,601377,兴业证券,a,cn
2025-05-30,000300,601390,中国中铁,a,cn
2025-05-30,000300,601398,工商银行,a,cn
2025-05-30,000300,601600,中国铝业,a,cn
2025-05-30,000300,601601,中国太保,a,cn
2025-05-30,000300,601607,上海医药,a,cn
2025-05-30,000300,601618,中国中冶,a,cn
2025-05-30,000300,601628,中国人寿,a,cn
2025-05-30,000300,601633,长城汽车,a,cn
2025-05-30,000300,601658,邮储银行,a,cn
2025-05-30,000300,601668,中国建筑,a,cn
2025-05-30,000300,601669,中国电建,a,cn
2025-05-30,000300,601688,华泰证券,a,cn
2025-05-30,000300,601689,拓普集团,a,cn
2025-05-30,000300,601698,中国卫通,a,cn
2025-05-30,000300,601699,潞安环能,a,cn
2025-05-30,000300,601728,中国电信,a,cn
2025-05-30,000300,601766,中国中车,a,cn
2025-05-30,000300,601788,光大证券,a,cn
2025-05-30,000300,601799,星宇股份,a,cn
2025-05-30,000300,601800,中国交建,a,cn
2025-05-30,000300,601808,中海油服,a,cn
2025-05-30,000300,601816,京沪高铁,a,cn
2025-05-30,000300,601818,光大银行,a,cn
2025-05-30,000300,601838,成都银行,a,cn
2025-05-30,000300,601857,中国石油,a,cn
2025-05-30,000300,601865,福莱特,a,cn
2025-05-30,000300,601868,中国能建,a,cn
2025-05-30,000300,601872,招商轮船,a,cn
2025-05-30,000300,601877,正泰电器,a,cn
2025-05-30,000300,601878,浙商证券,a,cn
2025-05-30,000300,601881,中国银河,a,cn
2025-05-30,000300,601888,中国中免,a,cn
2025-05-30,000300,601898,中煤能源,a,cn
2025-05-30,000300,601899,紫金矿业,a,cn
2025-05-30,000300,601901,方正证券,a,cn
2025-05-30,000300,601916,浙商银行,a,cn
2025-05-30,000300,601919,中远海控,a,cn
2025-05-30,000300,601939,建设银行,a,cn
2025-05-30,000300,601985,中国核电,a,cn
2025-05-30,000300,601988,中国银行,a,cn
2025-05-30,000300,601989,中国重工,a,cn
2025-05-30,000300,601995,中金公司,a,cn
2025-05-30,000300,601998,中信银行,a,cn
2025-05-30,000300,603019,中科曙光,a,cn
2025-05-30,000300,603195,公牛集团,a,cn
2025-05-30,000300,603259,药明康德,a,cn
2025-05-30,000300,603260,合盛硅业,a,cn
2025-05-30,000300,603288,海天味业,a,cn
2025-05-30,000300,603296,华勤技术,a,cn
2025-05-30,000300,603369,今世缘,a,cn
2025-05-30,000300,603392,万泰生物,a,cn
2025-05-30,000300,603501,豪威集团,a,cn
2025-05-30,000300,603659,璞泰来,a,cn
2025-05-30,000300,603799,华友钴业,a,cn
2025-05-30,000300,603806,福斯特,a,cn
2025-05-30,000300,603833,欧派家居,a,cn
2025-05-30,000300,603986,兆易创新,a,cn
2025-05-30,000300,603993,洛阳钼业,a,cn
2025-05-30,000300,605117,德业股份,a,cn
2025-05-30,000300,605499,东鹏饮料,a,cn
2025-05-30,000300,688008,澜起科技,a,cn
2025-05-30,000300,688009,中国通号,a,cn
2025-05-30,000300,688012,中微公司,a,cn
2025-05-30,000300,688036,传音控股,a,cn
2025-05-30,000300,688041,海光信息,a,cn
2025-05-30,000300,688082,盛美上海,a,cn
2025-05-30,000300,688111,金山办公,a,cn
2025-05-30,000300,688126,沪硅产业,a,cn
2025-05-30,000300,688169,石头科技,a,cn
2025-05-30,000300,688187,时代电气,a,cn
2025-05-30,000300,688223,晶科能源,a,cn
2025-05-30,000300,688256,寒武纪,a,cn
2025-05-30,000300,688271,联影医疗,a,cn
2025-05-30,000300,688303,大全能源,a,cn
2025-05-30,000300,688396,华润微,a,cn
2025-05-30,000300,688472,阿特斯,a,cn
2025-05-30,000300,688506,百利天恒,a,cn
2025-05-30,000300,688599,天合光能,a,cn
2025-05-30,000300,688981,中芯国际,a,cn
2025-06-30,000300,000001,平安银行,a,cn
2025-06-30,000300,000002,万科A,a,cn
2025-06-30,000300,000063,中兴通讯,a,cn
2025-06-30,000300,000100,TCL科技,a,cn
2025-06-30,000300,000157,中联重科,a,cn
2025-06-30,000300,000166,申万宏源,a,cn
2025-06-30,000300,000301,东方盛虹,a,cn
2025-06-30,000300,000333,美的集团,a,cn
2025-06-30,000300,000338,潍柴动力,a,cn
2025-06-30,000300,000408,藏格矿业,a,cn
2025-06-30,000300,000425,徐工机械,a,cn
2025-06-30,000300,000538,云南白药,a,cn
2025-06-30,000300,000568,泸州老窖,a,cn
2025-06-30,000300,000596,古井贡酒,a,cn
2025-06-30,000300,000617,中油资本,a,cn
2025-06-30,000300,000625,长安汽车,a,cn
2025-06-30,000300,000630,铜陵有色,a,cn
2025-06-30,000300,000651,格力电器,a,cn
2025-06-30,000300,000661,长春高新,a,cn
2025-06-30,000300,000708,中信特钢,a,cn
2025-06-30,000300,000725,京东方A,a,cn
2025-06-30,000300,000768,中航西飞,a,cn
2025-06-30,000300,000776,广发证券,a,cn
2025-06-30,000300,000786,北新建材,a,cn
2025-06-30,000300,000792,盐湖股份,a,cn
2025-06-30,000300,000800,一汽解放,a,cn
2025-06-30,000300,000807,云铝股份,a,cn
2025-06-30,000300,000858,五粮液,a,cn
2025-06-30,000300,000876,新希望,a,cn
2025-06-30,000300,000895,双汇发展,a,cn
2025-06-30,000300,000938,紫光股份,a,cn
2025-06-30,000300,000963,华东医药,a,cn
2025-06-30,000300,000975,山金国际,a,cn
2025-06-30,000300,000977,浪潮信息,a,cn
2025-06-30,000300,000983,山西焦煤,a,cn
2025-06-30,000300,000999,华润三九,a,cn
2025-06-30,000300,001289,龙源电力,a,cn
2025-06-30,000300,001391,国货航,a,cn
2025-06-30,000300,001965,招商公路,a,cn
2025-06-30,000300,001979,招商蛇口,a,cn
2025-06-30,000300,002001,新和成,a,cn
2025-06-30,000300,002027,分众传媒,a,cn
2025-06-30,000300,002028,思源电气,a,cn
2025-06-30,000300,002049,紫光国微,a,cn
2025-06-30,000300,002050,三花智控,a,cn
2025-06-30,000300,002074,国轩高科,a,cn
2025-06-30,000300,002129,TCL中环,a,cn
2025-06-30,000300,002142,宁波银行,a,cn
2025-06-30,000300,002179,中航光电,a,cn
2025-06-30,000300,002180,奔图科技,a,cn
2025-06-30,000300,002230,科大讯飞,a,cn
2025-06-30,000300,002236,大华股份,a,cn
2025-06-30,000300,002241,歌尔股份,a,cn
2025-06-30,000300,002252,上海莱士,a,cn
2025-06-30,000300,002304,洋河股份,a,cn
2025-06-30,000300,002311,海大集团,a,cn
2025-06-30,000300,002352,顺丰控股,a,cn
2025-06-30,000300,002371,北方华创,a,cn
2025-06-30,000300,002415,海康威视,a,cn
2025-06-30,000300,002422,科伦药业,a,cn
2025-06-30,000300,002459,晶澳科技,a,cn
2025-06-30,000300,002460,赣锋锂业,a,cn
2025-06-30,000300,002463,沪电股份,a,cn
2025-06-30,000300,002466,天齐锂业,a,cn
2025-06-30,000300,002475,立讯精密,a,cn
2025-06-30,000300,002493,荣盛石化,a,cn
2025-06-30,000300,002594,比亚迪,a,cn
2025-06-30,000300,002600,领益智造,a,cn
2025-06-30,000300,002601,龙佰集团,a,cn
2025-06-30,000300,002648,卫星化学,a,cn
2025-06-30,000300,002709,天赐材料,a,cn
2025-06-30,000300,002714,牧原股份,a,cn
2025-06-30,000300,002736,国信证券,a,cn
2025-06-30,000300,002916,深南电路,a,cn
2025-06-30,000300,002920,德赛西威,a,cn
2025-06-30,000300,002938,鹏鼎控股,a,cn
2025-06-30,000300,003816,中国广核,a,cn
2025-06-30,000300,300014,亿纬锂能,a,cn
2025-06-30,000300,300015,爱尔眼科,a,cn
2025-06-30,000300,300033,同花顺,a,cn
2025-06-30,000300,300059,东方财富,a,cn
2025-06-30,000300,300122,智飞生物,a,cn
2025-06-30,000300,300124,汇川技术,a,cn
2025-06-30,000300,300274,阳光电源,a,cn
2025-06-30,000300,300308,中际旭创,a,cn
2025-06-30,000300,300316,晶盛机电,a,cn
2025-06-30,000300,300347,泰格医药,a,cn
2025-06-30,000300,300394,天孚通信,a,cn
2025-06-30,000300,300408,三环集团,a,cn
2025-06-30,000300,300413,芒果超媒,a,cn
2025-06-30,000300,300418,昆仑万维,a,cn
2025-06-30,000300,300433,蓝思科技,a,cn
2025-06-30,000300,300442,润泽科技,a,cn
2025-06-30,000300,300498,温氏股份,a,cn
2025-06-30,000300,300502,新易盛,a,cn
2025-06-30,000300,300628,亿联网络,a,cn
2025-06-30,000300,300661,圣邦股份,a,cn
2025-06-30,000300,300750,宁德时代,a,cn
2025-06-30,000300,300759,康龙化成,a,cn
2025-06-30,000300,300760,迈瑞医疗,a,cn
2025-06-30,000300,300782,卓胜微,a,cn
2025-06-30,000300,300832,新产业,a,cn
2025-06-30,000300,300896,爱美客,a,cn
2025-06-30,000300,300979,华利集团,a,cn
2025-06-30,000300,300999,金龙鱼,a,cn
2025-06-30,000300,301236,软通动力,a,cn
2025-06-30,000300,301269,华大九天,a,cn
2025-06-30,000300,302132,中航成飞,a,cn
2025-06-30,000300,600000,浦发银行,a,cn
2025-06-30,000300,600009,上海机场,a,cn
2025-06-30,000300,600010,包钢股份,a,cn
2025-06-30,000300,600011,华能国际,a,cn
2025-06-30,000300,600015,华夏银行,a,cn
2025-06-30,000300,600016,民生银行,a,cn
2025-06-30,000300,600018,上港集团,a,cn
2025-06-30,000300,600019,宝钢股份,a,cn
2025-06-30,000300,600023,浙能电力,a,cn
2025-06-30,000300,600025,华能水电,a,cn
2025-06-30,000300,600026,中远海能,a,cn
2025-06-30,000300,600027,华电国际,a,cn
2025-06-30,000300,600028,中国石化,a,cn
2025-06-30,000300,600029,南方航空,a,cn
2025-06-30,000300,600030,中信证券,a,cn
2025-06-30,000300,600031,三一重工,a,cn
2025-06-30,000300,600036,招商银行,a,cn
2025-06-30,000300,600039,四川路桥,a,cn
2025-06-30,000300,600048,保利发展,a,cn
2025-06-30,000300,600050,中国联通,a,cn
2025-06-30,000300,600061,国投资本,a,cn
2025-06-30,000300,600066,宇通客车,a,cn
2025-06-30,000300,600085,同仁堂,a,cn
2025-06-30,000300,600089,特变电工,a,cn
2025-06-30,000300,600104,上汽集团,a,cn
2025-06-30,000300,600111,北方稀土,a,cn
2025-06-30,000300,600115,中国东航,a,cn
2025-06-30,000300,600150,中国船舶,a,cn
2025-06-30,000300,600160,巨化股份,a,cn
2025-06-30,000300,600161,天坛生物,a,cn
2025-06-30,000300,600176,中国巨石,a,cn
2025-06-30,000300,600183,生益科技,a,cn
2025-06-30,000300,600188,兖矿能源,a,cn
2025-06-30,000300,600196,复星医药,a,cn
2025-06-30,000300,600219,南山铝业,a,cn
2025-06-30,000300,600233,圆通速递,a,cn
2025-06-30,000300,600276,恒瑞医药,a,cn
2025-06-30,000300,600309,万华化学,a,cn
2025-06-30,000300,600332,白云山,a,cn
2025-06-30,000300,600346,恒力石化,a,cn
2025-06-30,000300,600362,江西铜业,a,cn
2025-06-30,000300,600372,中航机载,a,cn
2025-06-30,000300,600377,宁沪高速,a,cn
2025-06-30,000300,600406,国电南瑞,a,cn
2025-06-30,000300,600415,小商品城,a,cn
2025-06-30,000300,600426,华鲁恒升,a,cn
2025-06-30,000300,600436,片仔癀,a,cn
2025-06-30,000300,600438,通威股份,a,cn
2025-06-30,000300,600460,士兰微,a,cn
2025-06-30,000300,600482,中国动力,a,cn
2025-06-30,000300,600489,中金黄金,a,cn
2025-06-30,000300,600515,海南机场,a,cn
2025-06-30,000300,600519,贵州茅台,a,cn
2025-06-30,000300,600547,山东黄金,a,cn
2025-06-30,000300,600570,恒生电子,a,cn
2025-06-30,000300,600584,长电科技,a,cn
2025-06-30,000300,600585,海螺水泥,a,cn
2025-06-30,000300,600588,用友网络,a,cn
2025-06-30,000300,600600,青岛啤酒,a,cn
2025-06-30,000300,600660,福耀玻璃,a,cn
2025-06-30,000300,600674,川投能源,a,cn
2025-06-30,000300,600690,海尔智家,a,cn
2025-06-30,000300,600741,华域汽车,a,cn
2025-06-30,000300,600760,中航沈飞,a,cn
2025-06-30,000300,600795,国电电力,a,cn
2025-06-30,000300,600803,新奥股份,a,cn
2025-06-30,000300,600809,山西汾酒,a,cn
2025-06-30,000300,600845,宝信软件,a,cn
2025-06-30,000300,600875,东方电气,a,cn
2025-06-30,000300,600886,国投电力,a,cn
2025-06-30,000300,600887,伊利股份,a,cn
2025-06-30,000300,600893,航发动力,a,cn
2025-06-30,000300,600900,长江电力,a,cn
2025-06-30,000300,600905,三峡能源,a,cn
2025-06-30,000300,600918,中泰证券,a,cn
2025-06-30,000300,600919,江苏银行,a,cn
2025-06-30,000300,600926,杭州银行,a,cn
2025-06-30,000300,600938,中国海油,a,cn
2025-06-30,000300,600941,中国移动,a,cn
2025-06-30,000300,600958,东方证券,a,cn
2025-06-30,000300,600989,宝丰能源,a,cn
2025-06-30,000300,600999,招商证券,a,cn
2025-06-30,000300,601006,大秦铁路,a,cn
2025-06-30,000300,601009,南京银行,a,cn
2025-06-30,000300,601012,隆基绿能,a,cn
2025-06-30,000300,601021,春秋航空,a,cn
2025-06-30,000300,601058,赛轮轮胎,a,cn
2025-06-30,000300,601059,信达证券,a,cn
2025-06-30,000300,601066,中信建投,a,cn
2025-06-30,000300,601077,渝农商行,a,cn
2025-06-30,000300,601088,中国神华,a,cn
2025-06-30,000300,601100,恒立液压,a,cn
2025-06-30,000300,601111,中国国航,a,cn
2025-06-30,000300,601117,中国化学,a,cn
2025-06-30,000300,601127,赛力斯,a,cn
2025-06-30,000300,601136,首创证券,a,cn
2025-06-30,000300,601138,工业富联,a,cn
2025-06-30,000300,601166,兴业银行,a,cn
2025-06-30,000300,601169,北京银行,a,cn
2025-06-30,000300,601186,中国铁建,a,cn
2025-06-30,000300,601211,国泰海通,a,cn
2025-06-30,000300,601225,陕西煤业,a,cn
2025-06-30,000300,601229,上海银行,a,cn
2025-06-30,000300,601236,红塔证券,a,cn
2025-06-30,000300,601238,广汽集团,a,cn
2025-06-30,000300,601288,农业银行,a,cn
2025-06-30,000300,601318,中国平安,a,cn
2025-06-30,000300,601319,中国人保,a,cn
2025-06-30,000300,601328,交通银行,a,cn
2025-06-30,000300,601336,新华保险,a,cn
2025-06-30,000300,601360,三六零,a,cn
2025-06-30,000300,601377,兴业证券,a,cn
2025-06-30,000300,601390,中国中铁,a,cn
2025-06-30,000300,601398,工商银行,a,cn
2025-06-30,000300,601600,中国铝业,a,cn
2025-06-30,000300,601601,中国太保,a,cn
2025-06-30,000300,601607,上海医药,a,cn
2025-06-30,000300,601618,中国中冶,a,cn
2025-06-30,000300,601628,中国人寿,a,cn
2025-06-30,000300,601633,长城汽车,a,cn
2025-06-30,000300,601658,邮储银行,a,cn
2025-06-30,000300,601668,中国建筑,a,cn
2025-06-30,000300,601669,中国电建,a,cn
2025-06-30,000300,601688,华泰证券,a,cn
2025-06-30,000300,601689,拓普集团,a,cn
2025-06-30,000300,601698,中国卫通,a,cn
2025-06-30,000300,601699,潞安环能,a,cn
2025-06-30,000300,601728,中国电信,a,cn
2025-06-30,000300,601766,中国中车,a,cn
2025-06-30,000300,601788,光大证券,a,cn
2025-06-30,000300,601799,星宇股份,a,cn
2025-06-30,000300,601800,中国交建,a,cn
2025-06-30,000300,601808,中海油服,a,cn
2025-06-30,000300,601816,京沪高铁,a,cn
2025-06-30,000300,601818,光大银行,a,cn
2025-06-30,000300,601825,沪农商行,a,cn
2025-06-30,000300,601838,成都银行,a,cn
2025-06-30,000300,601857,中国石油,a,cn
2025-06-30,000300,601865,福莱特,a,cn
2025-06-30,000300,601868,中国能建,a,cn
2025-06-30,000300,601872,招商轮船,a,cn
2025-06-30,000300,601877,正泰电器,a,cn
2025-06-30,000300,601878,浙商证券,a,cn
2025-06-30,000300,601881,中国银河,a,cn
2025-06-30,000300,601888,中国中免,a,cn
2025-06-30,000300,601898,中煤能源,a,cn
2025-06-30,000300,601899,紫金矿业,a,cn
2025-06-30,000300,601901,方正证券,a,cn
2025-06-30,000300,601916,浙商银行,a,cn
2025-06-30,000300,601919,中远海控,a,cn
2025-06-30,000300,601939,建设银行,a,cn
2025-06-30,000300,601985,中国核电,a,cn
2025-06-30,000300,601988,中国银行,a,cn
2025-06-30,000300,601989,中国重工,a,cn
2025-06-30,000300,601995,中金公司,a,cn
2025-06-30,000300,601998,中信银行,a,cn
2025-06-30,000300,603019,中科曙光,a,cn
2025-06-30,000300,603195,公牛集团,a,cn
2025-06-30,000300,603259,药明康德,a,cn
2025-06-30,000300,603260,合盛硅业,a,cn
2025-06-30,000300,603288,海天味业,a,cn
2025-06-30,000300,603296,华勤技术,a,cn
2025-06-30,000300,603369,今世缘,a,cn
2025-06-30,000300,603392,万泰生物,a,cn
2025-06-30,000300,603501,豪威集团,a,cn
2025-06-30,000300,603799,华友钴业,a,cn
2025-06-30,000300,603806,福斯特,a,cn
2025-06-30,000300,603833,欧派家居,a,cn
2025-06-30,000300,603986,兆易创新,a,cn
2025-06-30,000300,603993,洛阳钼业,a,cn
2025-06-30,000300,605117,德业股份,a,cn
2025-06-30,000300,605499,东鹏饮料,a,cn
2025-06-30,000300,688008,澜起科技,a,cn
2025-06-30,000300,688009,中国通号,a,cn
2025-06-30,000300,688012,中微公司,a,cn
2025-06-30,000300,688036,传音控股,a,cn
2025-06-30,000300,688041,海光信息,a,cn
2025-06-30,000300,688047,龙芯中科,a,cn
2025-06-30,000300,688082,盛美上海,a,cn
2025-06-30,000300,688111,金山办公,a,cn
2025-06-30,000300,688126,沪硅产业,a,cn
2025-06-30,000300,688169,石头科技,a,cn
2025-06-30,000300,688187,时代电气,a,cn
2025-06-30,000300,688223,晶科能源,a,cn
2025-06-30,000300,688256,寒武纪,a,cn
2025-06-30,000300,688271,联影医疗,a,cn
2025-06-30,000300,688303,大全能源,a,cn
2025-06-30,000300,688396,华润微,a,cn
2025-06-30,000300,688472,阿特斯,a,cn
2025-06-30,000300,688506,百利天恒,a,cn
2025-06-30,000300,688599,天合光能,a,cn
2025-06-30,000300,688981,中芯国际,a,cn
2025-07-31,000300,000001,平安银行,a,cn
2025-07-31,000300,000002,万科A,a,cn
2025-07-31,000300,000063,中兴通讯,a,cn
2025-07-31,000300,000100,TCL科技,a,cn
2025-07-31,000300,000157,中联重科,a,cn
2025-07-31,000300,000166,申万宏源,a,cn
2025-07-31,000300,000301,东方盛虹,a,cn
2025-07-31,000300,000333,美的集团,a,cn
2025-07-31,000300,000338,潍柴动力,a,cn
2025-07-31,000300,000408,藏格矿业,a,cn
2025-07-31,000300,000425,徐工机械,a,cn
2025-07-31,000300,000538,云南白药,a,cn
2025-07-31,000300,000568,泸州老窖,a,cn
2025-07-31,000300,000596,古井贡酒,a,cn
2025-07-31,000300,000617,中油资本,a,cn
2025-07-31,000300,000625,长安汽车,a,cn
2025-07-31,000300,000630,铜陵有色,a,cn
2025-07-31,000300,000651,格力电器,a,cn
2025-07-31,000300,000661,长春高新,a,cn
2025-07-31,000300,000708,中信特钢,a,cn
2025-07-31,000300,000725,京东方A,a,cn
2025-07-31,000300,000768,中航西飞,a,cn
2025-07-31,000300,000776,广发证券,a,cn
2025-07-31,000300,000786,北新建材,a,cn
2025-07-31,000300,000792,盐湖股份,a,cn
2025-07-31,000300,000800,一汽解放,a,cn
2025-07-31,000300,000807,云铝股份,a,cn
2025-07-31,000300,000858,五粮液,a,cn
2025-07-31,000300,000876,新希望,a,cn
2025-07-31,000300,000895,双汇发展,a,cn
2025-07-31,000300,000938,紫光股份,a,cn
2025-07-31,000300,000963,华东医药,a,cn
2025-07-31,000300,000975,山金国际,a,cn
2025-07-31,000300,000977,浪潮信息,a,cn
2025-07-31,000300,000983,山西焦煤,a,cn
2025-07-31,000300,000999,华润三九,a,cn
2025-07-31,000300,001289,龙源电力,a,cn
2025-07-31,000300,001391,国货航,a,cn
2025-07-31,000300,001965,招商公路,a,cn
2025-07-31,000300,001979,招商蛇口,a,cn
2025-07-31,000300,002001,新和成,a,cn
2025-07-31,000300,002027,分众传媒,a,cn
2025-07-31,000300,002028,思源电气,a,cn
2025-07-31,000300,002049,紫光国微,a,cn
2025-07-31,000300,002050,三花智控,a,cn
2025-07-31,000300,002074,国轩高科,a,cn
2025-07-31,000300,002129,TCL中环,a,cn
2025-07-31,000300,002142,宁波银行,a,cn
2025-07-31,000300,002179,中航光电,a,cn
2025-07-31,000300,002180,奔图科技,a,cn
2025-07-31,000300,002230,科大讯飞,a,cn
2025-07-31,000300,002236,大华股份,a,cn
2025-07-31,000300,002241,歌尔股份,a,cn
2025-07-31,000300,002252,上海莱士,a,cn
2025-07-31,000300,002304,洋河股份,a,cn
2025-07-31,000300,002311,海大集团,a,cn
2025-07-31,000300,002352,顺丰控股,a,cn
2025-07-31,000300,002371,北方华创,a,cn
2025-07-31,000300,002415,海康威视,a,cn
2025-07-31,000300,002422,科伦药业,a,cn
2025-07-31,000300,002459,晶澳科技,a,cn
2025-07-31,000300,002460,赣锋锂业,a,cn
2025-07-31,000300,002463,沪电股份,a,cn
2025-07-31,000300,002466,天齐锂业,a,cn
2025-07-31,000300,002475,立讯精密,a,cn
2025-07-31,000300,002493,荣盛石化,a,cn
2025-07-31,000300,002594,比亚迪,a,cn
2025-07-31,000300,002600,领益智造,a,cn
2025-07-31,000300,002601,龙佰集团,a,cn
2025-07-31,000300,002648,卫星化学,a,cn
2025-07-31,000300,002709,天赐材料,a,cn
2025-07-31,000300,002714,牧原股份,a,cn
2025-07-31,000300,002736,国信证券,a,cn
2025-07-31,000300,002916,深南电路,a,cn
2025-07-31,000300,002920,德赛西威,a,cn
2025-07-31,000300,002938,鹏鼎控股,a,cn
2025-07-31,000300,003816,中国广核,a,cn
2025-07-31,000300,300014,亿纬锂能,a,cn
2025-07-31,000300,300015,爱尔眼科,a,cn
2025-07-31,000300,300033,同花顺,a,cn
2025-07-31,000300,300059,东方财富,a,cn
2025-07-31,000300,300122,智飞生物,a,cn
2025-07-31,000300,300124,汇川技术,a,cn
2025-07-31,000300,300274,阳光电源,a,cn
2025-07-31,000300,300308,中际旭创,a,cn
2025-07-31,000300,300316,晶盛机电,a,cn
2025-07-31,000300,300347,泰格医药,a,cn
2025-07-31,000300,300394,天孚通信,a,cn
2025-07-31,000300,300408,三环集团,a,cn
2025-07-31,000300,300413,芒果超媒,a,cn
2025-07-31,000300,300418,昆仑万维,a,cn
2025-07-31,000300,300433,蓝思科技,a,cn
2025-07-31,000300,300442,润泽科技,a,cn
2025-07-31,000300,300498,温氏股份,a,cn
2025-07-31,000300,300502,新易盛,a,cn
2025-07-31,000300,300628,亿联网络,a,cn
2025-07-31,000300,300661,圣邦股份,a,cn
2025-07-31,000300,300750,宁德时代,a,cn
2025-07-31,000300,300759,康龙化成,a,cn
2025-07-31,000300,300760,迈瑞医疗,a,cn
2025-07-31,000300,300782,卓胜微,a,cn
2025-07-31,000300,300832,新产业,a,cn
2025-07-31,000300,300896,爱美客,a,cn
2025-07-31,000300,300979,华利集团,a,cn
2025-07-31,000300,300999,金龙鱼,a,cn
2025-07-31,000300,301236,软通动力,a,cn
2025-07-31,000300,301269,华大九天,a,cn
2025-07-31,000300,302132,中航成飞,a,cn
2025-07-31,000300,600000,浦发银行,a,cn
2025-07-31,000300,600009,上海机场,a,cn
2025-07-31,000300,600010,包钢股份,a,cn
2025-07-31,000300,600011,华能国际,a,cn
2025-07-31,000300,600015,华夏银行,a,cn
2025-07-31,000300,600016,民生银行,a,cn
2025-07-31,000300,600018,上港集团,a,cn
2025-07-31,000300,600019,宝钢股份,a,cn
2025-07-31,000300,600023,浙能电力,a,cn
2025-07-31,000300,600025,华能水电,a,cn
2025-07-31,000300,600026,中远海能,a,cn
2025-07-31,000300,600027,华电国际,a,cn
2025-07-31,000300,600028,中国石化,a,cn
2025-07-31,000300,600029,南方航空,a,cn
2025-07-31,000300,600030,中信证券,a,cn
2025-07-31,000300,600031,三一重工,a,cn
2025-07-31,000300,600036,招商银行,a,cn
2025-07-31,000300,600039,四川路桥,a,cn
2025-07-31,000300,600048,保利发展,a,cn
2025-07-31,000300,600050,中国联通,a,cn
2025-07-31,000300,600061,国投资本,a,cn
2025-07-31,000300,600066,宇通客车,a,cn
2025-07-31,000300,600085,同仁堂,a,cn
2025-07-31,000300,600089,特变电工,a,cn
2025-07-31,000300,600104,上汽集团,a,cn
2025-07-31,000300,600111,北方稀土,a,cn
2025-07-31,000300,600115,中国东航,a,cn
2025-07-31,000300,600150,中国船舶,a,cn
2025-07-31,000300,600160,巨化股份,a,cn
2025-07-31,000300,600161,天坛生物,a,cn
2025-07-31,000300,600176,中国巨石,a,cn
2025-07-31,000300,600183,生益科技,a,cn
2025-07-31,000300,600188,兖矿能源,a,cn
2025-07-31,000300,600196,复星医药,a,cn
2025-07-31,000300,600219,南山铝业,a,cn
2025-07-31,000300,600233,圆通速递,a,cn
2025-07-31,000300,600276,恒瑞医药,a,cn
2025-07-31,000300,600309,万华化学,a,cn
2025-07-31,000300,600332,白云山,a,cn
2025-07-31,000300,600346,恒力石化,a,cn
2025-07-31,000300,600362,江西铜业,a,cn
2025-07-31,000300,600372,中航机载,a,cn
2025-07-31,000300,600377,宁沪高速,a,cn
2025-07-31,000300,600406,国电南瑞,a,cn
2025-07-31,000300,600415,小商品城,a,cn
2025-07-31,000300,600426,华鲁恒升,a,cn
2025-07-31,000300,600436,片仔癀,a,cn
2025-07-31,000300,600438,通威股份,a,cn
2025-07-31,000300,600460,士兰微,a,cn
2025-07-31,000300,600482,中国动力,a,cn
2025-07-31,000300,600489,中金黄金,a,cn
2025-07-31,000300,600515,海南机场,a,cn
2025-07-31,000300,600519,贵州茅台,a,cn
2025-07-31,000300,600547,山东黄金,a,cn
2025-07-31,000300,600570,恒生电子,a,cn
2025-07-31,000300,600584,长电科技,a,cn
2025-07-31,000300,600585,海螺水泥,a,cn
2025-07-31,000300,600588,用友网络,a,cn
2025-07-31,000300,600600,青岛啤酒,a,cn
2025-07-31,000300,600660,福耀玻璃,a,cn
2025-07-31,000300,600674,川投能源,a,cn
2025-07-31,000300,600690,海尔智家,a,cn
2025-07-31,000300,600741,华域汽车,a,cn
2025-07-31,000300,600760,中航沈飞,a,cn
2025-07-31,000300,600795,国电电力,a,cn
2025-07-31,000300,600803,新奥股份,a,cn
2025-07-31,000300,600809,山西汾酒,a,cn
2025-07-31,000300,600845,宝信软件,a,cn
2025-07-31,000300,600875,东方电气,a,cn
2025-07-31,000300,600886,国投电力,a,cn
2025-07-31,000300,600887,伊利股份,a,cn
2025-07-31,000300,600893,航发动力,a,cn
2025-07-31,000300,600900,长江电力,a,cn
2025-07-31,000300,600905,三峡能源,a,cn
2025-07-31,000300,600918,中泰证券,a,cn
2025-07-31,000300,600919,江苏银行,a,cn
2025-07-31,000300,600926,杭州银行,a,cn
2025-07-31,000300,600938,中国海油,a,cn
2025-07-31,000300,600941,中国移动,a,cn
2025-07-31,000300,600958,东方证券,a,cn
2025-07-31,000300,600989,宝丰能源,a,cn
2025-07-31,000300,600999,招商证券,a,cn
2025-07-31,000300,601006,大秦铁路,a,cn
2025-07-31,000300,601009,南京银行,a,cn
2025-07-31,000300,601012,隆基绿能,a,cn
2025-07-31,000300,601021,春秋航空,a,cn
2025-07-31,000300,601058,赛轮轮胎,a,cn
2025-07-31,000300,601059,信达证券,a,cn
2025-07-31,000300,601066,中信建投,a,cn
2025-07-31,000300,601077,渝农商行,a,cn
2025-07-31,000300,601088,中国神华,a,cn
2025-07-31,000300,601100,恒立液压,a,cn
2025-07-31,000300,601111,中国国航,a,cn
2025-07-31,000300,601117,中国化学,a,cn
2025-07-31,000300,601127,赛力斯,a,cn
2025-07-31,000300,601136,首创证券,a,cn
2025-07-31,000300,601138,工业富联,a,cn
2025-07-31,000300,601166,兴业银行,a,cn
2025-07-31,000300,601169,北京银行,a,cn
2025-07-31,000300,601186,中国铁建,a,cn
2025-07-31,000300,601211,国泰海通,a,cn
2025-07-31,000300,601225,陕西煤业,a,cn
2025-07-31,000300,601229,上海银行,a,cn
2025-07-31,000300,601236,红塔证券,a,cn
2025-07-31,000300,601238,广汽集团,a,cn
2025-07-31,000300,601288,农业银行,a,cn
2025-07-31,000300,601318,中国平安,a,cn
2025-07-31,000300,601319,中国人保,a,cn
2025-07-31,000300,601328,交通银行,a,cn
2025-07-31,000300,601336,新华保险,a,cn
2025-07-31,000300,601360,三六零,a,cn
2025-07-31,000300,601377,兴业证券,a,cn
2025-07-31,000300,601390,中国中铁,a,cn
2025-07-31,000300,601398,工商银行,a,cn
2025-07-31,000300,601600,中国铝业,a,cn
2025-07-31,000300,601601,中国太保,a,cn
2025-07-31,000300,601607,上海医药,a,cn
2025-07-31,000300,601618,中国中冶,a,cn
2025-07-31,000300,601628,中国人寿,a,cn
2025-07-31,000300,601633,长城汽车,a,cn
2025-07-31,000300,601658,邮储银行,a,cn
2025-07-31,000300,601668,中国建筑,a,cn
2025-07-31,000300,601669,中国电建,a,cn
2025-07-31,000300,601688,华泰证券,a,cn
2025-07-31,000300,601689,拓普集团,a,cn
2025-07-31,000300,601698,中国卫通,a,cn
2025-07-31,000300,601699,潞安环能,a,cn
2025-07-31,000300,601728,中国电信,a,cn
2025-07-31,000300,601766,中国中车,a,cn
2025-07-31,000300,601788,光大证券,a,cn
2025-07-31,000300,601799,星宇股份,a,cn
2025-07-31,000300,601800,中国交建,a,cn
2025-07-31,000300,601808,中海油服,a,cn
2025-07-31,000300,601816,京沪高铁,a,cn
2025-07-31,000300,601818,光大银行,a,cn
2025-07-31,000300,601825,沪农商行,a,cn
2025-07-31,000300,601838,成都银行,a,cn
2025-07-31,000300,601857,中国石油,a,cn
2025-07-31,000300,601865,福莱特,a,cn
2025-07-31,000300,601868,中国能建,a,cn
2025-07-31,000300,601872,招商轮船,a,cn
2025-07-31,000300,601877,正泰电器,a,cn
2025-07-31,000300,601878,浙商证券,a,cn
2025-07-31,000300,601881,中国银河,a,cn
2025-07-31,000300,601888,中国中免,a,cn
2025-07-31,000300,601898,中煤能源,a,cn
2025-07-31,000300,601899,紫金矿业,a,cn
2025-07-31,000300,601901,方正证券,a,cn
2025-07-31,000300,601916,浙商银行,a,cn
2025-07-31,000300,601919,中远海控,a,cn
2025-07-31,000300,601939,建设银行,a,cn
2025-07-31,000300,601985,中国核电,a,cn
2025-07-31,000300,601988,中国银行,a,cn
2025-07-31,000300,601989,中国重工,a,cn
2025-07-31,000300,601995,中金公司,a,cn
2025-07-31,000300,601998,中信银行,a,cn
2025-07-31,000300,603019,中科曙光,a,cn
2025-07-31,000300,603195,公牛集团,a,cn
2025-07-31,000300,603259,药明康德,a,cn
2025-07-31,000300,603260,合盛硅业,a,cn
2025-07-31,000300,603288,海天味业,a,cn
2025-07-31,000300,603296,华勤技术,a,cn
2025-07-31,000300,603369,今世缘,a,cn
2025-07-31,000300,603392,万泰生物,a,cn
2025-07-31,000300,603501,豪威集团,a,cn
2025-07-31,000300,603799,华友钴业,a,cn
2025-07-31,000300,603806,福斯特,a,cn
2025-07-31,000300,603833,欧派家居,a,cn
2025-07-31,000300,603986,兆易创新,a,cn
2025-07-31,000300,603993,洛阳钼业,a,cn
2025-07-31,000300,605117,德业股份,a,cn
2025-07-31,000300,605499,东鹏饮料,a,cn
2025-07-31,000300,688008,澜起科技,a,cn
2025-07-31,000300,688009,中国通号,a,cn
2025-07-31,000300,688012,中微公司,a,cn
2025-07-31,000300,688036,传音控股,a,cn
2025-07-31,000300,688041,海光信息,a,cn
2025-07-31,000300,688047,龙芯中科,a,cn
2025-07-31,000300,688082,盛美上海,a,cn
2025-07-31,000300,688111,金山办公,a,cn
2025-07-31,000300,688126,沪硅产业,a,cn
2025-07-31,000300,688169,石头科技,a,cn
2025-07-31,000300,688187,时代电气,a,cn
2025-07-31,000300,688223,晶科能源,a,cn
2025-07-31,000300,688256,寒武纪,a,cn
2025-07-31,000300,688271,联影医疗,a,cn
2025-07-31,000300,688303,大全能源,a,cn
2025-07-31,000300,688396,华润微,a,cn
2025-07-31,000300,688472,阿特斯,a,cn
2025-07-31,000300,688506,百利天恒,a,cn
2025-07-31,000300,688599,天合光能,a,cn
2025-07-31,000300,688981,中芯国际,a,cn
2025-08-29,000300,000001,平安银行,a,cn
2025-08-29,000300,000002,万科A,a,cn
2025-08-29,000300,000063,中兴通讯,a,cn
2025-08-29,000300,000100,TCL科技,a,cn
2025-08-29,000300,000157,中联重科,a,cn
2025-08-29,000300,000166,申万宏源,a,cn
2025-08-29,000300,000301,东方盛虹,a,cn
2025-08-29,000300,000333,美的集团,a,cn
2025-08-29,000300,000338,潍柴动力,a,cn
2025-08-29,000300,000408,藏格矿业,a,cn
2025-08-29,000300,000425,徐工机械,a,cn
2025-08-29,000300,000538,云南白药,a,cn
2025-08-29,000300,000568,泸州老窖,a,cn
2025-08-29,000300,000596,古井贡酒,a,cn
2025-08-29,000300,000617,中油资本,a,cn
2025-08-29,000300,000625,长安汽车,a,cn
2025-08-29,000300,000630,铜陵有色,a,cn
2025-08-29,000300,000651,格力电器,a,cn
2025-08-29,000300,000661,长春高新,a,cn
2025-08-29,000300,000708,中信特钢,a,cn
2025-08-29,000300,000725,京东方A,a,cn
2025-08-29,000300,000768,中航西飞,a,cn
2025-08-29,000300,000776,广发证券,a,cn
2025-08-29,000300,000786,北新建材,a,cn
2025-08-29,000300,000792,盐湖股份,a,cn
2025-08-29,000300,000800,一汽解放,a,cn
2025-08-29,000300,000807,云铝股份,a,cn
2025-08-29,000300,000858,五粮液,a,cn
2025-08-29,000300,000876,新希望,a,cn
2025-08-29,000300,000895,双汇发展,a,cn
2025-08-29,000300,000938,紫光股份,a,cn
2025-08-29,000300,000963,华东医药,a,cn
2025-08-29,000300,000975,山金国际,a,cn
2025-08-29,000300,000977,浪潮信息,a,cn
2025-08-29,000300,000983,山西焦煤,a,cn
2025-08-29,000300,000999,华润三九,a,cn
2025-08-29,000300,001289,龙源电力,a,cn
2025-08-29,000300,001391,国货航,a,cn
2025-08-29,000300,001965,招商公路,a,cn
2025-08-29,000300,001979,招商蛇口,a,cn
2025-08-29,000300,002001,新和成,a,cn
2025-08-29,000300,002027,分众传媒,a,cn
2025-08-29,000300,002028,思源电气,a,cn
2025-08-29,000300,002049,紫光国微,a,cn
2025-08-29,000300,002050,三花智控,a,cn
2025-08-29,000300,002074,国轩高科,a,cn
2025-08-29,000300,002129,TCL中环,a,cn
2025-08-29,000300,002142,宁波银行,a,cn
2025-08-29,000300,002179,中航光电,a,cn
2025-08-29,000300,002180,奔图科技,a,cn
2025-08-29,000300,002230,科大讯飞,a,cn
2025-08-29,000300,002236,大华股份,a,cn
2025-08-29,000300,002241,歌尔股份,a,cn
2025-08-29,000300,002252,上海莱士,a,cn
2025-08-29,000300,002304,洋河股份,a,cn
2025-08-29,000300,002311,海大集团,a,cn
2025-08-29,000300,002352,顺丰控股,a,cn
2025-08-29,000300,002371,北方华创,a,cn
2025-08-29,000300,002415,海康威视,a,cn
2025-08-29,000300,002422,科伦药业,a,cn
2025-08-29,000300,002459,晶澳科技,a,cn
2025-08-29,000300,002460,赣锋锂业,a,cn
2025-08-29,000300,002463,沪电股份,a,cn
2025-08-29,000300,002466,天齐锂业,a,cn
2025-08-29,000300,002475,立讯精密,a,cn
2025-08-29,000300,002493,荣盛石化,a,cn
2025-08-29,000300,002594,比亚迪,a,cn
2025-08-29,000300,002600,领益智造,a,cn
2025-08-29,000300,002601,龙佰集团,a,cn
2025-08-29,000300,002648,卫星化学,a,cn
2025-08-29,000300,002709,天赐材料,a,cn
2025-08-29,000300,002714,牧原股份,a,cn
2025-08-29,000300,002736,国信证券,a,cn
2025-08-29,000300,002916,深南电路,a,cn
2025-08-29,000300,002920,德赛西威,a,cn
2025-08-29,000300,002938,鹏鼎控股,a,cn
2025-08-29,000300,003816,中国广核,a,cn
2025-08-29,000300,300014,亿纬锂能,a,cn
2025-08-29,000300,300015,爱尔眼科,a,cn
2025-08-29,000300,300033,同花顺,a,cn
2025-08-29,000300,300059,东方财富,a,cn
2025-08-29,000300,300122,智飞生物,a,cn
2025-08-29,000300,300124,汇川技术,a,cn
2025-08-29,000300,300274,阳光电源,a,cn
2025-08-29,000300,300308,中际旭创,a,cn
2025-08-29,000300,300316,晶盛机电,a,cn
2025-08-29,000300,300347,泰格医药,a,cn
2025-08-29,000300,300394,天孚通信,a,cn
2025-08-29,000300,300408,三环集团,a,cn
2025-08-29,000300,300413,芒果超媒,a,cn
2025-08-29,000300,300418,昆仑万维,a,cn
2025-08-29,000300,300433,蓝思科技,a,cn
2025-08-29,000300,300442,润泽科技,a,cn
2025-08-29,000300,300498,温氏股份,a,cn
2025-08-29,000300,300502,新易盛,a,cn
2025-08-29,000300,300628,亿联网络,a,cn
2025-08-29,000300,300661,圣邦股份,a,cn
2025-08-29,000300,300750,宁德时代,a,cn
2025-08-29,000300,300759,康龙化成,a,cn
2025-08-29,000300,300760,迈瑞医疗,a,cn
2025-08-29,000300,300782,卓胜微,a,cn
2025-08-29,000300,300832,新产业,a,cn
2025-08-29,000300,300896,爱美客,a,cn
2025-08-29,000300,300979,华利集团,a,cn
2025-08-29,000300,300999,金龙鱼,a,cn
2025-08-29,000300,301236,软通动力,a,cn
2025-08-29,000300,301269,华大九天,a,cn
2025-08-29,000300,302132,中航成飞,a,cn
2025-08-29,000300,600000,浦发银行,a,cn
2025-08-29,000300,600009,上海机场,a,cn
2025-08-29,000300,600010,包钢股份,a,cn
2025-08-29,000300,600011,华能国际,a,cn
2025-08-29,000300,600015,华夏银行,a,cn
2025-08-29,000300,600016,民生银行,a,cn
2025-08-29,000300,600018,上港集团,a,cn
2025-08-29,000300,600019,宝钢股份,a,cn
2025-08-29,000300,600023,浙能电力,a,cn
2025-08-29,000300,600025,华能水电,a,cn
2025-08-29,000300,600026,中远海能,a,cn
2025-08-29,000300,600027,华电国际,a,cn
2025-08-29,000300,600028,中国石化,a,cn
2025-08-29,000300,600029,南方航空,a,cn
2025-08-29,000300,600030,中信证券,a,cn
2025-08-29,000300,600031,三一重工,a,cn
2025-08-29,000300,600036,招商银行,a,cn
2025-08-29,000300,600039,四川路桥,a,cn
2025-08-29,000300,600048,保利发展,a,cn
2025-08-29,000300,600050,中国联通,a,cn
2025-08-29,000300,600061,国投资本,a,cn
2025-08-29,000300,600066,宇通客车,a,cn
2025-08-29,000300,600085,同仁堂,a,cn
2025-08-29,000300,600089,特变电工,a,cn
2025-08-29,000300,600104,上汽集团,a,cn
2025-08-29,000300,600111,北方稀土,a,cn
2025-08-29,000300,600115,中国东航,a,cn
2025-08-29,000300,600150,中国船舶,a,cn
2025-08-29,000300,600160,巨化股份,a,cn
2025-08-29,000300,600161,天坛生物,a,cn
2025-08-29,000300,600176,中国巨石,a,cn
2025-08-29,000300,600183,生益科技,a,cn
2025-08-29,000300,600188,兖矿能源,a,cn
2025-08-29,000300,600196,复星医药,a,cn
2025-08-29,000300,600219,南山铝业,a,cn
2025-08-29,000300,600233,圆通速递,a,cn
2025-08-29,000300,600276,恒瑞医药,a,cn
2025-08-29,000300,600309,万华化学,a,cn
2025-08-29,000300,600332,白云山,a,cn
2025-08-29,000300,600346,恒力石化,a,cn
2025-08-29,000300,600362,江西铜业,a,cn
2025-08-29,000300,600372,中航机载,a,cn
2025-08-29,000300,600377,宁沪高速,a,cn
2025-08-29,000300,600406,国电南瑞,a,cn
2025-08-29,000300,600415,小商品城,a,cn
2025-08-29,000300,600426,华鲁恒升,a,cn
2025-08-29,000300,600436,片仔癀,a,cn
2025-08-29,000300,600438,通威股份,a,cn
2025-08-29,000300,600460,士兰微,a,cn
2025-08-29,000300,600482,中国动力,a,cn
2025-08-29,000300,600489,中金黄金,a,cn
2025-08-29,000300,600515,海南机场,a,cn
2025-08-29,000300,600519,贵州茅台,a,cn
2025-08-29,000300,600547,山东黄金,a,cn
2025-08-29,000300,600570,恒生电子,a,cn
2025-08-29,000300,600584,长电科技,a,cn
2025-08-29,000300,600585,海螺水泥,a,cn
2025-08-29,000300,600588,用友网络,a,cn
2025-08-29,000300,600600,青岛啤酒,a,cn
2025-08-29,000300,600660,福耀玻璃,a,cn
2025-08-29,000300,600674,川投能源,a,cn
2025-08-29,000300,600690,海尔智家,a,cn
2025-08-29,000300,600741,华域汽车,a,cn
2025-08-29,000300,600760,中航沈飞,a,cn
2025-08-29,000300,600795,国电电力,a,cn
2025-08-29,000300,600803,新奥股份,a,cn
2025-08-29,000300,600809,山西汾酒,a,cn
2025-08-29,000300,600845,宝信软件,a,cn
2025-08-29,000300,600875,东方电气,a,cn
2025-08-29,000300,600886,国投电力,a,cn
2025-08-29,000300,600887,伊利股份,a,cn
2025-08-29,000300,600893,航发动力,a,cn
2025-08-29,000300,600900,长江电力,a,cn
2025-08-29,000300,600905,三峡能源,a,cn
2025-08-29,000300,600918,中泰证券,a,cn
2025-08-29,000300,600919,江苏银行,a,cn
2025-08-29,000300,600926,杭州银行,a,cn
2025-08-29,000300,600938,中国海油,a,cn
2025-08-29,000300,600941,中国移动,a,cn
2025-08-29,000300,600958,东方证券,a,cn
2025-08-29,000300,600989,宝丰能源,a,cn
2025-08-29,000300,600999,招商证券,a,cn
2025-08-29,000300,601006,大秦铁路,a,cn
2025-08-29,000300,601009,南京银行,a,cn
2025-08-29,000300,601012,隆基绿能,a,cn
2025-08-29,000300,601021,春秋航空,a,cn
2025-08-29,000300,601058,赛轮轮胎,a,cn
2025-08-29,000300,601059,信达证券,a,cn
2025-08-29,000300,601066,中信建投,a,cn
2025-08-29,000300,601077,渝农商行,a,cn
2025-08-29,000300,601088,中国神华,a,cn
2025-08-29,000300,601100,恒立液压,a,cn
2025-08-29,000300,601111,中国国航,a,cn
2025-08-29,000300,601117,中国化学,a,cn
2025-08-29,000300,601127,赛力斯,a,cn
2025-08-29,000300,601136,首创证券,a,cn
2025-08-29,000300,601138,工业富联,a,cn
2025-08-29,000300,601166,兴业银行,a,cn
2025-08-29,000300,601169,北京银行,a,cn
2025-08-29,000300,601186,中国铁建,a,cn
2025-08-29,000300,601211,国泰海通,a,cn
2025-08-29,000300,601225,陕西煤业,a,cn
2025-08-29,000300,601229,上海银行,a,cn
2025-08-29,000300,601236,红塔证券,a,cn
2025-08-29,000300,601238,广汽集团,a,cn
2025-08-29,000300,601288,农业银行,a,cn
2025-08-29,000300,601318,中国平安,a,cn
2025-08-29,000300,601319,中国人保,a,cn
2025-08-29,000300,601328,交通银行,a,cn
2025-08-29,000300,601336,新华保险,a,cn
2025-08-29,000300,601360,三六零,a,cn
2025-08-29,000300,601377,兴业证券,a,cn
2025-08-29,000300,601390,中国中铁,a,cn
2025-08-29,000300,601398,工商银行,a,cn
2025-08-29,000300,601600,中国铝业,a,cn
2025-08-29,000300,601601,中国太保,a,cn
2025-08-29,000300,601607,上海医药,a,cn
2025-08-29,000300,601618,中国中冶,a,cn
2025-08-29,000300,601628,中国人寿,a,cn
2025-08-29,000300,601633,长城汽车,a,cn
2025-08-29,000300,601658,邮储银行,a,cn
2025-08-29,000300,601668,中国建筑,a,cn
2025-08-29,000300,601669,中国电建,a,cn
2025-08-29,000300,601688,华泰证券,a,cn
2025-08-29,000300,601689,拓普集团,a,cn
2025-08-29,000300,601698,中国卫通,a,cn
2025-08-29,000300,601699,潞安环能,a,cn
2025-08-29,000300,601728,中国电信,a,cn
2025-08-29,000300,601766,中国中车,a,cn
2025-08-29,000300,601788,光大证券,a,cn
2025-08-29,000300,601799,星宇股份,a,cn
2025-08-29,000300,601800,中国交建,a,cn
2025-08-29,000300,601808,中海油服,a,cn
2025-08-29,000300,601816,京沪高铁,a,cn
2025-08-29,000300,601818,光大银行,a,cn
2025-08-29,000300,601825,沪农商行,a,cn
2025-08-29,000300,601838,成都银行,a,cn
2025-08-29,000300,601857,中国石油,a,cn
2025-08-29,000300,601865,福莱特,a,cn
2025-08-29,000300,601868,中国能建,a,cn
2025-08-29,000300,601872,招商轮船,a,cn
2025-08-29,000300,601877,正泰电器,a,cn
2025-08-29,000300,601878,浙商证券,a,cn
2025-08-29,000300,601881,中国银河,a,cn
2025-08-29,000300,601888,中国中免,a,cn
2025-08-29,000300,601898,中煤能源,a,cn
2025-08-29,000300,601899,紫金矿业,a,cn
2025-08-29,000300,601901,方正证券,a,cn
2025-08-29,000300,601916,浙商银行,a,cn
2025-08-29,000300,601919,中远海控,a,cn
2025-08-29,000300,601939,建设银行,a,cn
2025-08-29,000300,601985,中国核电,a,cn
2025-08-29,000300,601988,中国银行,a,cn
2025-08-29,000300,601989,中国重工,a,cn
2025-08-29,000300,601995,中金公司,a,cn
2025-08-29,000300,601998,中信银行,a,cn
2025-08-29,000300,603019,中科曙光,a,cn
2025-08-29,000300,603195,公牛集团,a,cn
2025-08-29,000300,603259,药明康德,a,cn
2025-08-29,000300,603260,合盛硅业,a,cn
2025-08-29,000300,603288,海天味业,a,cn
2025-08-29,000300,603296,华勤技术,a,cn
2025-08-29,000300,603369,今世缘,a,cn
2025-08-29,000300,603392,万泰生物,a,cn
2025-08-29,000300,603501,豪威集团,a,cn
2025-08-29,000300,603799,华友钴业,a,cn
2025-08-29,000300,603806,福斯特,a,cn
2025-08-29,000300,603833,欧派家居,a,cn
2025-08-29,000300,603986,兆易创新,a,cn
2025-08-29,000300,603993,洛阳钼业,a,cn
2025-08-29,000300,605117,德业股份,a,cn
2025-08-29,000300,605499,东鹏饮料,a,cn
2025-08-29,000300,688008,澜起科技,a,cn
2025-08-29,000300,688009,中国通号,a,cn
2025-08-29,000300,688012,中微公司,a,cn
2025-08-29,000300,688036,传音控股,a,cn
2025-08-29,000300,688041,海光信息,a,cn
2025-08-29,000300,688047,龙芯中科,a,cn
2025-08-29,000300,688082,盛美上海,a,cn
2025-08-29,000300,688111,金山办公,a,cn
2025-08-29,000300,688126,沪硅产业,a,cn
2025-08-29,000300,688169,石头科技,a,cn
2025-08-29,000300,688187,时代电气,a,cn
2025-08-29,000300,688223,晶科能源,a,cn
2025-08-29,000300,688256,寒武纪,a,cn
2025-08-29,000300,688271,联影医疗,a,cn
2025-08-29,000300,688303,大全能源,a,cn
2025-08-29,000300,688396,华润微,a,cn
2025-08-29,000300,688472,阿特斯,a,cn
2025-08-29,000300,688506,百利天恒,a,cn
2025-08-29,000300,688599,天合光能,a,cn
2025-08-29,000300,688981,中芯国际,a,cn
2025-09-30,000300,000001,平安银行,a,cn
2025-09-30,000300,000002,万科A,a,cn
2025-09-30,000300,000063,中兴通讯,a,cn
2025-09-30,000300,000100,TCL科技,a,cn
2025-09-30,000300,000157,中联重科,a,cn
2025-09-30,000300,000166,申万宏源,a,cn
2025-09-30,000300,000301,东方盛虹,a,cn
2025-09-30,000300,000333,美的集团,a,cn
2025-09-30,000300,000338,潍柴动力,a,cn
2025-09-30,000300,000408,藏格矿业,a,cn
2025-09-30,000300,000425,徐工机械,a,cn
2025-09-30,000300,000538,云南白药,a,cn
2025-09-30,000300,000568,泸州老窖,a,cn
2025-09-30,000300,000596,古井贡酒,a,cn
2025-09-30,000300,000617,中油资本,a,cn
2025-09-30,000300,000625,长安汽车,a,cn
2025-09-30,000300,000630,铜陵有色,a,cn
2025-09-30,000300,000651,格力电器,a,cn
2025-09-30,000300,000661,长春高新,a,cn
2025-09-30,000300,000708,中信特钢,a,cn
2025-09-30,000300,000725,京东方A,a,cn
2025-09-30,000300,000768,中航西飞,a,cn
2025-09-30,000300,000776,广发证券,a,cn
2025-09-30,000300,000786,北新建材,a,cn
2025-09-30,000300,000792,盐湖股份,a,cn
2025-09-30,000300,000800,一汽解放,a,cn
2025-09-30,000300,000807,云铝股份,a,cn
2025-09-30,000300,000858,五粮液,a,cn
2025-09-30,000300,000876,新希望,a,cn
2025-09-30,000300,000895,双汇发展,a,cn
2025-09-30,000300,000938,紫光股份,a,cn
2025-09-30,000300,000963,华东医药,a,cn
2025-09-30,000300,000975,山金国际,a,cn
2025-09-30,000300,000977,浪潮信息,a,cn
2025-09-30,000300,000983,山西焦煤,a,cn
2025-09-30,000300,000999,华润三九,a,cn
2025-09-30,000300,001289,龙源电力,a,cn
2025-09-30,000300,001391,国货航,a,cn
2025-09-30,000300,001965,招商公路,a,cn
2025-09-30,000300,001979,招商蛇口,a,cn
2025-09-30,000300,002001,新和成,a,cn
2025-09-30,000300,002027,分众传媒,a,cn
2025-09-30,000300,002028,思源电气,a,cn
2025-09-30,000300,002049,紫光国微,a,cn
2025-09-30,000300,002050,三花智控,a,cn
2025-09-30,000300,002074,国轩高科,a,cn
2025-09-30,000300,002129,TCL中环,a,cn
2025-09-30,000300,002142,宁波银行,a,cn
2025-09-30,000300,002179,中航光电,a,cn
2025-09-30,000300,002180,奔图科技,a,cn
2025-09-30,000300,002230,科大讯飞,a,cn
2025-09-30,000300,002236,大华股份,a,cn
2025-09-30,000300,002241,歌尔股份,a,cn
2025-09-30,000300,002252,上海莱士,a,cn
2025-09-30,000300,002304,洋河股份,a,cn
2025-09-30,000300,002311,海大集团,a,cn
2025-09-30,000300,002352,顺丰控股,a,cn
2025-09-30,000300,002371,北方华创,a,cn
2025-09-30,000300,002415,海康威视,a,cn
2025-09-30,000300,002422,科伦药业,a,cn
2025-09-30,000300,002459,晶澳科技,a,cn
2025-09-30,000300,002460,赣锋锂业,a,cn
2025-09-30,000300,002463,沪电股份,a,cn
2025-09-30,000300,002466,天齐锂业,a,cn
2025-09-30,000300,002475,立讯精密,a,cn
2025-09-30,000300,002493,荣盛石化,a,cn
2025-09-30,000300,002594,比亚迪,a,cn
2025-09-30,000300,002600,领益智造,a,cn
2025-09-30,000300,002601,龙佰集团,a,cn
2025-09-30,000300,002648,卫星化学,a,cn
2025-09-30,000300,002709,天赐材料,a,cn
2025-09-30,000300,002714,牧原股份,a,cn
2025-09-30,000300,002736,国信证券,a,cn
2025-09-30,000300,002916,深南电路,a,cn
2025-09-30,000300,002920,德赛西威,a,cn
2025-09-30,000300,002938,鹏鼎控股,a,cn
2025-09-30,000300,003816,中国广核,a,cn
2025-09-30,000300,300014,亿纬锂能,a,cn
2025-09-30,000300,300015,爱尔眼科,a,cn
2025-09-30,000300,300033,同花顺,a,cn
2025-09-30,000300,300059,东方财富,a,cn
2025-09-30,000300,300122,智飞生物,a,cn
2025-09-30,000300,300124,汇川技术,a,cn
2025-09-30,000300,300274,阳光电源,a,cn
2025-09-30,000300,300308,中际旭创,a,cn
2025-09-30,000300,300316,晶盛机电,a,cn
2025-09-30,000300,300347,泰格医药,a,cn
2025-09-30,000300,300394,天孚通信,a,cn
2025-09-30,000300,300408,三环集团,a,cn
2025-09-30,000300,300413,芒果超媒,a,cn
2025-09-30,000300,300418,昆仑万维,a,cn
2025-09-30,000300,300433,蓝思科技,a,cn
2025-09-30,000300,300442,润泽科技,a,cn
2025-09-30,000300,300498,温氏股份,a,cn
2025-09-30,000300,300502,新易盛,a,cn
2025-09-30,000300,300628,亿联网络,a,cn
2025-09-30,000300,300661,圣邦股份,a,cn
2025-09-30,000300,300750,宁德时代,a,cn
2025-09-30,000300,300759,康龙化成,a,cn
2025-09-30,000300,300760,迈瑞医疗,a,cn
2025-09-30,000300,300782,卓胜微,a,cn
2025-09-30,000300,300832,新产业,a,cn
2025-09-30,000300,300896,爱美客,a,cn
2025-09-30,000300,300979,华利集团,a,cn
2025-09-30,000300,300999,金龙鱼,a,cn
2025-09-30,000300,301236,软通动力,a,cn
2025-09-30,000300,301269,华大九天,a,cn
2025-09-30,000300,302132,中航成飞,a,cn
2025-09-30,000300,600000,浦发银行,a,cn
2025-09-30,000300,600009,上海机场,a,cn
2025-09-30,000300,600010,包钢股份,a,cn
2025-09-30,000300,600011,华能国际,a,cn
2025-09-30,000300,600015,华夏银行,a,cn
2025-09-30,000300,600016,民生银行,a,cn
2025-09-30,000300,600018,上港集团,a,cn
2025-09-30,000300,600019,宝钢股份,a,cn
2025-09-30,000300,600023,浙能电力,a,cn
2025-09-30,000300,600025,华能水电,a,cn
2025-09-30,000300,600026,中远海能,a,cn
2025-09-30,000300,600027,华电国际,a,cn
2025-09-30,000300,600028,中国石化,a,cn
2025-09-30,000300,600029,南方航空,a,cn
2025-09-30,000300,600030,中信证券,a,cn
2025-09-30,000300,600031,三一重工,a,cn
2025-09-30,000300,600036,招商银行,a,cn
2025-09-30,000300,600039,四川路桥,a,cn
2025-09-30,000300,600048,保利发展,a,cn
2025-09-30,000300,600050,中国联通,a,cn
2025-09-30,000300,600061,国投资本,a,cn
2025-09-30,000300,600066,宇通客车,a,cn
2025-09-30,000300,600085,同仁堂,a,cn
2025-09-30,000300,600089,特变电工,a,cn
2025-09-30,000300,600104,上汽集团,a,cn
2025-09-30,000300,600111,北方稀土,a,cn
2025-09-30,000300,600115,中国东航,a,cn
2025-09-30,000300,600150,中国船舶,a,cn
2025-09-30,000300,600160,巨化股份,a,cn
2025-09-30,000300,600161,天坛生物,a,cn
2025-09-30,000300,600176,中国巨石,a,cn
2025-09-30,000300,600183,生益科技,a,cn
2025-09-30,000300,600188,兖矿能源,a,cn
2025-09-30,000300,600196,复星医药,a,cn
2025-09-30,000300,600219,南山铝业,a,cn
2025-09-30,000300,600233,圆通速递,a,cn
2025-09-30,000300,600276,恒瑞医药,a,cn
2025-09-30,000300,600309,万华化学,a,cn
2025-09-30,000300,600332,白云山,a,cn
2025-09-30,000300,600346,恒力石化,a,cn
2025-09-30,000300,600362,江西铜业,a,cn
2025-09-30,000300,600372,中航机载,a,cn
2025-09-30,000300,600377,宁沪高速,a,cn
2025-09-30,000300,600406,国电南瑞,a,cn
2025-09-30,000300,600415,小商品城,a,cn
2025-09-30,000300,600426,华鲁恒升,a,cn
2025-09-30,000300,600436,片仔癀,a,cn
2025-09-30,000300,600438,通威股份,a,cn
2025-09-30,000300,600460,士兰微,a,cn
2025-09-30,000300,600482,中国动力,a,cn
2025-09-30,000300,600489,中金黄金,a,cn
2025-09-30,000300,600515,海南机场,a,cn
2025-09-30,000300,600519,贵州茅台,a,cn
2025-09-30,000300,600547,山东黄金,a,cn
2025-09-30,000300,600570,恒生电子,a,cn
2025-09-30,000300,600584,长电科技,a,cn
2025-09-30,000300,600585,海螺水泥,a,cn
2025-09-30,000300,600588,用友网络,a,cn
2025-09-30,000300,600600,青岛啤酒,a,cn
2025-09-30,000300,600660,福耀玻璃,a,cn
2025-09-30,000300,600674,川投能源,a,cn
2025-09-30,000300,600690,海尔智家,a,cn
2025-09-30,000300,600741,华域汽车,a,cn
2025-09-30,000300,600760,中航沈飞,a,cn
2025-09-30,000300,600795,国电电力,a,cn
2025-09-30,000300,600803,新奥股份,a,cn
2025-09-30,000300,600809,山西汾酒,a,cn
2025-09-30,000300,600845,宝信软件,a,cn
2025-09-30,000300,600875,东方电气,a,cn
2025-09-30,000300,600886,国投电力,a,cn
2025-09-30,000300,600887,伊利股份,a,cn
2025-09-30,000300,600893,航发动力,a,cn
2025-09-30,000300,600900,长江电力,a,cn
2025-09-30,000300,600905,三峡能源,a,cn
2025-09-30,000300,600918,中泰证券,a,cn
2025-09-30,000300,600919,江苏银行,a,cn
2025-09-30,000300,600926,杭州银行,a,cn
2025-09-30,000300,600938,中国海油,a,cn
2025-09-30,000300,600941,中国移动,a,cn
2025-09-30,000300,600958,东方证券,a,cn
2025-09-30,000300,600989,宝丰能源,a,cn
2025-09-30,000300,600999,招商证券,a,cn
2025-09-30,000300,601006,大秦铁路,a,cn
2025-09-30,000300,601009,南京银行,a,cn
2025-09-30,000300,601012,隆基绿能,a,cn
2025-09-30,000300,601021,春秋航空,a,cn
2025-09-30,000300,601058,赛轮轮胎,a,cn
2025-09-30,000300,601059,信达证券,a,cn
2025-09-30,000300,601066,中信建投,a,cn
2025-09-30,000300,601077,渝农商行,a,cn
2025-09-30,000300,601088,中国神华,a,cn
2025-09-30,000300,601100,恒立液压,a,cn
2025-09-30,000300,601111,中国国航,a,cn
2025-09-30,000300,601117,中国化学,a,cn
2025-09-30,000300,601127,赛力斯,a,cn
2025-09-30,000300,601136,首创证券,a,cn
2025-09-30,000300,601138,工业富联,a,cn
2025-09-30,000300,601166,兴业银行,a,cn
2025-09-30,000300,601169,北京银行,a,cn
2025-09-30,000300,601186,中国铁建,a,cn
2025-09-30,000300,601211,国泰海通,a,cn
2025-09-30,000300,601225,陕西煤业,a,cn
2025-09-30,000300,601229,上海银行,a,cn
2025-09-30,000300,601236,红塔证券,a,cn
2025-09-30,000300,601238,广汽集团,a,cn
2025-09-30,000300,601288,农业银行,a,cn
2025-09-30,000300,601298,青岛港,a,cn
2025-09-30,000300,601318,中国平安,a,cn
2025-09-30,000300,601319,中国人保,a,cn
2025-09-30,000300,601328,交通银行,a,cn
2025-09-30,000300,601336,新华保险,a,cn
2025-09-30,000300,601360,三六零,a,cn
2025-09-30,000300,601377,兴业证券,a,cn
2025-09-30,000300,601390,中国中铁,a,cn
2025-09-30,000300,601398,工商银行,a,cn
2025-09-30,000300,601600,中国铝业,a,cn
2025-09-30,000300,601601,中国太保,a,cn
2025-09-30,000300,601607,上海医药,a,cn
2025-09-30,000300,601618,中国中冶,a,cn
2025-09-30,000300,601628,中国人寿,a,cn
2025-09-30,000300,601633,长城汽车,a,cn
2025-09-30,000300,601658,邮储银行,a,cn
2025-09-30,000300,601668,中国建筑,a,cn
2025-09-30,000300,601669,中国电建,a,cn
2025-09-30,000300,601688,华泰证券,a,cn
2025-09-30,000300,601689,拓普集团,a,cn
2025-09-30,000300,601698,中国卫通,a,cn
2025-09-30,000300,601699,潞安环能,a,cn
2025-09-30,000300,601728,中国电信,a,cn
2025-09-30,000300,601766,中国中车,a,cn
2025-09-30,000300,601788,光大证券,a,cn
2025-09-30,000300,601799,星宇股份,a,cn
2025-09-30,000300,601800,中国交建,a,cn
2025-09-30,000300,601808,中海油服,a,cn
2025-09-30,000300,601816,京沪高铁,a,cn
2025-09-30,000300,601818,光大银行,a,cn
2025-09-30,000300,601825,沪农商行,a,cn
2025-09-30,000300,601838,成都银行,a,cn
2025-09-30,000300,601857,中国石油,a,cn
2025-09-30,000300,601865,福莱特,a,cn
2025-09-30,000300,601868,中国能建,a,cn
2025-09-30,000300,601872,招商轮船,a,cn
2025-09-30,000300,601877,正泰电器,a,cn
2025-09-30,000300,601878,浙商证券,a,cn
2025-09-30,000300,601881,中国银河,a,cn
2025-09-30,000300,601888,中国中免,a,cn
2025-09-30,000300,601898,中煤能源,a,cn
2025-09-30,000300,601899,紫金矿业,a,cn
2025-09-30,000300,601901,方正证券,a,cn
2025-09-30,000300,601916,浙商银行,a,cn
2025-09-30,000300,601919,中远海控,a,cn
2025-09-30,000300,601939,建设银行,a,cn
2025-09-30,000300,601985,中国核电,a,cn
2025-09-30,000300,601988,中国银行,a,cn
2025-09-30,000300,601995,中金公司,a,cn
2025-09-30,000300,601998,中信银行,a,cn
2025-09-30,000300,603019,中科曙光,a,cn
2025-09-30,000300,603195,公牛集团,a,cn
2025-09-30,000300,603259,药明康德,a,cn
2025-09-30,000300,603260,合盛硅业,a,cn
2025-09-30,000300,603288,海天味业,a,cn
2025-09-30,000300,603296,华勤技术,a,cn
2025-09-30,000300,603369,今世缘,a,cn
2025-09-30,000300,603392,万泰生物,a,cn
2025-09-30,000300,603501,豪威集团,a,cn
2025-09-30,000300,603799,华友钴业,a,cn
2025-09-30,000300,603806,福斯特,a,cn
2025-09-30,000300,603833,欧派家居,a,cn
2025-09-30,000300,603986,兆易创新,a,cn
2025-09-30,000300,603993,洛阳钼业,a,cn
2025-09-30,000300,605117,德业股份,a,cn
2025-09-30,000300,605499,东鹏饮料,a,cn
2025-09-30,000300,688008,澜起科技,a,cn
2025-09-30,000300,688009,中国通号,a,cn
2025-09-30,000300,688012,中微公司,a,cn
2025-09-30,000300,688036,传音控股,a,cn
2025-09-30,000300,688041,海光信息,a,cn
2025-09-30,000300,688047,龙芯中科,a,cn
2025-09-30,000300,688082,盛美上海,a,cn
2025-09-30,000300,688111,金山办公,a,cn
2025-09-30,000300,688126,沪硅产业,a,cn
2025-09-30,000300,688169,石头科技,a,cn
2025-09-30,000300,688187,时代电气,a,cn
2025-09-30,000300,688223,晶科能源,a,cn
2025-09-30,000300,688256,寒武纪,a,cn
2025-09-30,000300,688271,联影医疗,a,cn
2025-09-30,000300,688303,大全能源,a,cn
2025-09-30,000300,688396,华润微,a,cn
2025-09-30,000300,688472,阿特斯,a,cn
2025-09-30,000300,688506,百利天恒,a,cn
2025-09-30,000300,688599,天合光能,a,cn
2025-09-30,000300,688981,中芯国际,a,cn
2025-10-31,000300,000001,平安银行,a,cn
2025-10-31,000300,000002,万科A,a,cn
2025-10-31,000300,000063,中兴通讯,a,cn
2025-10-31,000300,000100,TCL科技,a,cn
2025-10-31,000300,000157,中联重科,a,cn
2025-10-31,000300,000166,申万宏源,a,cn
2025-10-31,000300,000301,东方盛虹,a,cn
2025-10-31,000300,000333,美的集团,a,cn
2025-10-31,000300,000338,潍柴动力,a,cn
2025-10-31,000300,000408,藏格矿业,a,cn
2025-10-31,000300,000425,徐工机械,a,cn
2025-10-31,000300,000538,云南白药,a,cn
2025-10-31,000300,000568,泸州老窖,a,cn
2025-10-31,000300,000596,古井贡酒,a,cn
2025-10-31,000300,000617,中油资本,a,cn
2025-10-31,000300,000625,长安汽车,a,cn
2025-10-31,000300,000630,铜陵有色,a,cn
2025-10-31,000300,000651,格力电器,a,cn
2025-10-31,000300,000661,长春高新,a,cn
2025-10-31,000300,000708,中信特钢,a,cn
2025-10-31,000300,000725,京东方A,a,cn
2025-10-31,000300,000768,中航西飞,a,cn
2025-10-31,000300,000776,广发证券,a,cn
2025-10-31,000300,000786,北新建材,a,cn
2025-10-31,000300,000792,盐湖股份,a,cn
2025-10-31,000300,000800,一汽解放,a,cn
2025-10-31,000300,000807,云铝股份,a,cn
2025-10-31,000300,000858,五粮液,a,cn
2025-10-31,000300,000876,新希望,a,cn
2025-10-31,000300,000895,双汇发展,a,cn
2025-10-31,000300,000938,紫光股份,a,cn
2025-10-31,000300,000963,华东医药,a,cn
2025-10-31,000300,000975,山金国际,a,cn
2025-10-31,000300,000977,浪潮信息,a,cn
2025-10-31,000300,000983,山西焦煤,a,cn
2025-10-31,000300,000999,华润三九,a,cn
2025-10-31,000300,001289,龙源电力,a,cn
2025-10-31,000300,001391,国货航,a,cn
2025-10-31,000300,001965,招商公路,a,cn
2025-10-31,000300,001979,招商蛇口,a,cn
2025-10-31,000300,002001,新和成,a,cn
2025-10-31,000300,002027,分众传媒,a,cn
2025-10-31,000300,002028,思源电气,a,cn
2025-10-31,000300,002049,紫光国微,a,cn
2025-10-31,000300,002050,三花智控,a,cn
2025-10-31,000300,002074,国轩高科,a,cn
2025-10-31,000300,002129,TCL中环,a,cn
2025-10-31,000300,002142,宁波银行,a,cn
2025-10-31,000300,002179,中航光电,a,cn
2025-10-31,000300,002180,奔图科技,a,cn
2025-10-31,000300,002230,科大讯飞,a,cn
2025-10-31,000300,002236,大华股份,a,cn
2025-10-31,000300,002241,歌尔股份,a,cn
2025-10-31,000300,002252,上海莱士,a,cn
2025-10-31,000300,002304,洋河股份,a,cn
2025-10-31,000300,002311,海大集团,a,cn
2025-10-31,000300,002352,顺丰控股,a,cn
2025-10-31,000300,002371,北方华创,a,cn
2025-10-31,000300,002415,海康威视,a,cn
2025-10-31,000300,002422,科伦药业,a,cn
2025-10-31,000300,002459,晶澳科技,a,cn
2025-10-31,000300,002460,赣锋锂业,a,cn
2025-10-31,000300,002463,沪电股份,a,cn
2025-10-31,000300,002466,天齐锂业,a,cn
2025-10-31,000300,002475,立讯精密,a,cn
2025-10-31,000300,002493,荣盛石化,a,cn
2025-10-31,000300,002594,比亚迪,a,cn
2025-10-31,000300,002600,领益智造,a,cn
2025-10-31,000300,002601,龙佰集团,a,cn
2025-10-31,000300,002648,卫星化学,a,cn
2025-10-31,000300,002709,天赐材料,a,cn
2025-10-31,000300,002714,牧原股份,a,cn
2025-10-31,000300,002736,国信证券,a,cn
2025-10-31,000300,002916,深南电路,a,cn
2025-10-31,000300,002920,德赛西威,a,cn
2025-10-31,000300,002938,鹏鼎控股,a,cn
2025-10-31,000300,003816,中国广核,a,cn
2025-10-31,000300,300014,亿纬锂能,a,cn
2025-10-31,000300,300015,爱尔眼科,a,cn
2025-10-31,000300,300033,同花顺,a,cn
2025-10-31,000300,300059,东方财富,a,cn
2025-10-31,000300,300122,智飞生物,a,cn
2025-10-31,000300,300124,汇川技术,a,cn
2025-10-31,000300,300274,阳光电源,a,cn
2025-10-31,000300,300308,中际旭创,a,cn
2025-10-31,000300,300316,晶盛机电,a,cn
2025-10-31,000300,300347,泰格医药,a,cn
2025-10-31,000300,300394,天孚通信,a,cn
2025-10-31,000300,300408,三环集团,a,cn
2025-10-31,000300,300413,芒果超媒,a,cn
2025-10-31,000300,300418,昆仑万维,a,cn
2025-10-31,000300,300433,蓝思科技,a,cn
2025-10-31,000300,300442,润泽科技,a,cn
2025-10-31,000300,300498,温氏股份,a,cn
2025-10-31,000300,300502,新易盛,a,cn
2025-10-31,000300,300628,亿联网络,a,cn
2025-10-31,000300,300661,圣邦股份,a,cn
2025-10-31,000300,300750,宁德时代,a,cn
2025-10-31,000300,300759,康龙化成,a,cn
2025-10-31,000300,300760,迈瑞医疗,a,cn
2025-10-31,000300,300782,卓胜微,a,cn
2025-10-31,000300,300832,新产业,a,cn
2025-10-31,000300,300896,爱美客,a,cn
2025-10-31,000300,300979,华利集团,a,cn
2025-10-31,000300,300999,金龙鱼,a,cn
2025-10-31,000300,301236,软通动力,a,cn
2025-10-31,000300,301269,华大九天,a,cn
2025-10-31,000300,302132,中航成飞,a,cn
2025-10-31,000300,600000,浦发银行,a,cn
2025-10-31,000300,600009,上海机场,a,cn
2025-10-31,000300,600010,包钢股份,a,cn
2025-10-31,000300,600011,华能国际,a,cn
2025-10-31,000300,600015,华夏银行,a,cn
2025-10-31,000300,600016,民生银行,a,cn
2025-10-31,000300,600018,上港集团,a,cn
2025-10-31,000300,600019,宝钢股份,a,cn
2025-10-31,000300,600023,浙能电力,a,cn
2025-10-31,000300,600025,华能水电,a,cn
2025-10-31,000300,600026,中远海能,a,cn
2025-10-31,000300,600027,华电国际,a,cn
2025-10-31,000300,600028,中国石化,a,cn
2025-10-31,000300,600029,南方航空,a,cn
2025-10-31,000300,600030,中信证券,a,cn
2025-10-31,000300,600031,三一重工,a,cn
2025-10-31,000300,600036,招商银行,a,cn
2025-10-31,000300,600039,四川路桥,a,cn
2025-10-31,000300,600048,保利发展,a,cn
2025-10-31,000300,600050,中国联通,a,cn
2025-10-31,000300,600061,国投资本,a,cn
2025-10-31,000300,600066,宇通客车,a,cn
2025-10-31,000300,600085,同仁堂,a,cn
2025-10-31,000300,600089,特变电工,a,cn
2025-10-31,000300,600104,上汽集团,a,cn
2025-10-31,000300,600111,北方稀土,a,cn
2025-10-31,000300,600115,中国东航,a,cn
2025-10-31,000300,600150,中国船舶,a,cn
2025-10-31,000300,600160,巨化股份,a,cn
2025-10-31,000300,600161,天坛生物,a,cn
2025-10-31,000300,600176,中国巨石,a,cn
2025-10-31,000300,600183,生益科技,a,cn
2025-10-31,000300,600188,兖矿能源,a,cn
2025-10-31,000300,600196,复星医药,a,cn
2025-10-31,000300,600219,南山铝业,a,cn
2025-10-31,000300,600233,圆通速递,a,cn
2025-10-31,000300,600276,恒瑞医药,a,cn
2025-10-31,000300,600309,万华化学,a,cn
2025-10-31,000300,600332,白云山,a,cn
2025-10-31,000300,600346,恒力石化,a,cn
2025-10-31,000300,600362,江西铜业,a,cn
2025-10-31,000300,600372,中航机载,a,cn
2025-10-31,000300,600377,宁沪高速,a,cn
2025-10-31,000300,600406,国电南瑞,a,cn
2025-10-31,000300,600415,小商品城,a,cn
2025-10-31,000300,600426,华鲁恒升,a,cn
2025-10-31,000300,600436,片仔癀,a,cn
2025-10-31,000300,600438,通威股份,a,cn
2025-10-31,000300,600460,士兰微,a,cn
2025-10-31,000300,600482,中国动力,a,cn
2025-10-31,000300,600489,中金黄金,a,cn
2025-10-31,000300,600515,海南机场,a,cn
2025-10-31,000300,600519,贵州茅台,a,cn
2025-10-31,000300,600547,山东黄金,a,cn
2025-10-31,000300,600570,恒生电子,a,cn
2025-10-31,000300,600584,长电科技,a,cn
2025-10-31,000300,600585,海螺水泥,a,cn
2025-10-31,000300,600588,用友网络,a,cn
2025-10-31,000300,600600,青岛啤酒,a,cn
2025-10-31,000300,600660,福耀玻璃,a,cn
2025-10-31,000300,600674,川投能源,a,cn
2025-10-31,000300,600690,海尔智家,a,cn
2025-10-31,000300,600741,华域汽车,a,cn
2025-10-31,000300,600760,中航沈飞,a,cn
2025-10-31,000300,600795,国电电力,a,cn
2025-10-31,000300,600803,新奥股份,a,cn
2025-10-31,000300,600809,山西汾酒,a,cn
2025-10-31,000300,600845,宝信软件,a,cn
2025-10-31,000300,600875,东方电气,a,cn
2025-10-31,000300,600886,国投电力,a,cn
2025-10-31,000300,600887,伊利股份,a,cn
2025-10-31,000300,600893,航发动力,a,cn
2025-10-31,000300,600900,长江电力,a,cn
2025-10-31,000300,600905,三峡能源,a,cn
2025-10-31,000300,600918,中泰证券,a,cn
2025-10-31,000300,600919,江苏银行,a,cn
2025-10-31,000300,600926,杭州银行,a,cn
2025-10-31,000300,600938,中国海油,a,cn
2025-10-31,000300,600941,中国移动,a,cn
2025-10-31,000300,600958,东方证券,a,cn
2025-10-31,000300,600989,宝丰能源,a,cn
2025-10-31,000300,600999,招商证券,a,cn
2025-10-31,000300,601006,大秦铁路,a,cn
2025-10-31,000300,601009,南京银行,a,cn
2025-10-31,000300,601012,隆基绿能,a,cn
2025-10-31,000300,601021,春秋航空,a,cn
2025-10-31,000300,601058,赛轮轮胎,a,cn
2025-10-31,000300,601059,信达证券,a,cn
2025-10-31,000300,601066,中信建投,a,cn
2025-10-31,000300,601077,渝农商行,a,cn
2025-10-31,000300,601088,中国神华,a,cn
2025-10-31,000300,601100,恒立液压,a,cn
2025-10-31,000300,601111,中国国航,a,cn
2025-10-31,000300,601117,中国化学,a,cn
2025-10-31,000300,601127,赛力斯,a,cn
2025-10-31,000300,601136,首创证券,a,cn
2025-10-31,000300,601138,工业富联,a,cn
2025-10-31,000300,601166,兴业银行,a,cn
2025-10-31,000300,601169,北京银行,a,cn
2025-10-31,000300,601186,中国铁建,a,cn
2025-10-31,000300,601211,国泰海通,a,cn
2025-10-31,000300,601225,陕西煤业,a,cn
2025-10-31,000300,601229,上海银行,a,cn
2025-10-31,000300,601236,红塔证券,a,cn
2025-10-31,000300,601238,广汽集团,a,cn
2025-10-31,000300,601288,农业银行,a,cn
2025-10-31,000300,601298,青岛港,a,cn
2025-10-31,000300,601318,中国平安,a,cn
2025-10-31,000300,601319,中国人保,a,cn
2025-10-31,000300,601328,交通银行,a,cn
2025-10-31,000300,601336,新华保险,a,cn
2025-10-31,000300,601360,三六零,a,cn
2025-10-31,000300,601377,兴业证券,a,cn
2025-10-31,000300,601390,中国中铁,a,cn
2025-10-31,000300,601398,工商银行,a,cn
2025-10-31,000300,601600,中国铝业,a,cn
2025-10-31,000300,601601,中国太保,a,cn
2025-10-31,000300,601607,上海医药,a,cn
2025-10-31,000300,601618,中国中冶,a,cn
2025-10-31,000300,601628,中国人寿,a,cn
2025-10-31,000300,601633,长城汽车,a,cn
2025-10-31,000300,601658,邮储银行,a,cn
2025-10-31,000300,601668,中国建筑,a,cn
2025-10-31,000300,601669,中国电建,a,cn
2025-10-31,000300,601688,华泰证券,a,cn
2025-10-31,000300,601689,拓普集团,a,cn
2025-10-31,000300,601698,中国卫通,a,cn
2025-10-31,000300,601699,潞安环能,a,cn
2025-10-31,000300,601728,中国电信,a,cn
2025-10-31,000300,601766,中国中车,a,cn
2025-10-31,000300,601788,光大证券,a,cn
2025-10-31,000300,601799,星宇股份,a,cn
2025-10-31,000300,601800,中国交建,a,cn
2025-10-31,000300,601808,中海油服,a,cn
2025-10-31,000300,601816,京沪高铁,a,cn
2025-10-31,000300,601818,光大银行,a,cn
2025-10-31,000300,601825,沪农商行,a,cn
2025-10-31,000300,601838,成都银行,a,cn
2025-10-31,000300,601857,中国石油,a,cn
2025-10-31,000300,601865,福莱特,a,cn
2025-10-31,000300,601868,中国能建,a,cn
2025-10-31,000300,601872,招商轮船,a,cn
2025-10-31,000300,601877,正泰电器,a,cn
2025-10-31,000300,601878,浙商证券,a,cn
2025-10-31,000300,601881,中国银河,a,cn
2025-10-31,000300,601888,中国中免,a,cn
2025-10-31,000300,601898,中煤能源,a,cn
2025-10-31,000300,601899,紫金矿业,a,cn
2025-10-31,000300,601901,方正证券,a,cn
2025-10-31,000300,601916,浙商银行,a,cn
2025-10-31,000300,601919,中远海控,a,cn
2025-10-31,000300,601939,建设银行,a,cn
2025-10-31,000300,601985,中国核电,a,cn
2025-10-31,000300,601988,中国银行,a,cn
2025-10-31,000300,601995,中金公司,a,cn
2025-10-31,000300,601998,中信银行,a,cn
2025-10-31,000300,603019,中科曙光,a,cn
2025-10-31,000300,603195,公牛集团,a,cn
2025-10-31,000300,603259,药明康德,a,cn
2025-10-31,000300,603260,合盛硅业,a,cn
2025-10-31,000300,603288,海天味业,a,cn
2025-10-31,000300,603296,华勤技术,a,cn
2025-10-31,000300,603369,今世缘,a,cn
2025-10-31,000300,603392,万泰生物,a,cn
2025-10-31,000300,603501,豪威集团,a,cn
2025-10-31,000300,603799,华友钴业,a,cn
2025-10-31,000300,603806,福斯特,a,cn
2025-10-31,000300,603833,欧派家居,a,cn
2025-10-31,000300,603986,兆易创新,a,cn
2025-10-31,000300,603993,洛阳钼业,a,cn
2025-10-31,000300,605117,德业股份,a,cn
2025-10-31,000300,605499,东鹏饮料,a,cn
2025-10-31,000300,688008,澜起科技,a,cn
2025-10-31,000300,688009,中国通号,a,cn
2025-10-31,000300,688012,中微公司,a,cn
2025-10-31,000300,688036,传音控股,a,cn
2025-10-31,000300,688041,海光信息,a,cn
2025-10-31,000300,688047,龙芯中科,a,cn
2025-10-31,000300,688082,盛美上海,a,cn
2025-10-31,000300,688111,金山办公,a,cn
2025-10-31,000300,688126,沪硅产业,a,cn
2025-10-31,000300,688169,石头科技,a,cn
2025-10-31,000300,688187,时代电气,a,cn
2025-10-31,000300,688223,晶科能源,a,cn
2025-10-31,000300,688256,寒武纪,a,cn
2025-10-31,000300,688271,联影医疗,a,cn
2025-10-31,000300,688303,大全能源,a,cn
2025-10-31,000300,688396,华润微,a,cn
2025-10-31,000300,688472,阿特斯,a,cn
2025-10-31,000300,688506,百利天恒,a,cn
2025-10-31,000300,688599,天合光能,a,cn
2025-10-31,000300,688981,中芯国际,a,cn
2025-11-28,000300,000001,平安银行,a,cn
2025-11-28,000300,000002,万科A,a,cn
2025-11-28,000300,000063,中兴通讯,a,cn
2025-11-28,000300,000100,TCL科技,a,cn
2025-11-28,000300,000157,中联重科,a,cn
2025-11-28,000300,000166,申万宏源,a,cn
2025-11-28,000300,000301,东方盛虹,a,cn
2025-11-28,000300,000333,美的集团,a,cn
2025-11-28,000300,000338,潍柴动力,a,cn
2025-11-28,000300,000408,藏格矿业,a,cn
2025-11-28,000300,000425,徐工机械,a,cn
2025-11-28,000300,000538,云南白药,a,cn
2025-11-28,000300,000568,泸州老窖,a,cn
2025-11-28,000300,000596,古井贡酒,a,cn
2025-11-28,000300,000617,中油资本,a,cn
2025-11-28,000300,000625,长安汽车,a,cn
2025-11-28,000300,000630,铜陵有色,a,cn
2025-11-28,000300,000651,格力电器,a,cn
2025-11-28,000300,000661,长春高新,a,cn
2025-11-28,000300,000708,中信特钢,a,cn
2025-11-28,000300,000725,京东方A,a,cn
2025-11-28,000300,000768,中航西飞,a,cn
2025-11-28,000300,000776,广发证券,a,cn
2025-11-28,000300,000786,北新建材,a,cn
2025-11-28,000300,000792,盐湖股份,a,cn
2025-11-28,000300,000800,一汽解放,a,cn
2025-11-28,000300,000807,云铝股份,a,cn
2025-11-28,000300,000858,五粮液,a,cn
2025-11-28,000300,000876,新希望,a,cn
2025-11-28,000300,000895,双汇发展,a,cn
2025-11-28,000300,000938,紫光股份,a,cn
2025-11-28,000300,000963,华东医药,a,cn
2025-11-28,000300,000975,山金国际,a,cn
2025-11-28,000300,000977,浪潮信息,a,cn
2025-11-28,000300,000983,山西焦煤,a,cn
2025-11-28,000300,000999,华润三九,a,cn
2025-11-28,000300,001289,龙源电力,a,cn
2025-11-28,000300,001391,国货航,a,cn
2025-11-28,000300,001965,招商公路,a,cn
2025-11-28,000300,001979,招商蛇口,a,cn
2025-11-28,000300,002001,新和成,a,cn
2025-11-28,000300,002027,分众传媒,a,cn
2025-11-28,000300,002028,思源电气,a,cn
2025-11-28,000300,002049,紫光国微,a,cn
2025-11-28,000300,002050,三花智控,a,cn
2025-11-28,000300,002074,国轩高科,a,cn
2025-11-28,000300,002129,TCL中环,a,cn
2025-11-28,000300,002142,宁波银行,a,cn
2025-11-28,000300,002179,中航光电,a,cn
2025-11-28,000300,002180,奔图科技,a,cn
2025-11-28,000300,002230,科大讯飞,a,cn
2025-11-28,000300,002236,大华股份,a,cn
2025-11-28,000300,002241,歌尔股份,a,cn
2025-11-28,000300,002252,上海莱士,a,cn
2025-11-28,000300,002304,洋河股份,a,cn
2025-11-28,000300,002311,海大集团,a,cn
2025-11-28,000300,002352,顺丰控股,a,cn
2025-11-28,000300,002371,北方华创,a,cn
2025-11-28,000300,002415,海康威视,a,cn
2025-11-28,000300,002422,科伦药业,a,cn
2025-11-28,000300,002459,晶澳科技,a,cn
2025-11-28,000300,002460,赣锋锂业,a,cn
2025-11-28,000300,002463,沪电股份,a,cn
2025-11-28,000300,002466,天齐锂业,a,cn
2025-11-28,000300,002475,立讯精密,a,cn
2025-11-28,000300,002493,荣盛石化,a,cn
2025-11-28,000300,002594,比亚迪,a,cn
2025-11-28,000300,002600,领益智造,a,cn
2025-11-28,000300,002601,龙佰集团,a,cn
2025-11-28,000300,002648,卫星化学,a,cn
2025-11-28,000300,002709,天赐材料,a,cn
2025-11-28,000300,002714,牧原股份,a,cn
2025-11-28,000300,002736,国信证券,a,cn
2025-11-28,000300,002916,深南电路,a,cn
2025-11-28,000300,002920,德赛西威,a,cn
2025-11-28,000300,002938,鹏鼎控股,a,cn
2025-11-28,000300,003816,中国广核,a,cn
2025-11-28,000300,300014,亿纬锂能,a,cn
2025-11-28,000300,300015,爱尔眼科,a,cn
2025-11-28,000300,300033,同花顺,a,cn
2025-11-28,000300,300059,东方财富,a,cn
2025-11-28,000300,300122,智飞生物,a,cn
2025-11-28,000300,300124,汇川技术,a,cn
2025-11-28,000300,300274,阳光电源,a,cn
2025-11-28,000300,300308,中际旭创,a,cn
2025-11-28,000300,300316,晶盛机电,a,cn
2025-11-28,000300,300347,泰格医药,a,cn
2025-11-28,000300,300394,天孚通信,a,cn
2025-11-28,000300,300408,三环集团,a,cn
2025-11-28,000300,300413,芒果超媒,a,cn
2025-11-28,000300,300418,昆仑万维,a,cn
2025-11-28,000300,300433,蓝思科技,a,cn
2025-11-28,000300,300442,润泽科技,a,cn
2025-11-28,000300,300498,温氏股份,a,cn
2025-11-28,000300,300502,新易盛,a,cn
2025-11-28,000300,300628,亿联网络,a,cn
2025-11-28,000300,300661,圣邦股份,a,cn
2025-11-28,000300,300750,宁德时代,a,cn
2025-11-28,000300,300759,康龙化成,a,cn
2025-11-28,000300,300760,迈瑞医疗,a,cn
2025-11-28,000300,300782,卓胜微,a,cn
2025-11-28,000300,300832,新产业,a,cn
2025-11-28,000300,300896,爱美客,a,cn
2025-11-28,000300,300979,华利集团,a,cn
2025-11-28,000300,300999,金龙鱼,a,cn
2025-11-28,000300,301236,软通动力,a,cn
2025-11-28,000300,301269,华大九天,a,cn
2025-11-28,000300,302132,中航成飞,a,cn
2025-11-28,000300,600000,浦发银行,a,cn
2025-11-28,000300,600009,上海机场,a,cn
2025-11-28,000300,600010,包钢股份,a,cn
2025-11-28,000300,600011,华能国际,a,cn
2025-11-28,000300,600015,华夏银行,a,cn
2025-11-28,000300,600016,民生银行,a,cn
2025-11-28,000300,600018,上港集团,a,cn
2025-11-28,000300,600019,宝钢股份,a,cn
2025-11-28,000300,600023,浙能电力,a,cn
2025-11-28,000300,600025,华能水电,a,cn
2025-11-28,000300,600026,中远海能,a,cn
2025-11-28,000300,600027,华电国际,a,cn
2025-11-28,000300,600028,中国石化,a,cn
2025-11-28,000300,600029,南方航空,a,cn
2025-11-28,000300,600030,中信证券,a,cn
2025-11-28,000300,600031,三一重工,a,cn
2025-11-28,000300,600036,招商银行,a,cn
2025-11-28,000300,600039,四川路桥,a,cn
2025-11-28,000300,600048,保利发展,a,cn
2025-11-28,000300,600050,中国联通,a,cn
2025-11-28,000300,600061,国投资本,a,cn
2025-11-28,000300,600066,宇通客车,a,cn
2025-11-28,000300,600085,同仁堂,a,cn
2025-11-28,000300,600089,特变电工,a,cn
2025-11-28,000300,600104,上汽集团,a,cn
2025-11-28,000300,600111,北方稀土,a,cn
2025-11-28,000300,600115,中国东航,a,cn
2025-11-28,000300,600150,中国船舶,a,cn
2025-11-28,000300,600160,巨化股份,a,cn
2025-11-28,000300,600161,天坛生物,a,cn
2025-11-28,000300,600176,中国巨石,a,cn
2025-11-28,000300,600183,生益科技,a,cn
2025-11-28,000300,600188,兖矿能源,a,cn
2025-11-28,000300,600196,复星医药,a,cn
2025-11-28,000300,600219,南山铝业,a,cn
2025-11-28,000300,600233,圆通速递,a,cn
2025-11-28,000300,600276,恒瑞医药,a,cn
2025-11-28,000300,600309,万华化学,a,cn
2025-11-28,000300,600332,白云山,a,cn
2025-11-28,000300,600346,恒力石化,a,cn
2025-11-28,000300,600362,江西铜业,a,cn
2025-11-28,000300,600372,中航机载,a,cn
2025-11-28,000300,600377,宁沪高速,a,cn
2025-11-28,000300,600406,国电南瑞,a,cn
2025-11-28,000300,600415,小商品城,a,cn
2025-11-28,000300,600426,华鲁恒升,a,cn
2025-11-28,000300,600436,片仔癀,a,cn
2025-11-28,000300,600438,通威股份,a,cn
2025-11-28,000300,600460,士兰微,a,cn
2025-11-28,000300,600482,中国动力,a,cn
2025-11-28,000300,600489,中金黄金,a,cn
2025-11-28,000300,600515,海南机场,a,cn
2025-11-28,000300,600519,贵州茅台,a,cn
2025-11-28,000300,600547,山东黄金,a,cn
2025-11-28,000300,600570,恒生电子,a,cn
2025-11-28,000300,600584,长电科技,a,cn
2025-11-28,000300,600585,海螺水泥,a,cn
2025-11-28,000300,600588,用友网络,a,cn
2025-11-28,000300,600600,青岛啤酒,a,cn
2025-11-28,000300,600660,福耀玻璃,a,cn
2025-11-28,000300,600674,川投能源,a,cn
2025-11-28,000300,600690,海尔智家,a,cn
2025-11-28,000300,600741,华域汽车,a,cn
2025-11-28,000300,600760,中航沈飞,a,cn
2025-11-28,000300,600795,国电电力,a,cn
2025-11-28,000300,600803,新奥股份,a,cn
2025-11-28,000300,600809,山西汾酒,a,cn
2025-11-28,000300,600845,宝信软件,a,cn
2025-11-28,000300,600875,东方电气,a,cn
2025-11-28,000300,600886,国投电力,a,cn
2025-11-28,000300,600887,伊利股份,a,cn
2025-11-28,000300,600893,航发动力,a,cn
2025-11-28,000300,600900,长江电力,a,cn
2025-11-28,000300,600905,三峡能源,a,cn
2025-11-28,000300,600918,中泰证券,a,cn
2025-11-28,000300,600919,江苏银行,a,cn
2025-11-28,000300,600926,杭州银行,a,cn
2025-11-28,000300,600938,中国海油,a,cn
2025-11-28,000300,600941,中国移动,a,cn
2025-11-28,000300,600958,东方证券,a,cn
2025-11-28,000300,600989,宝丰能源,a,cn
2025-11-28,000300,600999,招商证券,a,cn
2025-11-28,000300,601006,大秦铁路,a,cn
2025-11-28,000300,601009,南京银行,a,cn
2025-11-28,000300,601012,隆基绿能,a,cn
2025-11-28,000300,601021,春秋航空,a,cn
2025-11-28,000300,601058,赛轮轮胎,a,cn
2025-11-28,000300,601059,信达证券,a,cn
2025-11-28,000300,601066,中信建投,a,cn
2025-11-28,000300,601077,渝农商行,a,cn
2025-11-28,000300,601088,中国神华,a,cn
2025-11-28,000300,601100,恒立液压,a,cn
2025-11-28,000300,601111,中国国航,a,cn
2025-11-28,000300,601117,中国化学,a,cn
2025-11-28,000300,601127,赛力斯,a,cn
2025-11-28,000300,601136,首创证券,a,cn
2025-11-28,000300,601138,工业富联,a,cn
2025-11-28,000300,601166,兴业银行,a,cn
2025-11-28,000300,601169,北京银行,a,cn
2025-11-28,000300,601186,中国铁建,a,cn
2025-11-28,000300,601211,国泰海通,a,cn
2025-11-28,000300,601225,陕西煤业,a,cn
2025-11-28,000300,601229,上海银行,a,cn
2025-11-28,000300,601236,红塔证券,a,cn
2025-11-28,000300,601238,广汽集团,a,cn
2025-11-28,000300,601288,农业银行,a,cn
2025-11-28,000300,601298,青岛港,a,cn
2025-11-28,000300,601318,中国平安,a,cn
2025-11-28,000300,601319,中国人保,a,cn
2025-11-28,000300,601328,交通银行,a,cn
2025-11-28,000300,601336,新华保险,a,cn
2025-11-28,000300,601360,三六零,a,cn
2025-11-28,000300,601377,兴业证券,a,cn
2025-11-28,000300,601390,中国中铁,a,cn
2025-11-28,000300,601398,工商银行,a,cn
2025-11-28,000300,601600,中国铝业,a,cn
2025-11-28,000300,601601,中国太保,a,cn
2025-11-28,000300,601607,上海医药,a,cn
2025-11-28,000300,601618,中国中冶,a,cn
2025-11-28,000300,601628,中国人寿,a,cn
2025-11-28,000300,601633,长城汽车,a,cn
2025-11-28,000300,601658,邮储银行,a,cn
2025-11-28,000300,601668,中国建筑,a,cn
2025-11-28,000300,601669,中国电建,a,cn
2025-11-28,000300,601688,华泰证券,a,cn
2025-11-28,000300,601689,拓普集团,a,cn
2025-11-28,000300,601698,中国卫通,a,cn
2025-11-28,000300,601699,潞安环能,a,cn
2025-11-28,000300,601728,中国电信,a,cn
2025-11-28,000300,601766,中国中车,a,cn
2025-11-28,000300,601788,光大证券,a,cn
2025-11-28,000300,601799,星宇股份,a,cn
2025-11-28,000300,601800,中国交建,a,cn
2025-11-28,000300,601808,中海油服,a,cn
2025-11-28,000300,601816,京沪高铁,a,cn
2025-11-28,000300,601818,光大银行,a,cn
2025-11-28,000300,601825,沪农商行,a,cn
2025-11-28,000300,601838,成都银行,a,cn
2025-11-28,000300,601857,中国石油,a,cn
2025-11-28,000300,601865,福莱特,a,cn
2025-11-28,000300,601868,中国能建,a,cn
2025-11-28,000300,601872,招商轮船,a,cn
2025-11-28,000300,601877,正泰电器,a,cn
2025-11-28,000300,601878,浙商证券,a,cn
2025-11-28,000300,601881,中国银河,a,cn
2025-11-28,000300,601888,中国中免,a,cn
2025-11-28,000300,601898,中煤能源,a,cn
2025-11-28,000300,601899,紫金矿业,a,cn
2025-11-28,000300,601901,方正证券,a,cn
2025-11-28,000300,601916,浙商银行,a,cn
2025-11-28,000300,601919,中远海控,a,cn
2025-11-28,000300,601939,建设银行,a,cn
2025-11-28,000300,601985,中国核电,a,cn
2025-11-28,000300,601988,中国银行,a,cn
2025-11-28,000300,601995,中金公司,a,cn
2025-11-28,000300,601998,中信银行,a,cn
2025-11-28,000300,603019,中科曙光,a,cn
2025-11-28,000300,603195,公牛集团,a,cn
2025-11-28,000300,603259,药明康德,a,cn
2025-11-28,000300,603260,合盛硅业,a,cn
2025-11-28,000300,603288,海天味业,a,cn
2025-11-28,000300,603296,华勤技术,a,cn
2025-11-28,000300,603369,今世缘,a,cn
2025-11-28,000300,603392,万泰生物,a,cn
2025-11-28,000300,603501,豪威集团,a,cn
2025-11-28,000300,603799,华友钴业,a,cn
2025-11-28,000300,603806,福斯特,a,cn
2025-11-28,000300,603833,欧派家居,a,cn
2025-11-28,000300,603986,兆易创新,a,cn
2025-11-28,000300,603993,洛阳钼业,a,cn
2025-11-28,000300,605117,德业股份,a,cn
2025-11-28,000300,605499,东鹏饮料,a,cn
2025-11-28,000300,688008,澜起科技,a,cn
2025-11-28,000300,688009,中国通号,a,cn
2025-11-28,000300,688012,中微公司,a,cn
2025-11-28,000300,688036,传音控股,a,cn
2025-11-28,000300,688041,海光信息,a,cn
2025-11-28,000300,688047,龙芯中科,a,cn
2025-11-28,000300,688082,盛美上海,a,cn
2025-11-28,000300,688111,金山办公,a,cn
2025-11-28,000300,688126,沪硅产业,a,cn
2025-11-28,000300,688169,石头科技,a,cn
2025-11-28,000300,688187,时代电气,a,cn
2025-11-28,000300,688223,晶科能源,a,cn
2025-11-28,000300,688256,寒武纪,a,cn
2025-11-28,000300,688271,联影医疗,a,cn
2025-11-28,000300,688303,大全能源,a,cn
2025-11-28,000300,688396,华润微,a,cn
2025-11-28,000300,688472,阿特斯,a,cn
2025-11-28,000300,688506,百利天恒,a,cn
2025-11-28,000300,688599,天合光能,a,cn
2025-11-28,000300,688981,中芯国际,a,cn
2025-12-31,000300,000001,平安银行,a,cn
2025-12-31,000300,000002,万科A,a,cn
2025-12-31,000300,000063,中兴通讯,a,cn
2025-12-31,000300,000100,TCL科技,a,cn
2025-12-31,000300,000157,中联重科,a,cn
2025-12-31,000300,000166,申万宏源,a,cn
2025-12-31,000300,000301,东方盛虹,a,cn
2025-12-31,000300,000333,美的集团,a,cn
2025-12-31,000300,000338,潍柴动力,a,cn
2025-12-31,000300,000408,藏格矿业,a,cn
2025-12-31,000300,000425,徐工机械,a,cn
2025-12-31,000300,000538,云南白药,a,cn
2025-12-31,000300,000568,泸州老窖,a,cn
2025-12-31,000300,000596,古井贡酒,a,cn
2025-12-31,000300,000617,中油资本,a,cn
2025-12-31,000300,000625,长安汽车,a,cn
2025-12-31,000300,000630,铜陵有色,a,cn
2025-12-31,000300,000651,格力电器,a,cn
2025-12-31,000300,000661,长春高新,a,cn
2025-12-31,000300,000708,中信特钢,a,cn
2025-12-31,000300,000725,京东方A,a,cn
2025-12-31,000300,000768,中航西飞,a,cn
2025-12-31,000300,000776,广发证券,a,cn
2025-12-31,000300,000786,北新建材,a,cn
2025-12-31,000300,000792,盐湖股份,a,cn
2025-12-31,000300,000807,云铝股份,a,cn
2025-12-31,000300,000858,五粮液,a,cn
2025-12-31,000300,000876,新希望,a,cn
2025-12-31,000300,000895,双汇发展,a,cn
2025-12-31,000300,000938,紫光股份,a,cn
2025-12-31,000300,000963,华东医药,a,cn
2025-12-31,000300,000975,山金国际,a,cn
2025-12-31,000300,000977,浪潮信息,a,cn
2025-12-31,000300,000983,山西焦煤,a,cn
2025-12-31,000300,000999,华润三九,a,cn
2025-12-31,000300,001391,国货航,a,cn
2025-12-31,000300,001965,招商公路,a,cn
2025-12-31,000300,001979,招商蛇口,a,cn
2025-12-31,000300,002001,新和成,a,cn
2025-12-31,000300,002027,分众传媒,a,cn
2025-12-31,000300,002028,思源电气,a,cn
2025-12-31,000300,002049,紫光国微,a,cn
2025-12-31,000300,002050,三花智控,a,cn
2025-12-31,000300,002074,国轩高科,a,cn
2025-12-31,000300,002142,宁波银行,a,cn
2025-12-31,000300,002179,中航光电,a,cn
2025-12-31,000300,002230,科大讯飞,a,cn
2025-12-31,000300,002236,大华股份,a,cn
2025-12-31,000300,002241,歌尔股份,a,cn
2025-12-31,000300,002252,上海莱士,a,cn
2025-12-31,000300,002304,洋河股份,a,cn
2025-12-31,000300,002311,海大集团,a,cn
2025-12-31,000300,002352,顺丰控股,a,cn
2025-12-31,000300,002371,北方华创,a,cn
2025-12-31,000300,002384,东山精密,a,cn
2025-12-31,000300,002415,海康威视,a,cn
2025-12-31,000300,002422,科伦药业,a,cn
2025-12-31,000300,002459,晶澳科技,a,cn
2025-12-31,000300,002460,赣锋锂业,a,cn
2025-12-31,000300,002463,沪电股份,a,cn
2025-12-31,000300,002466,天齐锂业,a,cn
2025-12-31,000300,002475,立讯精密,a,cn
2025-12-31,000300,002493,荣盛石化,a,cn
2025-12-31,000300,002594,比亚迪,a,cn
2025-12-31,000300,002600,领益智造,a,cn
2025-12-31,000300,002601,龙佰集团,a,cn
2025-12-31,000300,002625,光启技术,a,cn
2025-12-31,000300,002648,卫星化学,a,cn
2025-12-31,000300,002709,天赐材料,a,cn
2025-12-31,000300,002714,牧原股份,a,cn
2025-12-31,000300,002736,国信证券,a,cn
2025-12-31,000300,002916,深南电路,a,cn
2025-12-31,000300,002920,德赛西威,a,cn
2025-12-31,000300,002938,鹏鼎控股,a,cn
2025-12-31,000300,003816,中国广核,a,cn
2025-12-31,000300,300014,亿纬锂能,a,cn
2025-12-31,000300,300015,爱尔眼科,a,cn
2025-12-31,000300,300033,同花顺,a,cn
2025-12-31,000300,300059,东方财富,a,cn
2025-12-31,000300,300122,智飞生物,a,cn
2025-12-31,000300,300124,汇川技术,a,cn
2025-12-31,000300,300251,光线传媒,a,cn
2025-12-31,000300,300274,阳光电源,a,cn
2025-12-31,000300,300308,中际旭创,a,cn
2025-12-31,000300,300316,晶盛机电,a,cn
2025-12-31,000300,300347,泰格医药,a,cn
2025-12-31,000300,300394,天孚通信,a,cn
2025-12-31,000300,300408,三环集团,a,cn
2025-12-31,000300,300413,芒果超媒,a,cn
2025-12-31,000300,300418,昆仑万维,a,cn
2025-12-31,000300,300433,蓝思科技,a,cn
2025-12-31,000300,300442,润泽科技,a,cn
2025-12-31,000300,300476,胜宏科技,a,cn
2025-12-31,000300,300498,温氏股份,a,cn
2025-12-31,000300,300502,新易盛,a,cn
2025-12-31,000300,300628,亿联网络,a,cn
2025-12-31,000300,300661,圣邦股份,a,cn
2025-12-31,000300,300750,宁德时代,a,cn
2025-12-31,000300,300759,康龙化成,a,cn
2025-12-31,000300,300760,迈瑞医疗,a,cn
2025-12-31,000300,300782,卓胜微,a,cn
2025-12-31,000300,300803,指南针,a,cn
2025-12-31,000300,300832,新产业,a,cn
2025-12-31,000300,300866,安克创新,a,cn
2025-12-31,000300,300896,爱美客,a,cn
2025-12-31,000300,300979,华利集团,a,cn
2025-12-31,000300,300999,金龙鱼,a,cn
2025-12-31,000300,301236,软通动力,a,cn
2025-12-31,000300,301269,华大九天,a,cn
2025-12-31,000300,302132,中航成飞,a,cn
2025-12-31,000300,600000,浦发银行,a,cn
2025-12-31,000300,600009,上海机场,a,cn
2025-12-31,000300,600010,包钢股份,a,cn
2025-12-31,000300,600011,华能国际,a,cn
2025-12-31,000300,600015,华夏银行,a,cn
2025-12-31,000300,600016,民生银行,a,cn
2025-12-31,000300,600018,上港集团,a,cn
2025-12-31,000300,600019,宝钢股份,a,cn
2025-12-31,000300,600023,浙能电力,a,cn
2025-12-31,000300,600025,华能水电,a,cn
2025-12-31,000300,600026,中远海能,a,cn
2025-12-31,000300,600027,华电国际,a,cn
2025-12-31,000300,600028,中国石化,a,cn
2025-12-31,000300,600029,南方航空,a,cn
2025-12-31,000300,600030,中信证券,a,cn
2025-12-31,000300,600031,三一重工,a,cn
2025-12-31,000300,600036,招商银行,a,cn
2025-12-31,000300,600039,四川路桥,a,cn
2025-12-31,000300,600048,保利发展,a,cn
2025-12-31,000300,600050,中国联通,a,cn
2025-12-31,000300,600061,国投资本,a,cn
2025-12-31,000300,600066,宇通客车,a,cn
2025-12-31,000300,600085,同仁堂,a,cn
2025-12-31,000300,600089,特变电工,a,cn
2025-12-31,000300,600104,上汽集团,a,cn
2025-12-31,000300,600111,北方稀土,a,cn
2025-12-31,000300,600115,中国东航,a,cn
2025-12-31,000300,600150,中国船舶,a,cn
2025-12-31,000300,600160,巨化股份,a,cn
2025-12-31,000300,600161,天坛生物,a,cn
2025-12-31,000300,600176,中国巨石,a,cn
2025-12-31,000300,600183,生益科技,a,cn
2025-12-31,000300,600188,兖矿能源,a,cn
2025-12-31,000300,600196,复星医药,a,cn
2025-12-31,000300,600219,南山铝业,a,cn
2025-12-31,000300,600233,圆通速递,a,cn
2025-12-31,000300,600276,恒瑞医药,a,cn
2025-12-31,000300,600309,万华化学,a,cn
2025-12-31,000300,600346,恒力石化,a,cn
2025-12-31,000300,600362,江西铜业,a,cn
2025-12-31,000300,600372,中航机载,a,cn
2025-12-31,000300,600377,宁沪高速,a,cn
2025-12-31,000300,600406,国电南瑞,a,cn
2025-12-31,000300,600415,小商品城,a,cn
2025-12-31,000300,600426,华鲁恒升,a,cn
2025-12-31,000300,600436,片仔癀,a,cn
2025-12-31,000300,600438,通威股份,a,cn
2025-12-31,000300,600460,士兰微,a,cn
2025-12-31,000300,600482,中国动力,a,cn
2025-12-31,000300,600489,中金黄金,a,cn
2025-12-31,000300,600515,海南机场,a,cn
2025-12-31,000300,600519,贵州茅台,a,cn
2025-12-31,000300,600522,中天科技,a,cn
2025-12-31,000300,600547,山东黄金,a,cn
2025-12-31,000300,600570,恒生电子,a,cn
2025-12-31,000300,600584,长电科技,a,cn
2025-12-31,000300,600585,海螺水泥,a,cn
2025-12-31,000300,600588,用友网络,a,cn
2025-12-31,000300,600600,青岛啤酒,a,cn
2025-12-31,000300,600660,福耀玻璃,a,cn
2025-12-31,000300,600674,川投能源,a,cn
2025-12-31,000300,600690,海尔智家,a,cn
2025-12-31,000300,600741,华域汽车,a,cn
2025-12-31,000300,600760,中航沈飞,a,cn
2025-12-31,000300,600795,国电电力,a,cn
2025-12-31,000300,600803,新奥股份,a,cn
2025-12-31,000300,600809,山西汾酒,a,cn
2025-12-31,000300,600845,宝信软件,a,cn
2025-12-31,000300,600875,东方电气,a,cn
2025-12-31,000300,600886,国投电力,a,cn
2025-12-31,000300,600887,伊利股份,a,cn
2025-12-31,000300,600893,航发动力,a,cn
2025-12-31,000300,600900,长江电力,a,cn
2025-12-31,000300,600905,三峡能源,a,cn
2025-12-31,000300,600918,中泰证券,a,cn
2025-12-31,000300,600919,江苏银行,a,cn
2025-12-31,000300,600926,杭州银行,a,cn
2025-12-31,000300,600930,华电新能,a,cn
2025-12-31,000300,600938,中国海油,a,cn
2025-12-31,000300,600941,中国移动,a,cn
2025-12-31,000300,600958,东方证券,a,cn
2025-12-31,000300,600989,宝丰能源,a,cn
2025-12-31,000300,600999,招商证券,a,cn
2025-12-31,000300,601006,大秦铁路,a,cn
2025-12-31,000300,601009,南京银行,a,cn
2025-12-31,000300,601012,隆基绿能,a,cn
2025-12-31,000300,601018,宁波港,a,cn
2025-12-31,000300,601021,春秋航空,a,cn
2025-12-31,000300,601058,赛轮轮胎,a,cn
2025-12-31,000300,601059,信达证券,a,cn
2025-12-31,000300,601066,中信建投,a,cn
2025-12-31,000300,601077,渝农商行,a,cn
2025-12-31,000300,601088,中国神华,a,cn
2025-12-31,000300,601100,恒立液压,a,cn
2025-12-31,000300,601111,中国国航,a,cn
2025-12-31,000300,601117,中国化学,a,cn
2025-12-31,000300,601127,赛力斯,a,cn
2025-12-31,000300,601136,首创证券,a,cn
2025-12-31,000300,601138,工业富联,a,cn
2025-12-31,000300,601166,兴业银行,a,cn
2025-12-31,000300,601169,北京银行,a,cn
2025-12-31,000300,601186,中国铁建,a,cn
2025-12-31,000300,601211,国泰海通,a,cn
2025-12-31,000300,601225,陕西煤业,a,cn
2025-12-31,000300,601229,上海银行,a,cn
2025-12-31,000300,601236,红塔证券,a,cn
2025-12-31,000300,601238,广汽集团,a,cn
2025-12-31,000300,601288,农业银行,a,cn
2025-12-31,000300,601298,青岛港,a,cn
2025-12-31,000300,601318,中国平安,a,cn
2025-12-31,000300,601319,中国人保,a,cn
2025-12-31,000300,601328,交通银行,a,cn
2025-12-31,000300,601336,新华保险,a,cn
2025-12-31,000300,601360,三六零,a,cn
2025-12-31,000300,601377,兴业证券,a,cn
2025-12-31,000300,601390,中国中铁,a,cn
2025-12-31,000300,601398,工商银行,a,cn
2025-12-31,000300,601456,国联民生,a,cn
2025-12-31,000300,601600,中国铝业,a,cn
2025-12-31,000300,601601,中国太保,a,cn
2025-12-31,000300,601607,上海医药,a,cn
2025-12-31,000300,601618,中国中冶,a,cn
2025-12-31,000300,601628,中国人寿,a,cn
2025-12-31,000300,601633,长城汽车,a,cn
2025-12-31,000300,601658,邮储银行,a,cn
2025-12-31,000300,601668,中国建筑,a,cn
2025-12-31,000300,601669,中国电建,a,cn
2025-12-31,000300,601688,华泰证券,a,cn
2025-12-31,000300,601689,拓普集团,a,cn
2025-12-31,000300,601698,中国卫通,a,cn
2025-12-31,000300,601728,中国电信,a,cn
2025-12-31,000300,601766,中国中车,a,cn
2025-12-31,000300,601788,光大证券,a,cn
2025-12-31,000300,601800,中国交建,a,cn
2025-12-31,000300,601808,中海油服,a,cn
2025-12-31,000300,601816,京沪高铁,a,cn
2025-12-31,000300,601818,光大银行,a,cn
2025-12-31,000300,601825,沪农商行,a,cn
2025-12-31,000300,601838,成都银行,a,cn
2025-12-31,000300,601857,中国石油,a,cn
2025-12-31,000300,601868,中国能建,a,cn
2025-12-31,000300,601872,招商轮船,a,cn
2025-12-31,000300,601877,正泰电器,a,cn
2025-12-31,000300,601878,浙商证券,a,cn
2025-12-31,000300,601881,中国银河,a,cn
2025-12-31,000300,601888,中国中免,a,cn
2025-12-31,000300,601898,中煤能源,a,cn
2025-12-31,000300,601899,紫金矿业,a,cn
2025-12-31,000300,601901,方正证券,a,cn
2025-12-31,000300,601916,浙商银行,a,cn
2025-12-31,000300,601919,中远海控,a,cn
2025-12-31,000300,601939,建设银行,a,cn
2025-12-31,000300,601985,中国核电,a,cn
2025-12-31,000300,601988,中国银行,a,cn
2025-12-31,000300,601995,中金公司,a,cn
2025-12-31,000300,601998,中信银行,a,cn
2025-12-31,000300,603019,中科曙光,a,cn
2025-12-31,000300,603195,公牛集团,a,cn
2025-12-31,000300,603259,药明康德,a,cn
2025-12-31,000300,603260,合盛硅业,a,cn
2025-12-31,000300,603288,海天味业,a,cn
2025-12-31,000300,603296,华勤技术,a,cn
2025-12-31,000300,603369,今世缘,a,cn
2025-12-31,000300,603392,万泰生物,a,cn
2025-12-31,000300,603501,豪威集团,a,cn
2025-12-31,000300,603799,华友钴业,a,cn
2025-12-31,000300,603893,瑞芯微,a,cn
2025-12-31,000300,603986,兆易创新,a,cn
2025-12-31,000300,603993,洛阳钼业,a,cn
2025-12-31,000300,605117,德业股份,a,cn
2025-12-31,000300,605499,东鹏饮料,a,cn
2025-12-31,000300,688008,澜起科技,a,cn
2025-12-31,000300,688009,中国通号,a,cn
2025-12-31,000300,688012,中微公司,a,cn
2025-12-31,000300,688036,传音控股,a,cn
2025-12-31,000300,688041,海光信息,a,cn
2025-12-31,000300,688047,龙芯中科,a,cn
2025-12-31,000300,688082,盛美上海,a,cn
2025-12-31,000300,688111,金山办公,a,cn
2025-12-31,000300,688126,沪硅产业,a,cn
2025-12-31,000300,688169,石头科技,a,cn
2025-12-31,000300,688187,时代电气,a,cn
2025-12-31,000300,688223,晶科能源,a,cn
2025-12-31,000300,688256,寒武纪,a,cn
2025-12-31,000300,688271,联影医疗,a,cn
2025-12-31,000300,688303,大全能源,a,cn
2025-12-31,000300,688396,华润微,a,cn
2025-12-31,000300,688472,阿特斯,a,cn
2025-12-31,000300,688506,百利天恒,a,cn
2025-12-31,000300,688981,中芯国际,a,cn
2026-01-30,000300,000001,平安银行,a,cn
2026-01-30,000300,000002,万科A,a,cn
2026-01-30,000300,000063,中兴通讯,a,cn
2026-01-30,000300,000100,TCL科技,a,cn
2026-01-30,000300,000157,中联重科,a,cn
2026-01-30,000300,000166,申万宏源,a,cn
2026-01-30,000300,000301,东方盛虹,a,cn
2026-01-30,000300,000333,美的集团,a,cn
2026-01-30,000300,000338,潍柴动力,a,cn
2026-01-30,000300,000408,藏格矿业,a,cn
2026-01-30,000300,000425,徐工机械,a,cn
2026-01-30,000300,000538,云南白药,a,cn
2026-01-30,000300,000568,泸州老窖,a,cn
2026-01-30,000300,000596,古井贡酒,a,cn
2026-01-30,000300,000617,中油资本,a,cn
2026-01-30,000300,000625,长安汽车,a,cn
2026-01-30,000300,000630,铜陵有色,a,cn
2026-01-30,000300,000651,格力电器,a,cn
2026-01-30,000300,000661,长春高新,a,cn
2026-01-30,000300,000708,中信特钢,a,cn
2026-01-30,000300,000725,京东方A,a,cn
2026-01-30,000300,000768,中航西飞,a,cn
2026-01-30,000300,000776,广发证券,a,cn
2026-01-30,000300,000786,北新建材,a,cn
2026-01-30,000300,000792,盐湖股份,a,cn
2026-01-30,000300,000807,云铝股份,a,cn
2026-01-30,000300,000858,五粮液,a,cn
2026-01-30,000300,000876,新希望,a,cn
2026-01-30,000300,000895,双汇发展,a,cn
2026-01-30,000300,000938,紫光股份,a,cn
2026-01-30,000300,000963,华东医药,a,cn
2026-01-30,000300,000975,山金国际,a,cn
2026-01-30,000300,000977,浪潮信息,a,cn
2026-01-30,000300,000983,山西焦煤,a,cn
2026-01-30,000300,000999,华润三九,a,cn
2026-01-30,000300,001391,国货航,a,cn
2026-01-30,000300,001965,招商公路,a,cn
2026-01-30,000300,001979,招商蛇口,a,cn
2026-01-30,000300,002001,新和成,a,cn
2026-01-30,000300,002027,分众传媒,a,cn
2026-01-30,000300,002028,思源电气,a,cn
2026-01-30,000300,002049,紫光国微,a,cn
2026-01-30,000300,002050,三花智控,a,cn
2026-01-30,000300,002074,国轩高科,a,cn
2026-01-30,000300,002142,宁波银行,a,cn
2026-01-30,000300,002179,中航光电,a,cn
2026-01-30,000300,002230,科大讯飞,a,cn
2026-01-30,000300,002236,大华股份,a,cn
2026-01-30,000300,002241,歌尔股份,a,cn
2026-01-30,000300,002252,上海莱士,a,cn
2026-01-30,000300,002304,洋河股份,a,cn
2026-01-30,000300,002311,海大集团,a,cn
2026-01-30,000300,002352,顺丰控股,a,cn
2026-01-30,000300,002371,北方华创,a,cn
2026-01-30,000300,002384,东山精密,a,cn
2026-01-30,000300,002415,海康威视,a,cn
2026-01-30,000300,002422,科伦药业,a,cn
2026-01-30,000300,002459,晶澳科技,a,cn
2026-01-30,000300,002460,赣锋锂业,a,cn
2026-01-30,000300,002463,沪电股份,a,cn
2026-01-30,000300,002466,天齐锂业,a,cn
2026-01-30,000300,002475,立讯精密,a,cn
2026-01-30,000300,002493,荣盛石化,a,cn
2026-01-30,000300,002594,比亚迪,a,cn
2026-01-30,000300,002600,领益智造,a,cn
2026-01-30,000300,002601,龙佰集团,a,cn
2026-01-30,000300,002625,光启技术,a,cn
2026-01-30,000300,002648,卫星化学,a,cn
2026-01-30,000300,002709,天赐材料,a,cn
2026-01-30,000300,002714,牧原股份,a,cn
2026-01-30,000300,002736,国信证券,a,cn
2026-01-30,000300,002916,深南电路,a,cn
2026-01-30,000300,002920,德赛西威,a,cn
2026-01-30,000300,002938,鹏鼎控股,a,cn
2026-01-30,000300,003816,中国广核,a,cn
2026-01-30,000300,300014,亿纬锂能,a,cn
2026-01-30,000300,300015,爱尔眼科,a,cn
2026-01-30,000300,300033,同花顺,a,cn
2026-01-30,000300,300059,东方财富,a,cn
2026-01-30,000300,300122,智飞生物,a,cn
2026-01-30,000300,300124,汇川技术,a,cn
2026-01-30,000300,300251,光线传媒,a,cn
2026-01-30,000300,300274,阳光电源,a,cn
2026-01-30,000300,300308,中际旭创,a,cn
2026-01-30,000300,300316,晶盛机电,a,cn
2026-01-30,000300,300347,泰格医药,a,cn
2026-01-30,000300,300394,天孚通信,a,cn
2026-01-30,000300,300408,三环集团,a,cn
2026-01-30,000300,300413,芒果超媒,a,cn
2026-01-30,000300,300418,昆仑万维,a,cn
2026-01-30,000300,300433,蓝思科技,a,cn
2026-01-30,000300,300442,润泽科技,a,cn
2026-01-30,000300,300476,胜宏科技,a,cn
2026-01-30,000300,300498,温氏股份,a,cn
2026-01-30,000300,300502,新易盛,a,cn
2026-01-30,000300,300628,亿联网络,a,cn
2026-01-30,000300,300661,圣邦股份,a,cn
2026-01-30,000300,300750,宁德时代,a,cn
2026-01-30,000300,300759,康龙化成,a,cn
2026-01-30,000300,300760,迈瑞医疗,a,cn
2026-01-30,000300,300782,卓胜微,a,cn
2026-01-30,000300,300803,指南针,a,cn
2026-01-30,000300,300832,新产业,a,cn
2026-01-30,000300,300866,安克创新,a,cn
2026-01-30,000300,300896,爱美客,a,cn
2026-01-30,000300,300979,华利集团,a,cn
2026-01-30,000300,300999,金龙鱼,a,cn
2026-01-30,000300,301236,软通动力,a,cn
2026-01-30,000300,301269,华大九天,a,cn
2026-01-30,000300,302132,中航成飞,a,cn
2026-01-30,000300,600000,浦发银行,a,cn
2026-01-30,000300,600009,上海机场,a,cn
2026-01-30,000300,600010,包钢股份,a,cn
2026-01-30,000300,600011,华能国际,a,cn
2026-01-30,000300,600015,华夏银行,a,cn
2026-01-30,000300,600016,民生银行,a,cn
2026-01-30,000300,600018,上港集团,a,cn
2026-01-30,000300,600019,宝钢股份,a,cn
2026-01-30,000300,600023,浙能电力,a,cn
2026-01-30,000300,600025,华能水电,a,cn
2026-01-30,000300,600026,中远海能,a,cn
2026-01-30,000300,600027,华电国际,a,cn
2026-01-30,000300,600028,中国石化,a,cn
2026-01-30,000300,600029,南方航空,a,cn
2026-01-30,000300,600030,中信证券,a,cn
2026-01-30,000300,600031,三一重工,a,cn
2026-01-30,000300,600036,招商银行,a,cn
2026-01-30,000300,600039,四川路桥,a,cn
2026-01-30,000300,600048,保利发展,a,cn
2026-01-30,000300,600050,中国联通,a,cn
2026-01-30,000300,600061,国投资本,a,cn
2026-01-30,000300,600066,宇通客车,a,cn
2026-01-30,000300,600085,同仁堂,a,cn
2026-01-30,000300,600089,特变电工,a,cn
2026-01-30,000300,600104,上汽集团,a,cn
2026-01-30,000300,600111,北方稀土,a,cn
2026-01-30,000300,600115,中国东航,a,cn
2026-01-30,000300,600150,中国船舶,a,cn
2026-01-30,000300,600160,巨化股份,a,cn
2026-01-30,000300,600161,天坛生物,a,cn
2026-01-30,000300,600176,中国巨石,a,cn
2026-01-30,000300,600183,生益科技,a,cn
2026-01-30,000300,600188,兖矿能源,a,cn
2026-01-30,000300,600196,复星医药,a,cn
2026-01-30,000300,600219,南山铝业,a,cn
2026-01-30,000300,600233,圆通速递,a,cn
2026-01-30,000300,600276,恒瑞医药,a,cn
2026-01-30,000300,600309,万华化学,a,cn
2026-01-30,000300,600346,恒力石化,a,cn
2026-01-30,000300,600362,江西铜业,a,cn
2026-01-30,000300,600372,中航机载,a,cn
2026-01-30,000300,600377,宁沪高速,a,cn
2026-01-30,000300,600406,国电南瑞,a,cn
2026-01-30,000300,600415,小商品城,a,cn
2026-01-30,000300,600426,华鲁恒升,a,cn
2026-01-30,000300,600436,片仔癀,a,cn
2026-01-30,000300,600438,通威股份,a,cn
2026-01-30,000300,600460,士兰微,a,cn
2026-01-30,000300,600482,中国动力,a,cn
2026-01-30,000300,600489,中金黄金,a,cn
2026-01-30,000300,600515,海南机场,a,cn
2026-01-30,000300,600519,贵州茅台,a,cn
2026-01-30,000300,600522,中天科技,a,cn
2026-01-30,000300,600547,山东黄金,a,cn
2026-01-30,000300,600570,恒生电子,a,cn
2026-01-30,000300,600584,长电科技,a,cn
2026-01-30,000300,600585,海螺水泥,a,cn
2026-01-30,000300,600588,用友网络,a,cn
2026-01-30,000300,600600,青岛啤酒,a,cn
2026-01-30,000300,600660,福耀玻璃,a,cn
2026-01-30,000300,600674,川投能源,a,cn
2026-01-30,000300,600690,海尔智家,a,cn
2026-01-30,000300,600741,华域汽车,a,cn
2026-01-30,000300,600760,中航沈飞,a,cn
2026-01-30,000300,600795,国电电力,a,cn
2026-01-30,000300,600803,新奥股份,a,cn
2026-01-30,000300,600809,山西汾酒,a,cn
2026-01-30,000300,600845,宝信软件,a,cn
2026-01-30,000300,600875,东方电气,a,cn
2026-01-30,000300,600886,国投电力,a,cn
2026-01-30,000300,600887,伊利股份,a,cn
2026-01-30,000300,600893,航发动力,a,cn
2026-01-30,000300,600900,长江电力,a,cn
2026-01-30,000300,600905,三峡能源,a,cn
2026-01-30,000300,600918,中泰证券,a,cn
2026-01-30,000300,600919,江苏银行,a,cn
2026-01-30,000300,600926,杭州银行,a,cn
2026-01-30,000300,600930,华电新能,a,cn
2026-01-30,000300,600938,中国海油,a,cn
2026-01-30,000300,600941,中国移动,a,cn
2026-01-30,000300,600958,东方证券,a,cn
2026-01-30,000300,600989,宝丰能源,a,cn
2026-01-30,000300,600999,招商证券,a,cn
2026-01-30,000300,601006,大秦铁路,a,cn
2026-01-30,000300,601009,南京银行,a,cn
2026-01-30,000300,601012,隆基绿能,a,cn
2026-01-30,000300,601018,宁波港,a,cn
2026-01-30,000300,601021,春秋航空,a,cn
2026-01-30,000300,601058,赛轮轮胎,a,cn
2026-01-30,000300,601059,信达证券,a,cn
2026-01-30,000300,601066,中信建投,a,cn
2026-01-30,000300,601077,渝农商行,a,cn
2026-01-30,000300,601088,中国神华,a,cn
2026-01-30,000300,601100,恒立液压,a,cn
2026-01-30,000300,601111,中国国航,a,cn
2026-01-30,000300,601117,中国化学,a,cn
2026-01-30,000300,601127,赛力斯,a,cn
2026-01-30,000300,601136,首创证券,a,cn
2026-01-30,000300,601138,工业富联,a,cn
2026-01-30,000300,601166,兴业银行,a,cn
2026-01-30,000300,601169,北京银行,a,cn
2026-01-30,000300,601186,中国铁建,a,cn
2026-01-30,000300,601211,国泰海通,a,cn
2026-01-30,000300,601225,陕西煤业,a,cn
2026-01-30,000300,601229,上海银行,a,cn
2026-01-30,000300,601236,红塔证券,a,cn
2026-01-30,000300,601238,广汽集团,a,cn
2026-01-30,000300,601288,农业银行,a,cn
2026-01-30,000300,601298,青岛港,a,cn
2026-01-30,000300,601318,中国平安,a,cn
2026-01-30,000300,601319,中国人保,a,cn
2026-01-30,000300,601328,交通银行,a,cn
2026-01-30,000300,601336,新华保险,a,cn
2026-01-30,000300,601360,三六零,a,cn
2026-01-30,000300,601377,兴业证券,a,cn
2026-01-30,000300,601390,中国中铁,a,cn
2026-01-30,000300,601398,工商银行,a,cn
2026-01-30,000300,601456,国联民生,a,cn
2026-01-30,000300,601600,中国铝业,a,cn
2026-01-30,000300,601601,中国太保,a,cn
2026-01-30,000300,601607,上海医药,a,cn
2026-01-30,000300,601618,中国中冶,a,cn
2026-01-30,000300,601628,中国人寿,a,cn
2026-01-30,000300,601633,长城汽车,a,cn
2026-01-30,000300,601658,邮储银行,a,cn
2026-01-30,000300,601668,中国建筑,a,cn
2026-01-30,000300,601669,中国电建,a,cn
2026-01-30,000300,601688,华泰证券,a,cn
2026-01-30,000300,601689,拓普集团,a,cn
2026-01-30,000300,601698,中国卫通,a,cn
2026-01-30,000300,601728,中国电信,a,cn
2026-01-30,000300,601766,中国中车,a,cn
2026-01-30,000300,601788,光大证券,a,cn
2026-01-30,000300,601800,中国交建,a,cn
2026-01-30,000300,601808,中海油服,a,cn
2026-01-30,000300,601816,京沪高铁,a,cn
2026-01-30,000300,601818,光大银行,a,cn
2026-01-30,000300,601825,沪农商行,a,cn
2026-01-30,000300,601838,成都银行,a,cn
2026-01-30,000300,601857,中国石油,a,cn
2026-01-30,000300,601868,中国能建,a,cn
2026-01-30,000300,601872,招商轮船,a,cn
2026-01-30,000300,601877,正泰电器,a,cn
2026-01-30,000300,601878,浙商证券,a,cn
2026-01-30,000300,601881,中国银河,a,cn
2026-01-30,000300,601888,中国中免,a,cn
2026-01-30,000300,601898,中煤能源,a,cn
2026-01-30,000300,601899,紫金矿业,a,cn
2026-01-30,000300,601901,方正证券,a,cn
2026-01-30,000300,601916,浙商银行,a,cn
2026-01-30,000300,601919,中远海控,a,cn
2026-01-30,000300,601939,建设银行,a,cn
2026-01-30,000300,601985,中国核电,a,cn
2026-01-30,000300,601988,中国银行,a,cn
2026-01-30,000300,601995,中金公司,a,cn
2026-01-30,000300,601998,中信银行,a,cn
2026-01-30,000300,603019,中科曙光,a,cn
2026-01-30,000300,603195,公牛集团,a,cn
2026-01-30,000300,603259,药明康德,a,cn
2026-01-30,000300,603260,合盛硅业,a,cn
2026-01-30,000300,603288,海天味业,a,cn
2026-01-30,000300,603296,华勤技术,a,cn
2026-01-30,000300,603369,今世缘,a,cn
2026-01-30,000300,603392,万泰生物,a,cn
2026-01-30,000300,603501,豪威集团,a,cn
2026-01-30,000300,603799,华友钴业,a,cn
2026-01-30,000300,603893,瑞芯微,a,cn
2026-01-30,000300,603986,兆易创新,a,cn
2026-01-30,000300,603993,洛阳钼业,a,cn
2026-01-30,000300,605117,德业股份,a,cn
2026-01-30,000300,605499,东鹏饮料,a,cn
2026-01-30,000300,688008,澜起科技,a,cn
2026-01-30,000300,688009,中国通号,a,cn
2026-01-30,000300,688012,中微公司,a,cn
2026-01-30,000300,688036,传音控股,a,cn
2026-01-30,000300,688041,海光信息,a,cn
2026-01-30,000300,688047,龙芯中科,a,cn
2026-01-30,000300,688082,盛美上海,a,cn
2026-01-30,000300,688111,金山办公,a,cn
2026-01-30,000300,688126,沪硅产业,a,cn
2026-01-30,000300,688169,石头科技,a,cn
2026-01-30,000300,688187,时代电气,a,cn
2026-01-30,000300,688223,晶科能源,a,cn
2026-01-30,000300,688256,寒武纪,a,cn
2026-01-30,000300,688271,联影医疗,a,cn
2026-01-30,000300,688303,大全能源,a,cn
2026-01-30,000300,688396,华润微,a,cn
2026-01-30,000300,688472,阿特斯,a,cn
2026-01-30,000300,688506,百利天恒,a,cn
2026-01-30,000300,688981,中芯国际,a,cn
2026-02-27,000300,000001,平安银行,a,cn
2026-02-27,000300,000002,万科A,a,cn
2026-02-27,000300,000063,中兴通讯,a,cn
2026-02-27,000300,000100,TCL科技,a,cn
2026-02-27,000300,000157,中联重科,a,cn
2026-02-27,000300,000166,申万宏源,a,cn
2026-02-27,000300,000301,东方盛虹,a,cn
2026-02-27,000300,000333,美的集团,a,cn
2026-02-27,000300,000338,潍柴动力,a,cn
2026-02-27,000300,000408,藏格矿业,a,cn
2026-02-27,000300,000425,徐工机械,a,cn
2026-02-27,000300,000538,云南白药,a,cn
2026-02-27,000300,000568,泸州老窖,a,cn
2026-02-27,000300,000596,古井贡酒,a,cn
2026-02-27,000300,000617,中油资本,a,cn
2026-02-27,000300,000625,长安汽车,a,cn
2026-02-27,000300,000630,铜陵有色,a,cn
2026-02-27,000300,000651,格力电器,a,cn
2026-02-27,000300,000661,长春高新,a,cn
2026-02-27,000300,000708,中信特钢,a,cn
2026-02-27,000300,000725,京东方A,a,cn
2026-02-27,000300,000768,中航西飞,a,cn
2026-02-27,000300,000776,广发证券,a,cn
2026-02-27,000300,000786,北新建材,a,cn
2026-02-27,000300,000792,盐湖股份,a,cn
2026-02-27,000300,000807,云铝股份,a,cn
2026-02-27,000300,000858,五粮液,a,cn
2026-02-27,000300,000876,新希望,a,cn
2026-02-27,000300,000895,双汇发展,a,cn
2026-02-27,000300,000938,紫光股份,a,cn
2026-02-27,000300,000963,华东医药,a,cn
2026-02-27,000300,000975,山金国际,a,cn
2026-02-27,000300,000977,浪潮信息,a,cn
2026-02-27,000300,000983,山西焦煤,a,cn
2026-02-27,000300,000999,华润三九,a,cn
2026-02-27,000300,001391,国货航,a,cn
2026-02-27,000300,001965,招商公路,a,cn
2026-02-27,000300,001979,招商蛇口,a,cn
2026-02-27,000300,002001,新和成,a,cn
2026-02-27,000300,002027,分众传媒,a,cn
2026-02-27,000300,002028,思源电气,a,cn
2026-02-27,000300,002049,紫光国微,a,cn
2026-02-27,000300,002050,三花智控,a,cn
2026-02-27,000300,002074,国轩高科,a,cn
2026-02-27,000300,002142,宁波银行,a,cn
2026-02-27,000300,002179,中航光电,a,cn
2026-02-27,000300,002230,科大讯飞,a,cn
2026-02-27,000300,002236,大华股份,a,cn
2026-02-27,000300,002241,歌尔股份,a,cn
2026-02-27,000300,002252,上海莱士,a,cn
2026-02-27,000300,002304,洋河股份,a,cn
2026-02-27,000300,002311,海大集团,a,cn
2026-02-27,000300,002352,顺丰控股,a,cn
2026-02-27,000300,002371,北方华创,a,cn
2026-02-27,000300,002384,东山精密,a,cn
2026-02-27,000300,002415,海康威视,a,cn
2026-02-27,000300,002422,科伦药业,a,cn
2026-02-27,000300,002459,晶澳科技,a,cn
2026-02-27,000300,002460,赣锋锂业,a,cn
2026-02-27,000300,002463,沪电股份,a,cn
2026-02-27,000300,002466,天齐锂业,a,cn
2026-02-27,000300,002475,立讯精密,a,cn
2026-02-27,000300,002493,荣盛石化,a,cn
2026-02-27,000300,002594,比亚迪,a,cn
2026-02-27,000300,002600,领益智造,a,cn
2026-02-27,000300,002601,龙佰集团,a,cn
2026-02-27,000300,002625,光启技术,a,cn
2026-02-27,000300,002648,卫星化学,a,cn
2026-02-27,000300,002709,天赐材料,a,cn
2026-02-27,000300,002714,牧原股份,a,cn
2026-02-27,000300,002736,国信证券,a,cn
2026-02-27,000300,002916,深南电路,a,cn
2026-02-27,000300,002920,德赛西威,a,cn
2026-02-27,000300,002938,鹏鼎控股,a,cn
2026-02-27,000300,003816,中国广核,a,cn
2026-02-27,000300,300014,亿纬锂能,a,cn
2026-02-27,000300,300015,爱尔眼科,a,cn
2026-02-27,000300,300033,同花顺,a,cn
2026-02-27,000300,300059,东方财富,a,cn
2026-02-27,000300,300122,智飞生物,a,cn
2026-02-27,000300,300124,汇川技术,a,cn
2026-02-27,000300,300251,光线传媒,a,cn
2026-02-27,000300,300274,阳光电源,a,cn
2026-02-27,000300,300308,中际旭创,a,cn
2026-02-27,000300,300316,晶盛机电,a,cn
2026-02-27,000300,300347,泰格医药,a,cn
2026-02-27,000300,300394,天孚通信,a,cn
2026-02-27,000300,300408,三环集团,a,cn
2026-02-27,000300,300413,芒果超媒,a,cn
2026-02-27,000300,300418,昆仑万维,a,cn
2026-02-27,000300,300433,蓝思科技,a,cn
2026-02-27,000300,300442,润泽科技,a,cn
2026-02-27,000300,300476,胜宏科技,a,cn
2026-02-27,000300,300498,温氏股份,a,cn
2026-02-27,000300,300502,新易盛,a,cn
2026-02-27,000300,300628,亿联网络,a,cn
2026-02-27,000300,300661,圣邦股份,a,cn
2026-02-27,000300,300750,宁德时代,a,cn
2026-02-27,000300,300759,康龙化成,a,cn
2026-02-27,000300,300760,迈瑞医疗,a,cn
2026-02-27,000300,300782,卓胜微,a,cn
2026-02-27,000300,300803,指南针,a,cn
2026-02-27,000300,300832,新产业,a,cn
2026-02-27,000300,300866,安克创新,a,cn
2026-02-27,000300,300896,爱美客,a,cn
2026-02-27,000300,300979,华利集团,a,cn
2026-02-27,000300,300999,金龙鱼,a,cn
2026-02-27,000300,301236,软通动力,a,cn
2026-02-27,000300,301269,华大九天,a,cn
2026-02-27,000300,302132,中航成飞,a,cn
2026-02-27,000300,600000,浦发银行,a,cn
2026-02-27,000300,600009,上海机场,a,cn
2026-02-27,000300,600010,包钢股份,a,cn
2026-02-27,000300,600011,华能国际,a,cn
2026-02-27,000300,600015,华夏银行,a,cn
2026-02-27,000300,600016,民生银行,a,cn
2026-02-27,000300,600018,上港集团,a,cn
2026-02-27,000300,600019,宝钢股份,a,cn
2026-02-27,000300,600023,浙能电力,a,cn
2026-02-27,000300,600025,华能水电,a,cn
2026-02-27,000300,600026,中远海能,a,cn
2026-02-27,000300,600027,华电国际,a,cn
2026-02-27,000300,600028,中国石化,a,cn
2026-02-27,000300,600029,南方航空,a,cn
2026-02-27,000300,600030,中信证券,a,cn
2026-02-27,000300,600031,三一重工,a,cn
2026-02-27,000300,600036,招商银行,a,cn
2026-02-27,000300,600039,四川路桥,a,cn
2026-02-27,000300,600048,保利发展,a,cn
2026-02-27,000300,600050,中国联通,a,cn
2026-02-27,000300,600061,国投资本,a,cn
2026-02-27,000300,600066,宇通客车,a,cn
2026-02-27,000300,600085,同仁堂,a,cn
2026-02-27,000300,600089,特变电工,a,cn
2026-02-27,000300,600104,上汽集团,a,cn
2026-02-27,000300,600111,北方稀土,a,cn
2026-02-27,000300,600115,中国东航,a,cn
2026-02-27,000300,600150,中国船舶,a,cn
2026-02-27,000300,600160,巨化股份,a,cn
2026-02-27,000300,600161,天坛生物,a,cn
2026-02-27,000300,600176,中国巨石,a,cn
2026-02-27,000300,600183,生益科技,a,cn
2026-02-27,000300,600188,兖矿能源,a,cn
2026-02-27,000300,600196,复星医药,a,cn
2026-02-27,000300,600219,南山铝业,a,cn
2026-02-27,000300,600233,圆通速递,a,cn
2026-02-27,000300,600276,恒瑞医药,a,cn
2026-02-27,000300,600309,万华化学,a,cn
2026-02-27,000300,600346,恒力石化,a,cn
2026-02-27,000300,600362,江西铜业,a,cn
2026-02-27,000300,600372,中航机载,a,cn
2026-02-27,000300,600377,宁沪高速,a,cn
2026-02-27,000300,600406,国电南瑞,a,cn
2026-02-27,000300,600415,小商品城,a,cn
2026-02-27,000300,600426,华鲁恒升,a,cn
2026-02-27,000300,600436,片仔癀,a,cn
2026-02-27,000300,600438,通威股份,a,cn
2026-02-27,000300,600460,士兰微,a,cn
2026-02-27,000300,600482,中国动力,a,cn
2026-02-27,000300,600489,中金黄金,a,cn
2026-02-27,000300,600515,海南机场,a,cn
2026-02-27,000300,600519,贵州茅台,a,cn
2026-02-27,000300,600522,中天科技,a,cn
2026-02-27,000300,600547,山东黄金,a,cn
2026-02-27,000300,600570,恒生电子,a,cn
2026-02-27,000300,600584,长电科技,a,cn
2026-02-27,000300,600585,海螺水泥,a,cn
2026-02-27,000300,600588,用友网络,a,cn
2026-02-27,000300,600600,青岛啤酒,a,cn
2026-02-27,000300,600660,福耀玻璃,a,cn
2026-02-27,000300,600674,川投能源,a,cn
2026-02-27,000300,600690,海尔智家,a,cn
2026-02-27,000300,600741,华域汽车,a,cn
2026-02-27,000300,600760,中航沈飞,a,cn
2026-02-27,000300,600795,国电电力,a,cn
2026-02-27,000300,600803,新奥股份,a,cn
2026-02-27,000300,600809,山西汾酒,a,cn
2026-02-27,000300,600845,宝信软件,a,cn
2026-02-27,000300,600875,东方电气,a,cn
2026-02-27,000300,600886,国投电力,a,cn
2026-02-27,000300,600887,伊利股份,a,cn
2026-02-27,000300,600893,航发动力,a,cn
2026-02-27,000300,600900,长江电力,a,cn
2026-02-27,000300,600905,三峡能源,a,cn
2026-02-27,000300,600918,中泰证券,a,cn
2026-02-27,000300,600919,江苏银行,a,cn
2026-02-27,000300,600926,杭州银行,a,cn
2026-02-27,000300,600930,华电新能,a,cn
2026-02-27,000300,600938,中国海油,a,cn
2026-02-27,000300,600941,中国移动,a,cn
2026-02-27,000300,600958,东方证券,a,cn
2026-02-27,000300,600989,宝丰能源,a,cn
2026-02-27,000300,600999,招商证券,a,cn
2026-02-27,000300,601006,大秦铁路,a,cn
2026-02-27,000300,601009,南京银行,a,cn
2026-02-27,000300,601012,隆基绿能,a,cn
2026-02-27,000300,601018,宁波港,a,cn
2026-02-27,000300,601021,春秋航空,a,cn
2026-02-27,000300,601058,赛轮轮胎,a,cn
2026-02-27,000300,601059,信达证券,a,cn
2026-02-27,000300,601066,中信建投,a,cn
2026-02-27,000300,601077,渝农商行,a,cn
2026-02-27,000300,601088,中国神华,a,cn
2026-02-27,000300,601100,恒立液压,a,cn
2026-02-27,000300,601111,中国国航,a,cn
2026-02-27,000300,601117,中国化学,a,cn
2026-02-27,000300,601127,赛力斯,a,cn
2026-02-27,000300,601136,首创证券,a,cn
2026-02-27,000300,601138,工业富联,a,cn
2026-02-27,000300,601166,兴业银行,a,cn
2026-02-27,000300,601169,北京银行,a,cn
2026-02-27,000300,601186,中国铁建,a,cn
2026-02-27,000300,601211,国泰海通,a,cn
2026-02-27,000300,601225,陕西煤业,a,cn
2026-02-27,000300,601229,上海银行,a,cn
2026-02-27,000300,601236,红塔证券,a,cn
2026-02-27,000300,601238,广汽集团,a,cn
2026-02-27,000300,601288,农业银行,a,cn
2026-02-27,000300,601298,青岛港,a,cn
2026-02-27,000300,601318,中国平安,a,cn
2026-02-27,000300,601319,中国人保,a,cn
2026-02-27,000300,601328,交通银行,a,cn
2026-02-27,000300,601336,新华保险,a,cn
2026-02-27,000300,601360,三六零,a,cn
2026-02-27,000300,601377,兴业证券,a,cn
2026-02-27,000300,601390,中国中铁,a,cn
2026-02-27,000300,601398,工商银行,a,cn
2026-02-27,000300,601456,国联民生,a,cn
2026-02-27,000300,601600,中国铝业,a,cn
2026-02-27,000300,601601,中国太保,a,cn
2026-02-27,000300,601607,上海医药,a,cn
2026-02-27,000300,601618,中国中冶,a,cn
2026-02-27,000300,601628,中国人寿,a,cn
2026-02-27,000300,601633,长城汽车,a,cn
2026-02-27,000300,601658,邮储银行,a,cn
2026-02-27,000300,601668,中国建筑,a,cn
2026-02-27,000300,601669,中国电建,a,cn
2026-02-27,000300,601688,华泰证券,a,cn
2026-02-27,000300,601689,拓普集团,a,cn
2026-02-27,000300,601698,中国卫通,a,cn
2026-02-27,000300,601728,中国电信,a,cn
2026-02-27,000300,601766,中国中车,a,cn
2026-02-27,000300,601788,光大证券,a,cn
2026-02-27,000300,601800,中国交建,a,cn
2026-02-27,000300,601808,中海油服,a,cn
2026-02-27,000300,601816,京沪高铁,a,cn
2026-02-27,000300,601818,光大银行,a,cn
2026-02-27,000300,601825,沪农商行,a,cn
2026-02-27,000300,601838,成都银行,a,cn
2026-02-27,000300,601857,中国石油,a,cn
2026-02-27,000300,601868,中国能建,a,cn
2026-02-27,000300,601872,招商轮船,a,cn
2026-02-27,000300,601877,正泰电器,a,cn
2026-02-27,000300,601878,浙商证券,a,cn
2026-02-27,000300,601881,中国银河,a,cn
2026-02-27,000300,601888,中国中免,a,cn
2026-02-27,000300,601898,中煤能源,a,cn
2026-02-27,000300,601899,紫金矿业,a,cn
2026-02-27,000300,601901,方正证券,a,cn
2026-02-27,000300,601916,浙商银行,a,cn
2026-02-27,000300,601919,中远海控,a,cn
2026-02-27,000300,601939,建设银行,a,cn
2026-02-27,000300,601985,中国核电,a,cn
2026-02-27,000300,601988,中国银行,a,cn
2026-02-27,000300,601995,中金公司,a,cn
2026-02-27,000300,601998,中信银行,a,cn
2026-02-27,000300,603019,中科曙光,a,cn
2026-02-27,000300,603195,公牛集团,a,cn
2026-02-27,000300,603259,药明康德,a,cn
2026-02-27,000300,603260,合盛硅业,a,cn
2026-02-27,000300,603288,海天味业,a,cn
2026-02-27,000300,603296,华勤技术,a,cn
2026-02-27,000300,603369,今世缘,a,cn
2026-02-27,000300,603392,万泰生物,a,cn
2026-02-27,000300,603501,豪威集团,a,cn
2026-02-27,000300,603799,华友钴业,a,cn
2026-02-27,000300,603893,瑞芯微,a,cn
2026-02-27,000300,603986,兆易创新,a,cn
2026-02-27,000300,603993,洛阳钼业,a,cn
2026-02-27,000300,605117,德业股份,a,cn
2026-02-27,000300,605499,东鹏饮料,a,cn
2026-02-27,000300,688008,澜起科技,a,cn
2026-02-27,000300,688009,中国通号,a,cn
2026-02-27,000300,688012,中微公司,a,cn
2026-02-27,000300,688036,传音控股,a,cn
2026-02-27,000300,688041,海光信息,a,cn
2026-02-27,000300,688047,龙芯中科,a,cn
2026-02-27,000300,688082,盛美上海,a,cn
2026-02-27,000300,688111,金山办公,a,cn
2026-02-27,000300,688126,沪硅产业,a,cn
2026-02-27,000300,688169,石头科技,a,cn
2026-02-27,000300,688187,时代电气,a,cn
2026-02-27,000300,688223,晶科能源,a,cn
2026-02-27,000300,688256,寒武纪,a,cn
2026-02-27,000300,688271,联影医疗,a,cn
2026-02-27,000300,688303,大全能源,a,cn
2026-02-27,000300,688396,华润微,a,cn
2026-02-27,000300,688472,阿特斯,a,cn
2026-02-27,000300,688506,百利天恒,a,cn
2026-02-27,000300,688981,中芯国际,a,cn
2026-03-31,000300,000001,平安银行,a,cn
2026-03-31,000300,000002,万科A,a,cn
2026-03-31,000300,000063,中兴通讯,a,cn
2026-03-31,000300,000100,TCL科技,a,cn
2026-03-31,000300,000157,中联重科,a,cn
2026-03-31,000300,000166,申万宏源,a,cn
2026-03-31,000300,000301,东方盛虹,a,cn
2026-03-31,000300,000333,美的集团,a,cn
2026-03-31,000300,000338,潍柴动力,a,cn
2026-03-31,000300,000408,藏格矿业,a,cn
2026-03-31,000300,000425,徐工机械,a,cn
2026-03-31,000300,000538,云南白药,a,cn
2026-03-31,000300,000568,泸州老窖,a,cn
2026-03-31,000300,000596,古井贡酒,a,cn
2026-03-31,000300,000617,中油资本,a,cn
2026-03-31,000300,000625,长安汽车,a,cn
2026-03-31,000300,000630,铜陵有色,a,cn
2026-03-31,000300,000651,格力电器,a,cn
2026-03-31,000300,000661,长春高新,a,cn
2026-03-31,000300,000708,中信特钢,a,cn
2026-03-31,000300,000725,京东方A,a,cn
2026-03-31,000300,000768,中航西飞,a,cn
2026-03-31,000300,000776,广发证券,a,cn
2026-03-31,000300,000786,北新建材,a,cn
2026-03-31,000300,000792,盐湖股份,a,cn
2026-03-31,000300,000807,云铝股份,a,cn
2026-03-31,000300,000858,五粮液,a,cn
2026-03-31,000300,000876,新希望,a,cn
2026-03-31,000300,000895,双汇发展,a,cn
2026-03-31,000300,000938,紫光股份,a,cn
2026-03-31,000300,000963,华东医药,a,cn
2026-03-31,000300,000975,山金国际,a,cn
2026-03-31,000300,000977,浪潮信息,a,cn
2026-03-31,000300,000983,山西焦煤,a,cn
2026-03-31,000300,000999,华润三九,a,cn
2026-03-31,000300,001391,国货航,a,cn
2026-03-31,000300,001965,招商公路,a,cn
2026-03-31,000300,001979,招商蛇口,a,cn
2026-03-31,000300,002001,新和成,a,cn
2026-03-31,000300,002027,分众传媒,a,cn
2026-03-31,000300,002028,思源电气,a,cn
2026-03-31,000300,002049,紫光国微,a,cn
2026-03-31,000300,002050,三花智控,a,cn
2026-03-31,000300,002074,国轩高科,a,cn
2026-03-31,000300,002142,宁波银行,a,cn
2026-03-31,000300,002179,中航光电,a,cn
2026-03-31,000300,002230,科大讯飞,a,cn
2026-03-31,000300,002236,大华股份,a,cn
2026-03-31,000300,002241,歌尔股份,a,cn
2026-03-31,000300,002252,上海莱士,a,cn
2026-03-31,000300,002304,洋河股份,a,cn
2026-03-31,000300,002311,海大集团,a,cn
2026-03-31,000300,002352,顺丰控股,a,cn
2026-03-31,000300,002371,北方华创,a,cn
2026-03-31,000300,002384,东山精密,a,cn
2026-03-31,000300,002415,海康威视,a,cn
2026-03-31,000300,002422,科伦药业,a,cn
2026-03-31,000300,002459,晶澳科技,a,cn
2026-03-31,000300,002460,赣锋锂业,a,cn
2026-03-31,000300,002463,沪电股份,a,cn
2026-03-31,000300,002466,天齐锂业,a,cn
2026-03-31,000300,002475,立讯精密,a,cn
2026-03-31,000300,002493,荣盛石化,a,cn
2026-03-31,000300,002594,比亚迪,a,cn
2026-03-31,000300,002600,领益智造,a,cn
2026-03-31,000300,002601,龙佰集团,a,cn
2026-03-31,000300,002625,光启技术,a,cn
2026-03-31,000300,002648,卫星化学,a,cn
2026-03-31,000300,002709,天赐材料,a,cn
2026-03-31,000300,002714,牧原股份,a,cn
2026-03-31,000300,002736,国信证券,a,cn
2026-03-31,000300,002916,深南电路,a,cn
2026-03-31,000300,002920,德赛西威,a,cn
2026-03-31,000300,002938,鹏鼎控股,a,cn
2026-03-31,000300,003816,中国广核,a,cn
2026-03-31,000300,300014,亿纬锂能,a,cn
2026-03-31,000300,300015,爱尔眼科,a,cn
2026-03-31,000300,300033,同花顺,a,cn
2026-03-31,000300,300059,东方财富,a,cn
2026-03-31,000300,300122,智飞生物,a,cn
2026-03-31,000300,300124,汇川技术,a,cn
2026-03-31,000300,300251,光线传媒,a,cn
2026-03-31,000300,300274,阳光电源,a,cn
2026-03-31,000300,300308,中际旭创,a,cn
2026-03-31,000300,300316,晶盛机电,a,cn
2026-03-31,000300,300347,泰格医药,a,cn
2026-03-31,000300,300394,天孚通信,a,cn
2026-03-31,000300,300408,三环集团,a,cn
2026-03-31,000300,300413,芒果超媒,a,cn
2026-03-31,000300,300418,昆仑万维,a,cn
2026-03-31,000300,300433,蓝思科技,a,cn
2026-03-31,000300,300442,润泽科技,a,cn
2026-03-31,000300,300476,胜宏科技,a,cn
2026-03-31,000300,300498,温氏股份,a,cn
2026-03-31,000300,300502,新易盛,a,cn
2026-03-31,000300,300628,亿联网络,a,cn
2026-03-31,000300,300661,圣邦股份,a,cn
2026-03-31,000300,300750,宁德时代,a,cn
2026-03-31,000300,300759,康龙化成,a,cn
2026-03-31,000300,300760,迈瑞医疗,a,cn
2026-03-31,000300,300782,卓胜微,a,cn
2026-03-31,000300,300803,指南针,a,cn
2026-03-31,000300,300832,新产业,a,cn
2026-03-31,000300,300866,安克创新,a,cn
2026-03-31,000300,300896,爱美客,a,cn
2026-03-31,000300,300979,华利集团,a,cn
2026-03-31,000300,300999,金龙鱼,a,cn
2026-03-31,000300,301236,软通动力,a,cn
2026-03-31,000300,301269,华大九天,a,cn
2026-03-31,000300,302132,中航成飞,a,cn
2026-03-31,000300,600000,浦发银行,a,cn
2026-03-31,000300,600009,上海机场,a,cn
2026-03-31,000300,600010,包钢股份,a,cn
2026-03-31,000300,600011,华能国际,a,cn
2026-03-31,000300,600015,华夏银行,a,cn
2026-03-31,000300,600016,民生银行,a,cn
2026-03-31,000300,600018,上港集团,a,cn
2026-03-31,000300,600019,宝钢股份,a,cn
2026-03-31,000300,600023,浙能电力,a,cn
2026-03-31,000300,600025,华能水电,a,cn
2026-03-31,000300,600026,中远海能,a,cn
2026-03-31,000300,600027,华电国际,a,cn
2026-03-31,000300,600028,中国石化,a,cn
2026-03-31,000300,600029,南方航空,a,cn
2026-03-31,000300,600030,中信证券,a,cn
2026-03-31,000300,600031,三一重工,a,cn
2026-03-31,000300,600036,招商银行,a,cn
2026-03-31,000300,600039,四川路桥,a,cn
2026-03-31,000300,600048,保利发展,a,cn
2026-03-31,000300,600050,中国联通,a,cn
2026-03-31,000300,600061,国投资本,a,cn
2026-03-31,000300,600066,宇通客车,a,cn
2026-03-31,000300,600085,同仁堂,a,cn
2026-03-31,000300,600089,特变电工,a,cn
2026-03-31,000300,600104,上汽集团,a,cn
2026-03-31,000300,600111,北方稀土,a,cn
2026-03-31,000300,600115,中国东航,a,cn
2026-03-31,000300,600150,中国船舶,a,cn
2026-03-31,000300,600160,巨化股份,a,cn
2026-03-31,000300,600161,天坛生物,a,cn
2026-03-31,000300,600176,中国巨石,a,cn
2026-03-31,000300,600183,生益科技,a,cn
2026-03-31,000300,600188,兖矿能源,a,cn
2026-03-31,000300,600196,复星医药,a,cn
2026-03-31,000300,600219,南山铝业,a,cn
2026-03-31,000300,600233,圆通速递,a,cn
2026-03-31,000300,600276,恒瑞医药,a,cn
2026-03-31,000300,600309,万华化学,a,cn
2026-03-31,000300,600346,恒力石化,a,cn
2026-03-31,000300,600362,江西铜业,a,cn
2026-03-31,000300,600372,中航机载,a,cn
2026-03-31,000300,600377,宁沪高速,a,cn
2026-03-31,000300,600406,国电南瑞,a,cn
2026-03-31,000300,600415,小商品城,a,cn
2026-03-31,000300,600426,华鲁恒升,a,cn
2026-03-31,000300,600436,片仔癀,a,cn
2026-03-31,000300,600438,通威股份,a,cn
2026-03-31,000300,600460,士兰微,a,cn
2026-03-31,000300,600482,中国动力,a,cn
2026-03-31,000300,600489,中金黄金,a,cn
2026-03-31,000300,600515,海南机场,a,cn
2026-03-31,000300,600519,贵州茅台,a,cn
2026-03-31,000300,600522,中天科技,a,cn
2026-03-31,000300,600547,山东黄金,a,cn
2026-03-31,000300,600570,恒生电子,a,cn
2026-03-31,000300,600584,长电科技,a,cn
2026-03-31,000300,600585,海螺水泥,a,cn
2026-03-31,000300,600588,用友网络,a,cn
2026-03-31,000300,600600,青岛啤酒,a,cn
2026-03-31,000300,600660,福耀玻璃,a,cn
2026-03-31,000300,600674,川投能源,a,cn
2026-03-31,000300,600690,海尔智家,a,cn
2026-03-31,000300,600741,华域汽车,a,cn
2026-03-31,000300,600760,中航沈飞,a,cn
2026-03-31,000300,600795,国电电力,a,cn
2026-03-31,000300,600803,新奥股份,a,cn
2026-03-31,000300,600809,山西汾酒,a,cn
2026-03-31,000300,600845,宝信软件,a,cn
2026-03-31,000300,600875,东方电气,a,cn
2026-03-31,000300,600886,国投电力,a,cn
2026-03-31,000300,600887,伊利股份,a,cn
2026-03-31,000300,600893,航发动力,a,cn
2026-03-31,000300,600900,长江电力,a,cn
2026-03-31,000300,600905,三峡能源,a,cn
2026-03-31,000300,600918,中泰证券,a,cn
2026-03-31,000300,600919,江苏银行,a,cn
2026-03-31,000300,600926,杭州银行,a,cn
2026-03-31,000300,600930,华电新能,a,cn
2026-03-31,000300,600938,中国海油,a,cn
2026-03-31,000300,600941,中国移动,a,cn
2026-03-31,000300,600958,东方证券,a,cn
2026-03-31,000300,600989,宝丰能源,a,cn
2026-03-31,000300,600999,招商证券,a,cn
2026-03-31,000300,601006,大秦铁路,a,cn
2026-03-31,000300,601009,南京银行,a,cn
2026-03-31,000300,601012,隆基绿能,a,cn
2026-03-31,000300,601018,宁波港,a,cn
2026-03-31,000300,601021,春秋航空,a,cn
2026-03-31,000300,601058,赛轮轮胎,a,cn
2026-03-31,000300,601059,信达证券,a,cn
2026-03-31,000300,601066,中信建投,a,cn
2026-03-31,000300,601077,渝农商行,a,cn
2026-03-31,000300,601088,中国神华,a,cn
2026-03-31,000300,601100,恒立液压,a,cn
2026-03-31,000300,601111,中国国航,a,cn
2026-03-31,000300,601117,中国化学,a,cn
2026-03-31,000300,601127,赛力斯,a,cn
2026-03-31,000300,601136,首创证券,a,cn
2026-03-31,000300,601138,工业富联,a,cn
2026-03-31,000300,601166,兴业银行,a,cn
2026-03-31,000300,601169,北京银行,a,cn
2026-03-31,000300,601186,中国铁建,a,cn
2026-03-31,000300,601211,国泰海通,a,cn
2026-03-31,000300,601225,陕西煤业,a,cn
2026-03-31,000300,601229,上海银行,a,cn
2026-03-31,000300,601236,红塔证券,a,cn
2026-03-31,000300,601238,广汽集团,a,cn
2026-03-31,000300,601288,农业银行,a,cn
2026-03-31,000300,601298,青岛港,a,cn
2026-03-31,000300,601318,中国平安,a,cn
2026-03-31,000300,601319,中国人保,a,cn
2026-03-31,000300,601328,交通银行,a,cn
2026-03-31,000300,601336,新华保险,a,cn
2026-03-31,000300,601360,三六零,a,cn
2026-03-31,000300,601377,兴业证券,a,cn
2026-03-31,000300,601390,中国中铁,a,cn
2026-03-31,000300,601398,工商银行,a,cn
2026-03-31,000300,601456,国联民生,a,cn
2026-03-31,000300,601600,中国铝业,a,cn
2026-03-31,000300,601601,中国太保,a,cn
2026-03-31,000300,601607,上海医药,a,cn
2026-03-31,000300,601618,中国中冶,a,cn
2026-03-31,000300,601628,中国人寿,a,cn
2026-03-31,000300,601633,长城汽车,a,cn
2026-03-31,000300,601658,邮储银行,a,cn
2026-03-31,000300,601668,中国建筑,a,cn
2026-03-31,000300,601669,中国电建,a,cn
2026-03-31,000300,601688,华泰证券,a,cn
2026-03-31,000300,601689,拓普集团,a,cn
2026-03-31,000300,601698,中国卫通,a,cn
2026-03-31,000300,601728,中国电信,a,cn
2026-03-31,000300,601766,中国中车,a,cn
2026-03-31,000300,601788,光大证券,a,cn
2026-03-31,000300,601800,中国交建,a,cn
2026-03-31,000300,601808,中海油服,a,cn
2026-03-31,000300,601816,京沪高铁,a,cn
2026-03-31,000300,601818,光大银行,a,cn
2026-03-31,000300,601825,沪农商行,a,cn
2026-03-31,000300,601838,成都银行,a,cn
2026-03-31,000300,601857,中国石油,a,cn
2026-03-31,000300,601868,中国能建,a,cn
2026-03-31,000300,601872,招商轮船,a,cn
2026-03-31,000300,601877,正泰电器,a,cn
2026-03-31,000300,601878,浙商证券,a,cn
2026-03-31,000300,601881,中国银河,a,cn
2026-03-31,000300,601888,中国中免,a,cn
2026-03-31,000300,601898,中煤能源,a,cn
2026-03-31,000300,601899,紫金矿业,a,cn
2026-03-31,000300,601901,方正证券,a,cn
2026-03-31,000300,601916,浙商银行,a,cn
2026-03-31,000300,601919,中远海控,a,cn
2026-03-31,000300,601939,建设银行,a,cn
2026-03-31,000300,601985,中国核电,a,cn
2026-03-31,000300,601988,中国银行,a,cn
2026-03-31,000300,601995,中金公司,a,cn
2026-03-31,000300,601998,中信银行,a,cn
2026-03-31,000300,603019,中科曙光,a,cn
2026-03-31,000300,603195,公牛集团,a,cn
2026-03-31,000300,603259,药明康德,a,cn
2026-03-31,000300,603260,合盛硅业,a,cn
2026-03-31,000300,603288,海天味业,a,cn
2026-03-31,000300,603296,华勤技术,a,cn
2026-03-31,000300,603369,今世缘,a,cn
2026-03-31,000300,603392,万泰生物,a,cn
2026-03-31,000300,603501,豪威集团,a,cn
2026-03-31,000300,603799,华友钴业,a,cn
2026-03-31,000300,603893,瑞芯微,a,cn
2026-03-31,000300,603986,兆易创新,a,cn
2026-03-31,000300,603993,洛阳钼业,a,cn
2026-03-31,000300,605117,德业股份,a,cn
2026-03-31,000300,605499,东鹏饮料,a,cn
2026-03-31,000300,688008,澜起科技,a,cn
2026-03-31,000300,688009,中国通号,a,cn
2026-03-31,000300,688012,中微公司,a,cn
2026-03-31,000300,688036,传音控股,a,cn
2026-03-31,000300,688041,海光信息,a,cn
2026-03-31,000300,688047,龙芯中科,a,cn
2026-03-31,000300,688082,盛美上海,a,cn
2026-03-31,000300,688111,金山办公,a,cn
2026-03-31,000300,688126,沪硅产业,a,cn
2026-03-31,000300,688169,石头科技,a,cn
2026-03-31,000300,688187,时代电气,a,cn
2026-03-31,000300,688223,晶科能源,a,cn
2026-03-31,000300,688256,寒武纪,a,cn
2026-03-31,000300,688271,联影医疗,a,cn
2026-03-31,000300,688303,大全能源,a,cn
2026-03-31,000300,688396,华润微,a,cn
2026-03-31,000300,688472,阿特斯,a,cn
2026-03-31,000300,688506,百利天恒,a,cn
2026-03-31,000300,688981,中芯国际,a,cn
2026-04-30,000300,000001,平安银行,a,cn
2026-04-30,000300,000002,万科A,a,cn
2026-04-30,000300,000063,中兴通讯,a,cn
2026-04-30,000300,000100,TCL科技,a,cn
2026-04-30,000300,000157,中联重科,a,cn
2026-04-30,000300,000166,申万宏源,a,cn
2026-04-30,000300,000301,东方盛虹,a,cn
2026-04-30,000300,000333,美的集团,a,cn
2026-04-30,000300,000338,潍柴动力,a,cn
2026-04-30,000300,000408,藏格矿业,a,cn
2026-04-30,000300,000425,徐工机械,a,cn
2026-04-30,000300,000538,云南白药,a,cn
2026-04-30,000300,000568,泸州老窖,a,cn
2026-04-30,000300,000596,古井贡酒,a,cn
2026-04-30,000300,000617,中油资本,a,cn
2026-04-30,000300,000625,长安汽车,a,cn
2026-04-30,000300,000630,铜陵有色,a,cn
2026-04-30,000300,000651,格力电器,a,cn
2026-04-30,000300,000661,长春高新,a,cn
2026-04-30,000300,000708,中信特钢,a,cn
2026-04-30,000300,000725,京东方A,a,cn
2026-04-30,000300,000768,中航西飞,a,cn
2026-04-30,000300,000776,广发证券,a,cn
2026-04-30,000300,000786,北新建材,a,cn
2026-04-30,000300,000792,盐湖股份,a,cn
2026-04-30,000300,000807,云铝股份,a,cn
2026-04-30,000300,000858,五粮液,a,cn
2026-04-30,000300,000876,新希望,a,cn
2026-04-30,000300,000895,双汇发展,a,cn
2026-04-30,000300,000938,紫光股份,a,cn
2026-04-30,000300,000963,华东医药,a,cn
2026-04-30,000300,000975,山金国际,a,cn
2026-04-30,000300,000977,浪潮信息,a,cn
2026-04-30,000300,000983,山西焦煤,a,cn
2026-04-30,000300,000999,华润三九,a,cn
2026-04-30,000300,001391,国货航,a,cn
2026-04-30,000300,001965,招商公路,a,cn
2026-04-30,000300,001979,招商蛇口,a,cn
2026-04-30,000300,002001,新和成,a,cn
2026-04-30,000300,002027,分众传媒,a,cn
2026-04-30,000300,002028,思源电气,a,cn
2026-04-30,000300,002049,紫光国微,a,cn
2026-04-30,000300,002050,三花智控,a,cn
2026-04-30,000300,002074,国轩高科,a,cn
2026-04-30,000300,002142,宁波银行,a,cn
2026-04-30,000300,002179,中航光电,a,cn
2026-04-30,000300,002230,科大讯飞,a,cn
2026-04-30,000300,002236,大华股份,a,cn
2026-04-30,000300,002241,歌尔股份,a,cn
2026-04-30,000300,002252,上海莱士,a,cn
2026-04-30,000300,002304,洋河股份,a,cn
2026-04-30,000300,002311,海大集团,a,cn
2026-04-30,000300,002352,顺丰控股,a,cn
2026-04-30,000300,002371,北方华创,a,cn
2026-04-30,000300,002384,东山精密,a,cn
2026-04-30,000300,002415,海康威视,a,cn
2026-04-30,000300,002422,科伦药业,a,cn
2026-04-30,000300,002459,晶澳科技,a,cn
2026-04-30,000300,002460,赣锋锂业,a,cn
2026-04-30,000300,002463,沪电股份,a,cn
2026-04-30,000300,002466,天齐锂业,a,cn
2026-04-30,000300,002475,立讯精密,a,cn
2026-04-30,000300,002493,荣盛石化,a,cn
2026-04-30,000300,002594,比亚迪,a,cn
2026-04-30,000300,002600,领益智造,a,cn
2026-04-30,000300,002601,龙佰集团,a,cn
2026-04-30,000300,002625,光启技术,a,cn
2026-04-30,000300,002648,卫星化学,a,cn
2026-04-30,000300,002709,天赐材料,a,cn
2026-04-30,000300,002714,牧原股份,a,cn
2026-04-30,000300,002736,国信证券,a,cn
2026-04-30,000300,002916,深南电路,a,cn
2026-04-30,000300,002920,德赛西威,a,cn
2026-04-30,000300,002938,鹏鼎控股,a,cn
2026-04-30,000300,003816,中国广核,a,cn
2026-04-30,000300,300014,亿纬锂能,a,cn
2026-04-30,000300,300015,爱尔眼科,a,cn
2026-04-30,000300,300033,同花顺,a,cn
2026-04-30,000300,300059,东方财富,a,cn
2026-04-30,000300,300122,智飞生物,a,cn
2026-04-30,000300,300124,汇川技术,a,cn
2026-04-30,000300,300251,光线传媒,a,cn
2026-04-30,000300,300274,阳光电源,a,cn
2026-04-30,000300,300308,中际旭创,a,cn
2026-04-30,000300,300316,晶盛机电,a,cn
2026-04-30,000300,300347,泰格医药,a,cn
2026-04-30,000300,300394,天孚通信,a,cn
2026-04-30,000300,300408,三环集团,a,cn
2026-04-30,000300,300413,芒果超媒,a,cn
2026-04-30,000300,300418,昆仑万维,a,cn
2026-04-30,000300,300433,蓝思科技,a,cn
2026-04-30,000300,300442,润泽科技,a,cn
2026-04-30,000300,300476,胜宏科技,a,cn
2026-04-30,000300,300498,温氏股份,a,cn
2026-04-30,000300,300502,新易盛,a,cn
2026-04-30,000300,300628,亿联网络,a,cn
2026-04-30,000300,300661,圣邦股份,a,cn
2026-04-30,000300,300750,宁德时代,a,cn
2026-04-30,000300,300759,康龙化成,a,cn
2026-04-30,000300,300760,迈瑞医疗,a,cn
2026-04-30,000300,300782,卓胜微,a,cn
2026-04-30,000300,300803,指南针,a,cn
2026-04-30,000300,300832,新产业,a,cn
2026-04-30,000300,300866,安克创新,a,cn
2026-04-30,000300,300896,爱美客,a,cn
2026-04-30,000300,300979,华利集团,a,cn
2026-04-30,000300,300999,金龙鱼,a,cn
2026-04-30,000300,301236,软通动力,a,cn
2026-04-30,000300,301269,华大九天,a,cn
2026-04-30,000300,302132,中航成飞,a,cn
2026-04-30,000300,600000,浦发银行,a,cn
2026-04-30,000300,600009,上海机场,a,cn
2026-04-30,000300,600010,包钢股份,a,cn
2026-04-30,000300,600011,华能国际,a,cn
2026-04-30,000300,600015,华夏银行,a,cn
2026-04-30,000300,600016,民生银行,a,cn
2026-04-30,000300,600018,上港集团,a,cn
2026-04-30,000300,600019,宝钢股份,a,cn
2026-04-30,000300,600023,浙能电力,a,cn
2026-04-30,000300,600025,华能水电,a,cn
2026-04-30,000300,600026,中远海能,a,cn
2026-04-30,000300,600027,华电国际,a,cn
2026-04-30,000300,600028,中国石化,a,cn
2026-04-30,000300,600029,南方航空,a,cn
2026-04-30,000300,600030,中信证券,a,cn
2026-04-30,000300,600031,三一重工,a,cn
2026-04-30,000300,600036,招商银行,a,cn
2026-04-30,000300,600039,四川路桥,a,cn
2026-04-30,000300,600048,保利发展,a,cn
2026-04-30,000300,600050,中国联通,a,cn
2026-04-30,000300,600061,国投资本,a,cn
2026-04-30,000300,600066,宇通客车,a,cn
2026-04-30,000300,600085,同仁堂,a,cn
2026-04-30,000300,600089,特变电工,a,cn
2026-04-30,000300,600104,上汽集团,a,cn
2026-04-30,000300,600111,北方稀土,a,cn
2026-04-30,000300,600115,中国东航,a,cn
2026-04-30,000300,600150,中国船舶,a,cn
2026-04-30,000300,600160,巨化股份,a,cn
2026-04-30,000300,600161,天坛生物,a,cn
2026-04-30,000300,600176,中国巨石,a,cn
2026-04-30,000300,600183,生益科技,a,cn
2026-04-30,000300,600188,兖矿能源,a,cn
2026-04-30,000300,600196,复星医药,a,cn
2026-04-30,000300,600219,南山铝业,a,cn
2026-04-30,000300,600233,圆通速递,a,cn
2026-04-30,000300,600276,恒瑞医药,a,cn
2026-04-30,000300,600309,万华化学,a,cn
2026-04-30,000300,600346,恒力石化,a,cn
2026-04-30,000300,600362,江西铜业,a,cn
2026-04-30,000300,600372,中航机载,a,cn
2026-04-30,000300,600377,宁沪高速,a,cn
2026-04-30,000300,600406,国电南瑞,a,cn
2026-04-30,000300,600415,小商品城,a,cn
2026-04-30,000300,600426,华鲁恒升,a,cn
2026-04-30,000300,600436,片仔癀,a,cn
2026-04-30,000300,600438,通威股份,a,cn
2026-04-30,000300,600460,士兰微,a,cn
2026-04-30,000300,600482,中国动力,a,cn
2026-04-30,000300,600489,中金黄金,a,cn
2026-04-30,000300,600515,海南机场,a,cn
2026-04-30,000300,600519,贵州茅台,a,cn
2026-04-30,000300,600522,中天科技,a,cn
2026-04-30,000300,600547,山东黄金,a,cn
2026-04-30,000300,600570,恒生电子,a,cn
2026-04-30,000300,600584,长电科技,a,cn
2026-04-30,000300,600585,海螺水泥,a,cn
2026-04-30,000300,600588,用友网络,a,cn
2026-04-30,000300,600600,青岛啤酒,a,cn
2026-04-30,000300,600660,福耀玻璃,a,cn
2026-04-30,000300,600674,川投能源,a,cn
2026-04-30,000300,600690,海尔智家,a,cn
2026-04-30,000300,600741,华域汽车,a,cn
2026-04-30,000300,600760,中航沈飞,a,cn
2026-04-30,000300,600795,国电电力,a,cn
2026-04-30,000300,600803,新奥股份,a,cn
2026-04-30,000300,600809,山西汾酒,a,cn
2026-04-30,000300,600845,宝信软件,a,cn
2026-04-30,000300,600875,东方电气,a,cn
2026-04-30,000300,600886,国投电力,a,cn
2026-04-30,000300,600887,伊利股份,a,cn
2026-04-30,000300,600893,航发动力,a,cn
2026-04-30,000300,600900,长江电力,a,cn
2026-04-30,000300,600905,三峡能源,a,cn
2026-04-30,000300,600918,中泰证券,a,cn
2026-04-30,000300,600919,江苏银行,a,cn
2026-04-30,000300,600926,杭州银行,a,cn
2026-04-30,000300,600930,华电新能,a,cn
2026-04-30,000300,600938,中国海油,a,cn
2026-04-30,000300,600941,中国移动,a,cn
2026-04-30,000300,600958,东方证券,a,cn
2026-04-30,000300,600989,宝丰能源,a,cn
2026-04-30,000300,600999,招商证券,a,cn
2026-04-30,000300,601006,大秦铁路,a,cn
2026-04-30,000300,601009,南京银行,a,cn
2026-04-30,000300,601012,隆基绿能,a,cn
2026-04-30,000300,601018,宁波港,a,cn
2026-04-30,000300,601021,春秋航空,a,cn
2026-04-30,000300,601058,赛轮轮胎,a,cn
2026-04-30,000300,601059,信达证券,a,cn
2026-04-30,000300,601066,中信建投,a,cn
2026-04-30,000300,601077,渝农商行,a,cn
2026-04-30,000300,601088,中国神华,a,cn
2026-04-30,000300,601100,恒立液压,a,cn
2026-04-30,000300,601111,中国国航,a,cn
2026-04-30,000300,601117,中国化学,a,cn
2026-04-30,000300,601127,赛力斯,a,cn
2026-04-30,000300,601136,首创证券,a,cn
2026-04-30,000300,601138,工业富联,a,cn
2026-04-30,000300,601166,兴业银行,a,cn
2026-04-30,000300,601169,北京银行,a,cn
2026-04-30,000300,601186,中国铁建,a,cn
2026-04-30,000300,601211,国泰海通,a,cn
2026-04-30,000300,601225,陕西煤业,a,cn
2026-04-30,000300,601229,上海银行,a,cn
2026-04-30,000300,601236,红塔证券,a,cn
2026-04-30,000300,601238,广汽集团,a,cn
2026-04-30,000300,601288,农业银行,a,cn
2026-04-30,000300,601298,青岛港,a,cn
2026-04-30,000300,601318,中国平安,a,cn
2026-04-30,000300,601319,中国人保,a,cn
2026-04-30,000300,601328,交通银行,a,cn
2026-04-30,000300,601336,新华保险,a,cn
2026-04-30,000300,601360,三六零,a,cn
2026-04-30,000300,601377,兴业证券,a,cn
2026-04-30,000300,601390,中国中铁,a,cn
2026-04-30,000300,601398,工商银行,a,cn
2026-04-30,000300,601456,国联民生,a,cn
2026-04-30,000300,601600,中国铝业,a,cn
2026-04-30,000300,601601,中国太保,a,cn
2026-04-30,000300,601607,上海医药,a,cn
2026-04-30,000300,601618,中国中冶,a,cn
2026-04-30,000300,601628,中国人寿,a,cn
2026-04-30,000300,601633,长城汽车,a,cn
2026-04-30,000300,601658,邮储银行,a,cn
2026-04-30,000300,601668,中国建筑,a,cn
2026-04-30,000300,601669,中国电建,a,cn
2026-04-30,000300,601688,华泰证券,a,cn
2026-04-30,000300,601689,拓普集团,a,cn
2026-04-30,000300,601698,中国卫通,a,cn
2026-04-30,000300,601728,中国电信,a,cn
2026-04-30,000300,601766,中国中车,a,cn
2026-04-30,000300,601788,光大证券,a,cn
2026-04-30,000300,601800,中国交建,a,cn
2026-04-30,000300,601808,中海油服,a,cn
2026-04-30,000300,601816,京沪高铁,a,cn
2026-04-30,000300,601818,光大银行,a,cn
2026-04-30,000300,601825,沪农商行,a,cn
2026-04-30,000300,601838,成都银行,a,cn
2026-04-30,000300,601857,中国石油,a,cn
2026-04-30,000300,601868,中国能建,a,cn
2026-04-30,000300,601872,招商轮船,a,cn
2026-04-30,000300,601877,正泰电器,a,cn
2026-04-30,000300,601878,浙商证券,a,cn
2026-04-30,000300,601881,中国银河,a,cn
2026-04-30,000300,601888,中国中免,a,cn
2026-04-30,000300,601898,中煤能源,a,cn
2026-04-30,000300,601899,紫金矿业,a,cn
2026-04-30,000300,601901,方正证券,a,cn
2026-04-30,000300,601916,浙商银行,a,cn
2026-04-30,000300,601919,中远海控,a,cn
2026-04-30,000300,601939,建设银行,a,cn
2026-04-30,000300,601985,中国核电,a,cn
2026-04-30,000300,601988,中国银行,a,cn
2026-04-30,000300,601995,中金公司,a,cn
2026-04-30,000300,601998,中信银行,a,cn
2026-04-30,000300,603019,中科曙光,a,cn
2026-04-30,000300,603195,公牛集团,a,cn
2026-04-30,000300,603259,药明康德,a,cn
2026-04-30,000300,603260,合盛硅业,a,cn
2026-04-30,000300,603288,海天味业,a,cn
2026-04-30,000300,603296,华勤技术,a,cn
2026-04-30,000300,603369,今世缘,a,cn
2026-04-30,000300,603392,万泰生物,a,cn
2026-04-30,000300,603501,豪威集团,a,cn
2026-04-30,000300,603799,华友钴业,a,cn
2026-04-30,000300,603893,瑞芯微,a,cn
2026-04-30,000300,603986,兆易创新,a,cn
2026-04-30,000300,603993,洛阳钼业,a,cn
2026-04-30,000300,605117,德业股份,a,cn
2026-04-30,000300,605499,东鹏饮料,a,cn
2026-04-30,000300,688008,澜起科技,a,cn
2026-04-30,000300,688009,中国通号,a,cn
2026-04-30,000300,688012,中微公司,a,cn
2026-04-30,000300,688036,传音控股,a,cn
2026-04-30,000300,688041,海光信息,a,cn
2026-04-30,000300,688047,龙芯中科,a,cn
2026-04-30,000300,688082,盛美上海,a,cn
2026-04-30,000300,688111,金山办公,a,cn
2026-04-30,000300,688126,沪硅产业,a,cn
2026-04-30,000300,688169,石头科技,a,cn
2026-04-30,000300,688187,时代电气,a,cn
2026-04-30,000300,688223,晶科能源,a,cn
2026-04-30,000300,688256,寒武纪,a,cn
2026-04-30,000300,688271,联影医疗,a,cn
2026-04-30,000300,688303,大全能源,a,cn
2026-04-30,000300,688396,华润微,a,cn
2026-04-30,000300,688472,阿特斯,a,cn
2026-04-30,000300,688506,百利天恒,a,cn
2026-04-30,000300,688981,中芯国际,a,cn
2026-05-29,000300,000001,平安银行,a,cn
2026-05-29,000300,000002,万科A,a,cn
2026-05-29,000300,000063,中兴通讯,a,cn
2026-05-29,000300,000100,TCL科技,a,cn
2026-05-29,000300,000157,中联重科,a,cn
2026-05-29,000300,000166,申万宏源,a,cn
2026-05-29,000300,000301,东方盛虹,a,cn
2026-05-29,000300,000333,美的集团,a,cn
2026-05-29,000300,000338,潍柴动力,a,cn
2026-05-29,000300,000408,藏格矿业,a,cn
2026-05-29,000300,000425,徐工机械,a,cn
2026-05-29,000300,000538,云南白药,a,cn
2026-05-29,000300,000568,泸州老窖,a,cn
2026-05-29,000300,000596,古井贡酒,a,cn
2026-05-29,000300,000617,中油资本,a,cn
2026-05-29,000300,000625,长安汽车,a,cn
2026-05-29,000300,000630,铜陵有色,a,cn
2026-05-29,000300,000651,格力电器,a,cn
2026-05-29,000300,000661,长春高新,a,cn
2026-05-29,000300,000708,中信特钢,a,cn
2026-05-29,000300,000725,京东方A,a,cn
2026-05-29,000300,000768,中航西飞,a,cn
2026-05-29,000300,000776,广发证券,a,cn
2026-05-29,000300,000786,北新建材,a,cn
2026-05-29,000300,000792,盐湖股份,a,cn
2026-05-29,000300,000807,云铝股份,a,cn
2026-05-29,000300,000858,五粮液,a,cn
2026-05-29,000300,000876,新希望,a,cn
2026-05-29,000300,000895,双汇发展,a,cn
2026-05-29,000300,000938,紫光股份,a,cn
2026-05-29,000300,000963,华东医药,a,cn
2026-05-29,000300,000975,山金国际,a,cn
2026-05-29,000300,000977,浪潮信息,a,cn
2026-05-29,000300,000983,山西焦煤,a,cn
2026-05-29,000300,000999,华润三九,a,cn
2026-05-29,000300,001391,国货航,a,cn
2026-05-29,000300,001965,招商公路,a,cn
2026-05-29,000300,001979,招商蛇口,a,cn
2026-05-29,000300,002001,新和成,a,cn
2026-05-29,000300,002027,分众传媒,a,cn
2026-05-29,000300,002028,思源电气,a,cn
2026-05-29,000300,002049,紫光国微,a,cn
2026-05-29,000300,002050,三花智控,a,cn
2026-05-29,000300,002074,国轩高科,a,cn
2026-05-29,000300,002142,宁波银行,a,cn
2026-05-29,000300,002179,中航光电,a,cn
2026-05-29,000300,002230,科大讯飞,a,cn
2026-05-29,000300,002236,大华股份,a,cn
2026-05-29,000300,002241,歌尔股份,a,cn
2026-05-29,000300,002252,上海莱士,a,cn
2026-05-29,000300,002304,洋河股份,a,cn
2026-05-29,000300,002311,海大集团,a,cn
2026-05-29,000300,002352,顺丰控股,a,cn
2026-05-29,000300,002371,北方华创,a,cn
2026-05-29,000300,002384,东山精密,a,cn
2026-05-29,000300,002415,海康威视,a,cn
2026-05-29,000300,002422,科伦药业,a,cn
2026-05-29,000300,002459,晶澳科技,a,cn
2026-05-29,000300,002460,赣锋锂业,a,cn
2026-05-29,000300,002463,沪电股份,a,cn
2026-05-29,000300,002466,天齐锂业,a,cn
2026-05-29,000300,002475,立讯精密,a,cn
2026-05-29,000300,002493,荣盛石化,a,cn
2026-05-29,000300,002594,比亚迪,a,cn
2026-05-29,000300,002600,领益智造,a,cn
2026-05-29,000300,002601,龙佰集团,a,cn
2026-05-29,000300,002625,光启技术,a,cn
2026-05-29,000300,002648,卫星化学,a,cn
2026-05-29,000300,002709,天赐材料,a,cn
2026-05-29,000300,002714,牧原股份,a,cn
2026-05-29,000300,002736,国信证券,a,cn
2026-05-29,000300,002916,深南电路,a,cn
2026-05-29,000300,002920,德赛西威,a,cn
2026-05-29,000300,002938,鹏鼎控股,a,cn
2026-05-29,000300,003816,中国广核,a,cn
2026-05-29,000300,300014,亿纬锂能,a,cn
2026-05-29,000300,300015,爱尔眼科,a,cn
2026-05-29,000300,300033,同花顺,a,cn
2026-05-29,000300,300059,东方财富,a,cn
2026-05-29,000300,300122,智飞生物,a,cn
2026-05-29,000300,300124,汇川技术,a,cn
2026-05-29,000300,300251,光线传媒,a,cn
2026-05-29,000300,300274,阳光电源,a,cn
2026-05-29,000300,300308,中际旭创,a,cn
2026-05-29,000300,300316,晶盛机电,a,cn
2026-05-29,000300,300347,泰格医药,a,cn
2026-05-29,000300,300394,天孚通信,a,cn
2026-05-29,000300,300408,三环集团,a,cn
2026-05-29,000300,300413,芒果超媒,a,cn
2026-05-29,000300,300418,昆仑万维,a,cn
2026-05-29,000300,300433,蓝思科技,a,cn
2026-05-29,000300,300442,润泽科技,a,cn
2026-05-29,000300,300476,胜宏科技,a,cn
2026-05-29,000300,300498,温氏股份,a,cn
2026-05-29,000300,300502,新易盛,a,cn
2026-05-29,000300,300628,亿联网络,a,cn
2026-05-29,000300,300661,圣邦股份,a,cn
2026-05-29,000300,300750,宁德时代,a,cn
2026-05-29,000300,300759,康龙化成,a,cn
2026-05-29,000300,300760,迈瑞医疗,a,cn
2026-05-29,000300,300782,卓胜微,a,cn
2026-05-29,000300,300803,指南针,a,cn
2026-05-29,000300,300832,新产业,a,cn
2026-05-29,000300,300866,安克创新,a,cn
2026-05-29,000300,300896,爱美客,a,cn
2026-05-29,000300,300979,华利集团,a,cn
2026-05-29,000300,300999,金龙鱼,a,cn
2026-05-29,000300,301236,软通动力,a,cn
2026-05-29,000300,301269,华大九天,a,cn
2026-05-29,000300,302132,中航成飞,a,cn
2026-05-29,000300,600000,浦发银行,a,cn
2026-05-29,000300,600009,上海机场,a,cn
2026-05-29,000300,600010,包钢股份,a,cn
2026-05-29,000300,600011,华能国际,a,cn
2026-05-29,000300,600015,华夏银行,a,cn
2026-05-29,000300,600016,民生银行,a,cn
2026-05-29,000300,600018,上港集团,a,cn
2026-05-29,000300,600019,宝钢股份,a,cn
2026-05-29,000300,600023,浙能电力,a,cn
2026-05-29,000300,600025,华能水电,a,cn
2026-05-29,000300,600026,中远海能,a,cn
2026-05-29,000300,600027,华电国际,a,cn
2026-05-29,000300,600028,中国石化,a,cn
2026-05-29,000300,600029,南方航空,a,cn
2026-05-29,000300,600030,中信证券,a,cn
2026-05-29,000300,600031,三一重工,a,cn
2026-05-29,000300,600036,招商银行,a,cn
2026-05-29,000300,600039,四川路桥,a,cn
2026-05-29,000300,600048,保利发展,a,cn
2026-05-29,000300,600050,中国联通,a,cn
2026-05-29,000300,600061,国投资本,a,cn
2026-05-29,000300,600066,宇通客车,a,cn
2026-05-29,000300,600085,同仁堂,a,cn
2026-05-29,000300,600089,特变电工,a,cn
2026-05-29,000300,600104,上汽集团,a,cn
2026-05-29,000300,600111,北方稀土,a,cn
2026-05-29,000300,600115,中国东航,a,cn
2026-05-29,000300,600150,中国船舶,a,cn
2026-05-29,000300,600160,巨化股份,a,cn
2026-05-29,000300,600161,天坛生物,a,cn
2026-05-29,000300,600176,中国巨石,a,cn
2026-05-29,000300,600183,生益科技,a,cn
2026-05-29,000300,600188,兖矿能源,a,cn
2026-05-29,000300,600196,复星医药,a,cn
2026-05-29,000300,600219,南山铝业,a,cn
2026-05-29,000300,600233,圆通速递,a,cn
2026-05-29,000300,600276,恒瑞医药,a,cn
2026-05-29,000300,600309,万华化学,a,cn
2026-05-29,000300,600346,恒力石化,a,cn
2026-05-29,000300,600362,江西铜业,a,cn
2026-05-29,000300,600372,中航机载,a,cn
2026-05-29,000300,600377,宁沪高速,a,cn
2026-05-29,000300,600406,国电南瑞,a,cn
2026-05-29,000300,600415,小商品城,a,cn
2026-05-29,000300,600426,华鲁恒升,a,cn
2026-05-29,000300,600436,片仔癀,a,cn
2026-05-29,000300,600438,通威股份,a,cn
2026-05-29,000300,600460,士兰微,a,cn
2026-05-29,000300,600482,中国动力,a,cn
2026-05-29,000300,600489,中金黄金,a,cn
2026-05-29,000300,600515,海南机场,a,cn
2026-05-29,000300,600519,贵州茅台,a,cn
2026-05-29,000300,600522,中天科技,a,cn
2026-05-29,000300,600547,山东黄金,a,cn
2026-05-29,000300,600570,恒生电子,a,cn
2026-05-29,000300,600584,长电科技,a,cn
2026-05-29,000300,600585,海螺水泥,a,cn
2026-05-29,000300,600588,用友网络,a,cn
2026-05-29,000300,600600,青岛啤酒,a,cn
2026-05-29,000300,600660,福耀玻璃,a,cn
2026-05-29,000300,600674,川投能源,a,cn
2026-05-29,000300,600690,海尔智家,a,cn
2026-05-29,000300,600741,华域汽车,a,cn
2026-05-29,000300,600760,中航沈飞,a,cn
2026-05-29,000300,600795,国电电力,a,cn
2026-05-29,000300,600803,新奥股份,a,cn
2026-05-29,000300,600809,山西汾酒,a,cn
2026-05-29,000300,600845,宝信软件,a,cn
2026-05-29,000300,600875,东方电气,a,cn
2026-05-29,000300,600886,国投电力,a,cn
2026-05-29,000300,600887,伊利股份,a,cn
2026-05-29,000300,600893,航发动力,a,cn
2026-05-29,000300,600900,长江电力,a,cn
2026-05-29,000300,600905,三峡能源,a,cn
2026-05-29,000300,600918,中泰证券,a,cn
2026-05-29,000300,600919,江苏银行,a,cn
2026-05-29,000300,600926,杭州银行,a,cn
2026-05-29,000300,600930,华电新能,a,cn
2026-05-29,000300,600938,中国海油,a,cn
2026-05-29,000300,600941,中国移动,a,cn
2026-05-29,000300,600958,东方证券,a,cn
2026-05-29,000300,600989,宝丰能源,a,cn
2026-05-29,000300,600999,招商证券,a,cn
2026-05-29,000300,601006,大秦铁路,a,cn
2026-05-29,000300,601009,南京银行,a,cn
2026-05-29,000300,601012,隆基绿能,a,cn
2026-05-29,000300,601018,宁波港,a,cn
2026-05-29,000300,601021,春秋航空,a,cn
2026-05-29,000300,601058,赛轮轮胎,a,cn
2026-05-29,000300,601059,信达证券,a,cn
2026-05-29,000300,601066,中信建投,a,cn
2026-05-29,000300,601077,渝农商行,a,cn
2026-05-29,000300,601088,中国神华,a,cn
2026-05-29,000300,601100,恒立液压,a,cn
2026-05-29,000300,601111,中国国航,a,cn
2026-05-29,000300,601117,中国化学,a,cn
2026-05-29,000300,601127,赛力斯,a,cn
2026-05-29,000300,601136,首创证券,a,cn
2026-05-29,000300,601138,工业富联,a,cn
2026-05-29,000300,601166,兴业银行,a,cn
2026-05-29,000300,601169,北京银行,a,cn
2026-05-29,000300,601186,中国铁建,a,cn
2026-05-29,000300,601211,国泰海通,a,cn
2026-05-29,000300,601225,陕西煤业,a,cn
2026-05-29,000300,601229,上海银行,a,cn
2026-05-29,000300,601236,红塔证券,a,cn
2026-05-29,000300,601238,广汽集团,a,cn
2026-05-29,000300,601288,农业银行,a,cn
2026-05-29,000300,601298,青岛港,a,cn
2026-05-29,000300,601318,中国平安,a,cn
2026-05-29,000300,601319,中国人保,a,cn
2026-05-29,000300,601328,交通银行,a,cn
2026-05-29,000300,601336,新华保险,a,cn
2026-05-29,000300,601360,三六零,a,cn
2026-05-29,000300,601377,兴业证券,a,cn
2026-05-29,000300,601390,中国中铁,a,cn
2026-05-29,000300,601398,工商银行,a,cn
2026-05-29,000300,601456,国联民生,a,cn
2026-05-29,000300,601600,中国铝业,a,cn
2026-05-29,000300,601601,中国太保,a,cn
2026-05-29,000300,601607,上海医药,a,cn
2026-05-29,000300,601618,中国中冶,a,cn
2026-05-29,000300,601628,中国人寿,a,cn
2026-05-29,000300,601633,长城汽车,a,cn
2026-05-29,000300,601658,邮储银行,a,cn
2026-05-29,000300,601668,中国建筑,a,cn
2026-05-29,000300,601669,中国电建,a,cn
2026-05-29,000300,601688,华泰证券,a,cn
2026-05-29,000300,601689,拓普集团,a,cn
2026-05-29,000300,601698,中国卫通,a,cn
2026-05-29,000300,601728,中国电信,a,cn
2026-05-29,000300,601766,中国中车,a,cn
2026-05-29,000300,601788,光大证券,a,cn
2026-05-29,000300,601800,中国交建,a,cn
2026-05-29,000300,601808,中海油服,a,cn
2026-05-29,000300,601816,京沪高铁,a,cn
2026-05-29,000300,601818,光大银行,a,cn
2026-05-29,000300,601825,沪农商行,a,cn
2026-05-29,000300,601838,成都银行,a,cn
2026-05-29,000300,601857,中国石油,a,cn
2026-05-29,000300,601868,中国能建,a,cn
2026-05-29,000300,601872,招商轮船,a,cn
2026-05-29,000300,601877,正泰电器,a,cn
2026-05-29,000300,601878,浙商证券,a,cn
2026-05-29,000300,601881,中国银河,a,cn
2026-05-29,000300,601888,中国中免,a,cn
2026-05-29,000300,601898,中煤能源,a,cn
2026-05-29,000300,601899,紫金矿业,a,cn
2026-05-29,000300,601901,方正证券,a,cn
2026-05-29,000300,601916,浙商银行,a,cn
2026-05-29,000300,601919,中远海控,a,cn
2026-05-29,000300,601939,建设银行,a,cn
2026-05-29,000300,601985,中国核电,a,cn
2026-05-29,000300,601988,中国银行,a,cn
2026-05-29,000300,601995,中金公司,a,cn
2026-05-29,000300,601998,中信银行,a,cn
2026-05-29,000300,603019,中科曙光,a,cn
2026-05-29,000300,603195,公牛集团,a,cn
2026-05-29,000300,603259,药明康德,a,cn
2026-05-29,000300,603260,合盛硅业,a,cn
2026-05-29,000300,603288,海天味业,a,cn
2026-05-29,000300,603296,华勤技术,a,cn
2026-05-29,000300,603369,今世缘,a,cn
2026-05-29,000300,603392,万泰生物,a,cn
2026-05-29,000300,603501,豪威集团,a,cn
2026-05-29,000300,603799,华友钴业,a,cn
2026-05-29,000300,603893,瑞芯微,a,cn
2026-05-29,000300,603986,兆易创新,a,cn
2026-05-29,000300,603993,洛阳钼业,a,cn
2026-05-29,000300,605117,德业股份,a,cn
2026-05-29,000300,605499,东鹏饮料,a,cn
2026-05-29,000300,688008,澜起科技,a,cn
2026-05-29,000300,688009,中国通号,a,cn
2026-05-29,000300,688012,中微公司,a,cn
2026-05-29,000300,688036,传音控股,a,cn
2026-05-29,000300,688041,海光信息,a,cn
2026-05-29,000300,688047,龙芯中科,a,cn
2026-05-29,000300,688082,盛美上海,a,cn
2026-05-29,000300,688111,金山办公,a,cn
2026-05-29,000300,688126,沪硅产业,a,cn
2026-05-29,000300,688169,石头科技,a,cn
2026-05-29,000300,688187,时代电气,a,cn
2026-05-29,000300,688223,晶科能源,a,cn
2026-05-29,000300,688256,寒武纪,a,cn
2026-05-29,000300,688271,联影医疗,a,cn
2026-05-29,000300,688303,大全能源,a,cn
2026-05-29,000300,688396,华润微,a,cn
2026-05-29,000300,688472,阿特斯,a,cn
2026-05-29,000300,688506,百利天恒,a,cn
2026-05-29,000300,688981,中芯国际,a,cn
2026-06-30,000300,000001,平安银行,a,cn
2026-06-30,000300,000002,万科A,a,cn
2026-06-30,000300,000063,中兴通讯,a,cn
2026-06-30,000300,000100,TCL科技,a,cn
2026-06-30,000300,000157,中联重科,a,cn
2026-06-30,000300,000166,申万宏源,a,cn
2026-06-30,000300,000301,东方盛虹,a,cn
2026-06-30,000300,000333,美的集团,a,cn
2026-06-30,000300,000338,潍柴动力,a,cn
2026-06-30,000300,000408,藏格矿业,a,cn
2026-06-30,000300,000425,徐工机械,a,cn
2026-06-30,000300,000538,云南白药,a,cn
2026-06-30,000300,000568,泸州老窖,a,cn
2026-06-30,000300,000596,古井贡酒,a,cn
2026-06-30,000300,000617,中油资本,a,cn
2026-06-30,000300,000625,长安汽车,a,cn
2026-06-30,000300,000630,铜陵有色,a,cn
2026-06-30,000300,000651,格力电器,a,cn
2026-06-30,000300,000657,中钨高新,a,cn
2026-06-30,000300,000708,中信特钢,a,cn
2026-06-30,000300,000725,京东方A,a,cn
2026-06-30,000300,000768,中航西飞,a,cn
2026-06-30,000300,000776,广发证券,a,cn
2026-06-30,000300,000792,盐湖股份,a,cn
2026-06-30,000300,000807,云铝股份,a,cn
2026-06-30,000300,000858,五粮液,a,cn
2026-06-30,000300,000895,双汇发展,a,cn
2026-06-30,000300,000938,紫光股份,a,cn
2026-06-30,000300,000963,华东医药,a,cn
2026-06-30,000300,000975,山金国际,a,cn
2026-06-30,000300,000977,浪潮信息,a,cn
2026-06-30,000300,000988,华工科技,a,cn
2026-06-30,000300,000999,华润三九,a,cn
2026-06-30,000300,001280,中国铀业,a,cn
2026-06-30,000300,001391,国货航,a,cn
2026-06-30,000300,001965,招商公路,a,cn
2026-06-30,000300,001979,招商蛇口,a,cn
2026-06-30,000300,002001,新和成,a,cn
2026-06-30,000300,002027,分众传媒,a,cn
2026-06-30,000300,002028,思源电气,a,cn
2026-06-30,000300,002049,紫光国微,a,cn
2026-06-30,000300,002050,三花智控,a,cn
2026-06-30,000300,002074,国轩高科,a,cn
2026-06-30,000300,002142,宁波银行,a,cn
2026-06-30,000300,002179,中航光电,a,cn
2026-06-30,000300,002202,金风科技,a,cn
2026-06-30,000300,002230,科大讯飞,a,cn
2026-06-30,000300,002236,大华股份,a,cn
2026-06-30,000300,002241,歌尔股份,a,cn
2026-06-30,000300,002304,洋河股份,a,cn
2026-06-30,000300,002311,海大集团,a,cn
2026-06-30,000300,002352,顺丰控股,a,cn
2026-06-30,000300,002353,杰瑞股份,a,cn
2026-06-30,000300,002371,北方华创,a,cn
2026-06-30,000300,002384,东山精密,a,cn
2026-06-30,000300,002415,海康威视,a,cn
2026-06-30,000300,002422,科伦药业,a,cn
2026-06-30,000300,002460,赣锋锂业,a,cn
2026-06-30,000300,002463,沪电股份,a,cn
2026-06-30,000300,002466,天齐锂业,a,cn
2026-06-30,000300,002475,立讯精密,a,cn
2026-06-30,000300,002493,荣盛石化,a,cn
2026-06-30,000300,002532,天山铝业,a,cn
2026-06-30,000300,002558,巨人网络,a,cn
2026-06-30,000300,002594,比亚迪,a,cn
2026-06-30,000300,002600,领益智造,a,cn
2026-06-30,000300,002602,世纪华通,a,cn
2026-06-30,000300,002625,光启技术,a,cn
2026-06-30,000300,002648,卫星化学,a,cn
2026-06-30,000300,002709,天赐材料,a,cn
2026-06-30,000300,002714,牧原股份,a,cn
2026-06-30,000300,002736,国信证券,a,cn
2026-06-30,000300,002837,英维克,a,cn
2026-06-30,000300,002916,深南电路,a,cn
2026-06-30,000300,002920,德赛西威,a,cn
2026-06-30,000300,002938,鹏鼎控股,a,cn
2026-06-30,000300,003816,中国广核,a,cn
2026-06-30,000300,300014,亿纬锂能,a,cn
2026-06-30,000300,300015,爱尔眼科,a,cn
2026-06-30,000300,300033,同花顺,a,cn
2026-06-30,000300,300059,东方财富,a,cn
2026-06-30,000300,300122,智飞生物,a,cn
2026-06-30,000300,300124,汇川技术,a,cn
2026-06-30,000300,300251,光线传媒,a,cn
2026-06-30,000300,300274,阳光电源,a,cn
2026-06-30,000300,300308,中际旭创,a,cn
2026-06-30,000300,300316,晶盛机电,a,cn
2026-06-30,000300,300394,天孚通信,a,cn
2026-06-30,000300,300408,三环集团,a,cn
2026-06-30,000300,300413,芒果超媒,a,cn
2026-06-30,000300,300418,昆仑万维,a,cn
2026-06-30,000300,300433,蓝思科技,a,cn
2026-06-30,000300,300442,润泽科技,a,cn
2026-06-30,000300,300450,先导智能,a,cn
2026-06-30,000300,300476,胜宏科技,a,cn
2026-06-30,000300,300498,温氏股份,a,cn
2026-06-30,000300,300502,新易盛,a,cn
2026-06-30,000300,300628,亿联网络,a,cn
2026-06-30,000300,300661,圣邦股份,a,cn
2026-06-30,000300,300750,宁德时代,a,cn
2026-06-30,000300,300760,迈瑞医疗,a,cn
2026-06-30,000300,300803,指南针,a,cn
2026-06-30,000300,300832,新产业,a,cn
2026-06-30,000300,300866,安克创新,a,cn
2026-06-30,000300,300896,爱美客,a,cn
2026-06-30,000300,300999,金龙鱼,a,cn
2026-06-30,000300,301165,锐捷网络,a,cn
2026-06-30,000300,301236,软通动力,a,cn
2026-06-30,000300,301269,华大九天,a,cn
2026-06-30,000300,301308,江波龙,a,cn
2026-06-30,000300,302132,中航成飞,a,cn
2026-06-30,000300,600000,浦发银行,a,cn
2026-06-30,000300,600009,上海机场,a,cn
2026-06-30,000300,600010,包钢股份,a,cn
2026-06-30,000300,600011,华能国际,a,cn
2026-06-30,000300,600015,华夏银行,a,cn
2026-06-30,000300,600016,民生银行,a,cn
2026-06-30,000300,600018,上港集团,a,cn
2026-06-30,000300,600019,宝钢股份,a,cn
2026-06-30,000300,600023,浙能电力,a,cn
2026-06-30,000300,600025,华能水电,a,cn
2026-06-30,000300,600026,中远海能,a,cn
2026-06-30,000300,600027,华电国际,a,cn
2026-06-30,000300,600028,中国石化,a,cn
2026-06-30,000300,600029,南方航空,a,cn
2026-06-30,000300,600030,中信证券,a,cn
2026-06-30,000300,600031,三一重工,a,cn
2026-06-30,000300,600036,招商银行,a,cn
2026-06-30,000300,600039,四川路桥,a,cn
2026-06-30,000300,600048,保利发展,a,cn
2026-06-30,000300,600050,中国联通,a,cn
2026-06-30,000300,600061,国投资本,a,cn
2026-06-30,000300,600066,宇通客车,a,cn
2026-06-30,000300,600085,同仁堂,a,cn
2026-06-30,000300,600089,特变电工,a,cn
2026-06-30,000300,600104,上汽集团,a,cn
2026-06-30,000300,600111,北方稀土,a,cn
2026-06-30,000300,600115,中国东航,a,cn
2026-06-30,000300,600118,中国卫星,a,cn
2026-06-30,000300,600150,中国船舶,a,cn
2026-06-30,000300,600160,巨化股份,a,cn
2026-06-30,000300,600176,中国巨石,a,cn
2026-06-30,000300,600183,生益科技,a,cn
2026-06-30,000300,600188,兖矿能源,a,cn
2026-06-30,000300,600196,复星医药,a,cn
2026-06-30,000300,600219,南山铝业,a,cn
2026-06-30,000300,600221,海航控股,a,cn
2026-06-30,000300,600233,圆通速递,a,cn
2026-06-30,000300,600276,恒瑞医药,a,cn
2026-06-30,000300,600309,万华化学,a,cn
2026-06-30,000300,600346,恒力石化,a,cn
2026-06-30,000300,600362,江西铜业,a,cn
2026-06-30,000300,600372,中航机载,a,cn
2026-06-30,000300,600406,国电南瑞,a,cn
2026-06-30,000300,600415,小商品城,a,cn
2026-06-30,000300,600426,华鲁恒升,a,cn
2026-06-30,000300,600436,片仔癀,a,cn
2026-06-30,000300,600438,通威股份,a,cn
2026-06-30,000300,600460,士兰微,a,cn
2026-06-30,000300,600482,中国动力,a,cn
2026-06-30,000300,600489,中金黄金,a,cn
2026-06-30,000300,600515,海南机场,a,cn
2026-06-30,000300,600519,贵州茅台,a,cn
2026-06-30,000300,600522,中天科技,a,cn
2026-06-30,000300,600547,山东黄金,a,cn
2026-06-30,000300,600549,厦门钨业,a,cn
2026-06-30,000300,600570,恒生电子,a,cn
2026-06-30,000300,600584,长电科技,a,cn
2026-06-30,000300,600585,海螺水泥,a,cn
2026-06-30,000300,600588,用友网络,a,cn
2026-06-30,000300,600600,青岛啤酒,a,cn
2026-06-30,000300,600660,福耀玻璃,a,cn
2026-06-30,000300,600674,川投能源,a,cn
2026-06-30,000300,600690,海尔智家,a,cn
2026-06-30,000300,600741,华域汽车,a,cn
2026-06-30,000300,600760,中航沈飞,a,cn
2026-06-30,000300,600795,国电电力,a,cn
2026-06-30,000300,600803,新奥股份,a,cn
2026-06-30,000300,600809,山西汾酒,a,cn
2026-06-30,000300,600845,宝信软件,a,cn
2026-06-30,000300,600875,东方电气,a,cn
2026-06-30,000300,600886,国投电力,a,cn
2026-06-30,000300,600887,伊利股份,a,cn
2026-06-30,000300,600893,航发动力,a,cn
2026-06-30,000300,600900,长江电力,a,cn
2026-06-30,000300,600905,三峡能源,a,cn
2026-06-30,000300,600918,中泰证券,a,cn
2026-06-30,000300,600919,江苏银行,a,cn
2026-06-30,000300,600926,杭州银行,a,cn
2026-06-30,000300,600930,华电新能,a,cn
2026-06-30,000300,600938,中国海油,a,cn
2026-06-30,000300,600941,中国移动,a,cn
2026-06-30,000300,600958,东方证券,a,cn
2026-06-30,000300,600989,宝丰能源,a,cn
2026-06-30,000300,600999,招商证券,a,cn
2026-06-30,000300,601006,大秦铁路,a,cn
2026-06-30,000300,601009,南京银行,a,cn
2026-06-30,000300,601012,隆基绿能,a,cn
2026-06-30,000300,601018,宁波港,a,cn
2026-06-30,000300,601021,春秋航空,a,cn
2026-06-30,000300,601058,赛轮轮胎,a,cn
2026-06-30,000300,601059,信达证券,a,cn
2026-06-30,000300,601066,中信建投,a,cn
2026-06-30,000300,601077,渝农商行,a,cn
2026-06-30,000300,601088,中国神华,a,cn
2026-06-30,000300,601100,恒立液压,a,cn
2026-06-30,000300,601111,中国国航,a,cn
2026-06-30,000300,601117,中国化学,a,cn
2026-06-30,000300,601127,赛力斯,a,cn
2026-06-30,000300,601136,首创证券,a,cn
2026-06-30,000300,601138,工业富联,a,cn
2026-06-30,000300,601166,兴业银行,a,cn
2026-06-30,000300,601169,北京银行,a,cn
2026-06-30,000300,601186,中国铁建,a,cn
2026-06-30,000300,601211,国泰海通,a,cn
2026-06-30,000300,601225,陕西煤业,a,cn
2026-06-30,000300,601229,上海银行,a,cn
2026-06-30,000300,601238,广汽集团,a,cn
2026-06-30,000300,601288,农业银行,a,cn
2026-06-30,000300,601318,中国平安,a,cn
2026-06-30,000300,601319,中国人保,a,cn
2026-06-30,000300,601328,交通银行,a,cn
2026-06-30,000300,601336,新华保险,a,cn
2026-06-30,000300,601360,三六零,a,cn
2026-06-30,000300,601377,兴业证券,a,cn
2026-06-30,000300,601390,中国中铁,a,cn
2026-06-30,000300,601398,工商银行,a,cn
2026-06-30,000300,601456,国联民生,a,cn
2026-06-30,000300,601600,中国铝业,a,cn
2026-06-30,000300,601601,中国太保,a,cn
2026-06-30,000300,601607,上海医药,a,cn
2026-06-30,000300,601618,中国中冶,a,cn
2026-06-30,000300,601628,中国人寿,a,cn
2026-06-30,000300,601633,长城汽车,a,cn
2026-06-30,000300,601658,邮储银行,a,cn
2026-06-30,000300,601668,中国建筑,a,cn
2026-06-30,000300,601669,中国电建,a,cn
2026-06-30,000300,601688,华泰证券,a,cn
2026-06-30,000300,601689,拓普集团,a,cn
2026-06-30,000300,601698,中国卫通,a,cn
2026-06-30,000300,601727,上海电气,a,cn
2026-06-30,000300,601728,中国电信,a,cn
2026-06-30,000300,601766,中国中车,a,cn
2026-06-30,000300,601788,光大证券,a,cn
2026-06-30,000300,601800,中国交建,a,cn
2026-06-30,000300,601816,京沪高铁,a,cn
2026-06-30,000300,601818,光大银行,a,cn
2026-06-30,000300,601825,沪农商行,a,cn
2026-06-30,000300,601838,成都银行,a,cn
2026-06-30,000300,601857,中国石油,a,cn
2026-06-30,000300,601868,中国能建,a,cn
2026-06-30,000300,601872,招商轮船,a,cn
2026-06-30,000300,601877,正泰电器,a,cn
2026-06-30,000300,601878,浙商证券,a,cn
2026-06-30,000300,601881,中国银河,a,cn
2026-06-30,000300,601888,中国中免,a,cn
2026-06-30,000300,601898,中煤能源,a,cn
2026-06-30,000300,601899,紫金矿业,a,cn
2026-06-30,000300,601901,方正证券,a,cn
2026-06-30,000300,601916,浙商银行,a,cn
2026-06-30,000300,601919,中远海控,a,cn
2026-06-30,000300,601939,建设银行,a,cn
2026-06-30,000300,601985,中国核电,a,cn
2026-06-30,000300,601988,中国银行,a,cn
2026-06-30,000300,601995,中金公司,a,cn
2026-06-30,000300,601998,中信银行,a,cn
2026-06-30,000300,603019,中科曙光,a,cn
2026-06-30,000300,603259,药明康德,a,cn
2026-06-30,000300,603260,合盛硅业,a,cn
2026-06-30,000300,603288,海天味业,a,cn
2026-06-30,000300,603296,华勤技术,a,cn
2026-06-30,000300,603369,今世缘,a,cn
2026-06-30,000300,603392,万泰生物,a,cn
2026-06-30,000300,603501,豪威集团,a,cn
2026-06-30,000300,603799,华友钴业,a,cn
2026-06-30,000300,603893,瑞芯微,a,cn
2026-06-30,000300,603986,兆易创新,a,cn
2026-06-30,000300,603993,洛阳钼业,a,cn
2026-06-30,000300,605117,德业股份,a,cn
2026-06-30,000300,605499,东鹏饮料,a,cn
2026-06-30,000300,688008,澜起科技,a,cn
2026-06-30,000300,688009,中国通号,a,cn
2026-06-30,000300,688012,中微公司,a,cn
2026-06-30,000300,688036,传音控股,a,cn
2026-06-30,000300,688041,海光信息,a,cn
2026-06-30,000300,688047,龙芯中科,a,cn
2026-06-30,000300,688072,拓荆科技,a,cn
2026-06-30,000300,688082,盛美上海,a,cn
2026-06-30,000300,688111,金山办公,a,cn
2026-06-30,000300,688126,沪硅产业,a,cn
2026-06-30,000300,688183,生益电子,a,cn
2026-06-30,000300,688223,晶科能源,a,cn
2026-06-30,000300,688256,寒武纪,a,cn
2026-06-30,000300,688271,联影医疗,a,cn
2026-06-30,000300,688303,大全能源,a,cn
2026-06-30,000300,688396,华润微,a,cn
2026-06-30,000300,688472,阿特斯,a,cn
2026-06-30,000300,688506,百利天恒,a,cn
2026-06-30,000300,688521,芯原股份,a,cn
2026-06-30,000300,688981,中芯国际,a,cn
